case,prompt,decoder_stage,is_final_output,model_output_list_index,internal_stage_index,encoder_skip_index,upsampling_order,raw_shape,aligned_shape,interpolation,probability_shape,probability_map_semantics,valid_mask_source,gt_interpolation,region,threshold,voxel_count,mean,std,min,p05,p25,median,p75,p95,max
CYST_PA19,liver,D1,False,4,0,4,1,"[12, 12, 12]","[27, 458, 484]",none_same_size,"[27, 458, 484]",patch_upsampled_then_sliding_window_fused_full_volume,predictor_crop_to_nonzero_bbox,nearest,gt_foreground,0.5,272203,0.4326027035713196,0.12662002444267273,0.13143567740917206,0.25401726365089417,0.3340681791305542,0.42004215717315674,0.5143752098083496,0.6747000813484192,0.7912645936012268
CYST_PA19,liver,D1,False,4,0,4,1,"[12, 12, 12]","[27, 458, 484]",none_same_size,"[27, 458, 484]",patch_upsampled_then_sliding_window_fused_full_volume,predictor_crop_to_nonzero_bbox,nearest,gt_background_valid,0.5,5712941,0.49962759017944336,0.10915612429380417,0.12249241769313812,0.34487485885620117,0.42369958758354187,0.48812785744667053,0.5588030815124512,0.7138103246688843,0.8704429864883423
CYST_PA19,liver,D1,False,4,0,4,1,"[12, 12, 12]","[27, 458, 484]",none_same_size,"[27, 458, 484]",patch_upsampled_then_sliding_window_fused_full_volume,predictor_crop_to_nonzero_bbox,nearest,gt_background_all,0.5,5712941,0.49962759017944336,0.10915612429380417,0.12249241769313812,0.34487485885620117,0.42369958758354187,0.48812785744667053,0.5588030815124512,0.7138103246688843,0.8704429864883423
CYST_PA19,liver,D1,False,4,0,4,1,"[12, 12, 12]","[27, 458, 484]",none_same_size,"[27, 458, 484]",patch_upsampled_then_sliding_window_fused_full_volume,predictor_crop_to_nonzero_bbox,nearest,d5_false_negative,0.5,32208,0.5285857319831848,0.15306083858013153,0.13143567740917206,0.27690407633781433,0.4029140770435333,0.5379301309585571,0.6622019410133362,0.7422240376472473,0.7842720150947571
CYST_PA19,liver,D2,False,3,1,3,2,"[24, 24, 24]","[27, 458, 484]",none_same_size,"[27, 458, 484]",patch_upsampled_then_sliding_window_fused_full_volume,predictor_crop_to_nonzero_bbox,nearest,gt_foreground,0.5,272203,0.6678001880645752,0.43934571743011475,6.81033295739404e-39,2.987061292758497e-11,0.047677524387836456,0.9936808347702026,0.9999876022338867,1.0,1.0
CYST_PA19,liver,D2,False,3,1,3,2,"[24, 24, 24]","[27, 458, 484]",none_same_size,"[27, 458, 484]",patch_upsampled_then_sliding_window_fused_full_volume,predictor_crop_to_nonzero_bbox,nearest,gt_background_valid,0.5,5712941,0.005405795760452747,0.06682607531547546,0.0,1.018899135330112e-37,3.3776247540955897e-26,1.2681198363260174e-19,1.5239181173475752e-13,8.699195319650244e-08,1.0
CYST_PA19,liver,D2,False,3,1,3,2,"[24, 24, 24]","[27, 458, 484]",none_same_size,"[27, 458, 484]",patch_upsampled_then_sliding_window_fused_full_volume,predictor_crop_to_nonzero_bbox,nearest,gt_background_all,0.5,5712941,0.005405795760452747,0.06682607531547546,0.0,1.018899135330112e-37,3.3776247540955897e-26,1.2681198363260174e-19,1.5239181173475752e-13,8.699195319650244e-08,1.0
CYST_PA19,liver,D2,False,3,1,3,2,"[24, 24, 24]","[27, 458, 484]",none_same_size,"[27, 458, 484]",patch_upsampled_then_sliding_window_fused_full_volume,predictor_crop_to_nonzero_bbox,nearest,d5_false_negative,0.5,32208,0.02313203550875187,0.1301955282688141,6.81033295739404e-39,3.4892479655164304e-28,1.7575031511671166e-19,4.3434734919856055e-08,0.00011439531954238191,0.02376483753323555,0.9999991655349731
CYST_PA19,liver,D3,False,2,2,2,3,"[48, 48, 48]","[27, 458, 484]",none_same_size,"[27, 458, 484]",patch_upsampled_then_sliding_window_fused_full_volume,predictor_crop_to_nonzero_bbox,nearest,gt_foreground,0.5,272203,0.8006717562675476,0.36683788895606995,0.0,1.8573326769910636e-06,0.8838796615600586,0.9995260238647461,0.999991774559021,0.9999998807907104,1.0
CYST_PA19,liver,D3,False,2,2,2,3,"[48, 48, 48]","[27, 458, 484]",none_same_size,"[27, 458, 484]",patch_upsampled_then_sliding_window_fused_full_volume,predictor_crop_to_nonzero_bbox,nearest,gt_background_valid,0.5,5712941,0.006047331262379885,0.07031851261854172,0.0,2.322086693471213e-34,5.158908184023725e-21,2.3283583394650975e-11,4.047199908541188e-08,5.917949238209985e-06,1.0
CYST_PA19,liver,D3,False,2,2,2,3,"[48, 48, 48]","[27, 458, 484]",none_same_size,"[27, 458, 484]",patch_upsampled_then_sliding_window_fused_full_volume,predictor_crop_to_nonzero_bbox,nearest,gt_background_all,0.5,5712941,0.006047331262379885,0.07031851261854172,0.0,2.322086693471213e-34,5.158908184023725e-21,2.3283583394650975e-11,4.047199908541188e-08,5.917949238209985e-06,1.0
CYST_PA19,liver,D3,False,2,2,2,3,"[48, 48, 48]","[27, 458, 484]",none_same_size,"[27, 458, 484]",patch_upsampled_then_sliding_window_fused_full_volume,predictor_crop_to_nonzero_bbox,nearest,d5_false_negative,0.5,32208,0.08021678030490875,0.23258794844150543,0.0,3.8908308007837475e-24,2.8339190369375267e-11,1.648653415031731e-05,0.005072041414678097,0.8207888007164001,0.9999961853027344
CYST_PA19,liver,D4,False,1,3,1,4,"[96, 96, 96]","[27, 458, 484]",none_same_size,"[27, 458, 484]",patch_upsampled_then_sliding_window_fused_full_volume,predictor_crop_to_nonzero_bbox,nearest,gt_foreground,0.5,272203,0.8443835973739624,0.3354300856590271,4.015342626572858e-35,1.80139049916761e-05,0.980789303779602,0.9997363686561584,0.9999781847000122,0.9999971389770508,1.0
CYST_PA19,liver,D4,False,1,3,1,4,"[96, 96, 96]","[27, 458, 484]",none_same_size,"[27, 458, 484]",patch_upsampled_then_sliding_window_fused_full_volume,predictor_crop_to_nonzero_bbox,nearest,gt_background_valid,0.5,5712941,0.006006088573485613,0.06957186758518219,0.0,2.58834334903424e-25,2.506029692513103e-18,8.43008240991594e-09,6.217687200660293e-07,2.2436848666984588e-05,0.9999953508377075
CYST_PA19,liver,D4,False,1,3,1,4,"[96, 96, 96]","[27, 458, 484]",none_same_size,"[27, 458, 484]",patch_upsampled_then_sliding_window_fused_full_volume,predictor_crop_to_nonzero_bbox,nearest,gt_background_all,0.5,5712941,0.006006088573485613,0.06957186758518219,0.0,2.58834334903424e-25,2.506029692513103e-18,8.43008240991594e-09,6.217687200660293e-07,2.2436848666984588e-05,0.9999953508377075
CYST_PA19,liver,D4,False,1,3,1,4,"[96, 96, 96]","[27, 458, 484]",none_same_size,"[27, 458, 484]",patch_upsampled_then_sliding_window_fused_full_volume,predictor_crop_to_nonzero_bbox,nearest,d5_false_negative,0.5,32208,0.09040377289056778,0.2300092726945877,4.015342626572858e-35,1.091300028376063e-19,3.6503313705082974e-09,0.00011854384501930326,0.011489174328744411,0.7832877039909363,0.9995877146720886
CYST_PA19,liver,D5,True,0,4,0,5,"[192, 192, 192]","[27, 458, 484]",none_same_size,"[27, 458, 484]",final_output_sliding_window_fused_full_volume,predictor_crop_to_nonzero_bbox,nearest,gt_foreground,0.5,272203,0.8758531212806702,0.3052864074707031,3.728594318537782e-32,7.528162677772343e-05,0.990520179271698,0.9991082549095154,0.9997736811637878,0.9999384880065918,0.999997615814209
CYST_PA19,liver,D5,True,0,4,0,5,"[192, 192, 192]","[27, 458, 484]",none_same_size,"[27, 458, 484]",final_output_sliding_window_fused_full_volume,predictor_crop_to_nonzero_bbox,nearest,gt_background_valid,0.5,5712941,0.005148628260940313,0.06478209793567657,0.0,9.566442241905346e-25,3.522009316797684e-18,3.356865718728841e-08,2.0169748040643753e-06,5.232916009845212e-05,0.9999750852584839
CYST_PA19,liver,D5,True,0,4,0,5,"[192, 192, 192]","[27, 458, 484]",none_same_size,"[27, 458, 484]",final_output_sliding_window_fused_full_volume,predictor_crop_to_nonzero_bbox,nearest,gt_background_all,0.5,5712941,0.005148628260940313,0.06478209793567657,0.0,9.566442241905346e-25,3.522009316797684e-18,3.356865718728841e-08,2.0169748040643753e-06,5.232916009845212e-05,0.9999750852584839
CYST_PA19,liver,D5,True,0,4,0,5,"[192, 192, 192]","[27, 458, 484]",none_same_size,"[27, 458, 484]",final_output_sliding_window_fused_full_volume,predictor_crop_to_nonzero_bbox,nearest,d5_false_negative,0.5,32208,0.06274717301130295,0.12155995517969131,3.728594318537782e-32,8.444084686067921e-18,4.2715928572079065e-08,0.0003528660745359957,0.055013325065374374,0.38204801082611084,0.4998474717140198
CYST_PA20,liver,D1,False,4,0,4,1,"[12, 12, 12]","[23, 297, 432]",none_same_size,"[23, 297, 432]",patch_upsampled_then_sliding_window_fused_full_volume,predictor_crop_to_nonzero_bbox,nearest,gt_foreground,0.5,244817,0.46398529410362244,0.11460444331169128,0.12869282066822052,0.2758732736110687,0.39096418023109436,0.45581188797950745,0.5450395345687866,0.659278392791748,0.8245528936386108
CYST_PA20,liver,D1,False,4,0,4,1,"[12, 12, 12]","[23, 297, 432]",none_same_size,"[23, 297, 432]",patch_upsampled_then_sliding_window_fused_full_volume,predictor_crop_to_nonzero_bbox,nearest,gt_background_valid,0.5,2706175,0.5383697748184204,0.1147068589925766,0.09754367172718048,0.3781457245349884,0.46882879734039307,0.5309359431266785,0.5961058735847473,0.7544567584991455,0.9535820484161377
CYST_PA20,liver,D1,False,4,0,4,1,"[12, 12, 12]","[23, 297, 432]",none_same_size,"[23, 297, 432]",patch_upsampled_then_sliding_window_fused_full_volume,predictor_crop_to_nonzero_bbox,nearest,gt_background_all,0.5,2706175,0.5383697748184204,0.1147068589925766,0.09754367172718048,0.3781457245349884,0.46882879734039307,0.5309359431266785,0.5961058735847473,0.7544567584991455,0.9535820484161377
CYST_PA20,liver,D1,False,4,0,4,1,"[12, 12, 12]","[23, 297, 432]",none_same_size,"[23, 297, 432]",patch_upsampled_then_sliding_window_fused_full_volume,predictor_crop_to_nonzero_bbox,nearest,d5_false_negative,0.5,27342,0.4908210337162018,0.1412913054227829,0.15279285609722137,0.2412528097629547,0.3882485628128052,0.5002368092536926,0.6077211499214172,0.6929072737693787,0.8220222592353821
CYST_PA20,liver,D2,False,3,1,3,2,"[24, 24, 24]","[23, 297, 432]",none_same_size,"[23, 297, 432]",patch_upsampled_then_sliding_window_fused_full_volume,predictor_crop_to_nonzero_bbox,nearest,gt_foreground,0.5,244817,0.6891666650772095,0.41533833742141724,1.3694968950020144e-19,1.1265236935287248e-05,0.2042100578546524,0.9847866892814636,0.9998998641967773,0.9999997615814209,1.0
CYST_PA20,liver,D2,False,3,1,3,2,"[24, 24, 24]","[23, 297, 432]",none_same_size,"[23, 297, 432]",patch_upsampled_then_sliding_window_fused_full_volume,predictor_crop_to_nonzero_bbox,nearest,gt_background_valid,0.5,2706175,0.012742320075631142,0.1035105437040329,0.0,5.441769600804013e-31,1.4906725872726954e-22,4.992987495232877e-18,2.379990464689702e-14,1.1596555850701407e-05,0.9999998807907104
CYST_PA20,liver,D2,False,3,1,3,2,"[24, 24, 24]","[23, 297, 432]",none_same_size,"[23, 297, 432]",patch_upsampled_then_sliding_window_fused_full_volume,predictor_crop_to_nonzero_bbox,nearest,gt_background_all,0.5,2706175,0.012742320075631142,0.1035105437040329,0.0,5.441769600804013e-31,1.4906725872726954e-22,4.992987495232877e-18,2.379990464689702e-14,1.1596555850701407e-05,0.9999998807907104
CYST_PA20,liver,D2,False,3,1,3,2,"[24, 24, 24]","[23, 297, 432]",none_same_size,"[23, 297, 432]",patch_upsampled_then_sliding_window_fused_full_volume,predictor_crop_to_nonzero_bbox,nearest,d5_false_negative,0.5,27342,0.11133646219968796,0.25947457551956177,1.3694968950020144e-19,5.732409338876643e-12,1.3229333717390546e-07,0.0006025552283972502,0.030481744557619095,0.9001127481460571,0.9999847412109375
CYST_PA20,liver,D3,False,2,2,2,3,"[48, 48, 48]","[23, 297, 432]",none_same_size,"[23, 297, 432]",patch_upsampled_then_sliding_window_fused_full_volume,predictor_crop_to_nonzero_bbox,nearest,gt_foreground,0.5,244817,0.8002356886863708,0.34548041224479675,8.871452877867725e-11,0.0034023886546492577,0.793348491191864,0.9965259432792664,0.9998947381973267,0.9999948740005493,0.9999998807907104
CYST_PA20,liver,D3,False,2,2,2,3,"[48, 48, 48]","[23, 297, 432]",none_same_size,"[23, 297, 432]",patch_upsampled_then_sliding_window_fused_full_volume,predictor_crop_to_nonzero_bbox,nearest,gt_background_valid,0.5,2706175,0.017345638945698738,0.11863991618156433,2.3112721270765485e-32,1.4364695732973703e-20,1.305814180743714e-13,7.525791656526337e-10,2.80382835171622e-07,0.0008885606657713652,0.9999997615814209
CYST_PA20,liver,D3,False,2,2,2,3,"[48, 48, 48]","[23, 297, 432]",none_same_size,"[23, 297, 432]",patch_upsampled_then_sliding_window_fused_full_volume,predictor_crop_to_nonzero_bbox,nearest,gt_background_all,0.5,2706175,0.017345638945698738,0.11863991618156433,2.3112721270765485e-32,1.4364695732973703e-20,1.305814180743714e-13,7.525791656526337e-10,2.80382835171622e-07,0.0008885606657713652,0.9999997615814209
CYST_PA20,liver,D3,False,2,2,2,3,"[48, 48, 48]","[23, 297, 432]",none_same_size,"[23, 297, 432]",patch_upsampled_then_sliding_window_fused_full_volume,predictor_crop_to_nonzero_bbox,nearest,d5_false_negative,0.5,27342,0.14876803755760193,0.2527465224266052,8.871452877867725e-11,1.5062646241403854e-07,0.000123050223919563,0.012416983023285866,0.1752060353755951,0.7874314785003662,0.9994819760322571
CYST_PA20,liver,D4,False,1,3,1,4,"[96, 96, 96]","[23, 297, 432]",none_same_size,"[23, 297, 432]",patch_upsampled_then_sliding_window_fused_full_volume,predictor_crop_to_nonzero_bbox,nearest,gt_foreground,0.5,244817,0.8517839312553406,0.31120041012763977,2.0190380922713302e-08,0.006951289251446724,0.9499679207801819,0.9986609220504761,0.9999054670333862,0.9999901056289673,0.9999997615814209
CYST_PA20,liver,D4,False,1,3,1,4,"[96, 96, 96]","[23, 297, 432]",none_same_size,"[23, 297, 432]",patch_upsampled_then_sliding_window_fused_full_volume,predictor_crop_to_nonzero_bbox,nearest,gt_background_valid,0.5,2706175,0.01789187081158161,0.11939490586519241,1.3466166266104102e-24,4.203187971963231e-15,3.933467093708565e-11,6.021310383630407e-08,2.1895139070693403e-06,0.002648277673870325,0.9999992847442627
CYST_PA20,liver,D4,False,1,3,1,4,"[96, 96, 96]","[23, 297, 432]",none_same_size,"[23, 297, 432]",patch_upsampled_then_sliding_window_fused_full_volume,predictor_crop_to_nonzero_bbox,nearest,gt_background_all,0.5,2706175,0.01789187081158161,0.11939490586519241,1.3466166266104102e-24,4.203187971963231e-15,3.933467093708565e-11,6.021310383630407e-08,2.1895139070693403e-06,0.002648277673870325,0.9999992847442627
CYST_PA20,liver,D4,False,1,3,1,4,"[96, 96, 96]","[23, 297, 432]",none_same_size,"[23, 297, 432]",patch_upsampled_then_sliding_window_fused_full_volume,predictor_crop_to_nonzero_bbox,nearest,d5_false_negative,0.5,27342,0.1836860626935959,0.26826655864715576,2.0190380922713302e-08,2.776281689875759e-06,0.0006043731118552387,0.02736690640449524,0.2839609384536743,0.8136565089225769,0.9952860474586487
CYST_PA20,liver,D5,True,0,4,0,5,"[192, 192, 192]","[23, 297, 432]",none_same_size,"[23, 297, 432]",final_output_sliding_window_fused_full_volume,predictor_crop_to_nonzero_bbox,nearest,gt_foreground,0.5,244817,0.8812858462333679,0.2850562334060669,3.253536107195032e-08,0.0209858026355505,0.9799168109893799,0.9981611371040344,0.999601423740387,0.9998987913131714,0.9999903440475464
CYST_PA20,liver,D5,True,0,4,0,5,"[192, 192, 192]","[23, 297, 432]",none_same_size,"[23, 297, 432]",final_output_sliding_window_fused_full_volume,predictor_crop_to_nonzero_bbox,nearest,gt_background_valid,0.5,2706175,0.018205342814326286,0.12178241461515427,1.7374513140887067e-27,1.6517186517172114e-14,9.5567165292465e-11,1.3831055412083515e-07,4.284643637220142e-06,0.002730243606492877,0.9999921321868896
CYST_PA20,liver,D5,True,0,4,0,5,"[192, 192, 192]","[23, 297, 432]",none_same_size,"[23, 297, 432]",final_output_sliding_window_fused_full_volume,predictor_crop_to_nonzero_bbox,nearest,gt_background_all,0.5,2706175,0.018205342814326286,0.12178241461515427,1.7374513140887067e-27,1.6517186517172114e-14,9.5567165292465e-11,1.3831055412083515e-07,4.284643637220142e-06,0.002730243606492877,0.9999921321868896
CYST_PA20,liver,D5,True,0,4,0,5,"[192, 192, 192]","[23, 297, 432]",none_same_size,"[23, 297, 432]",final_output_sliding_window_fused_full_volume,predictor_crop_to_nonzero_bbox,nearest,d5_false_negative,0.5,27342,0.10804537683725357,0.14163710176944733,3.253536107195032e-08,6.8599829319282435e-06,0.001074642175808549,0.03230150789022446,0.1787390410900116,0.42542481422424316,0.4998849928379059
CYST_PA37,liver,D1,False,4,0,4,1,"[12, 12, 12]","[27, 451, 471]",none_same_size,"[27, 451, 471]",patch_upsampled_then_sliding_window_fused_full_volume,predictor_crop_to_nonzero_bbox,nearest,gt_foreground,0.5,252346,0.483732670545578,0.10669353604316711,0.1622782051563263,0.29870206117630005,0.4087527394294739,0.49745869636535645,0.5586166381835938,0.6459125280380249,0.7851278185844421
CYST_PA37,liver,D1,False,4,0,4,1,"[12, 12, 12]","[27, 451, 471]",none_same_size,"[27, 451, 471]",patch_upsampled_then_sliding_window_fused_full_volume,predictor_crop_to_nonzero_bbox,nearest,gt_background_valid,0.5,5483021,0.518999457359314,0.10835214704275131,0.16186125576496124,0.3653969466686249,0.44373688101768494,0.5059025287628174,0.5817399024963379,0.7180278301239014,0.9688016176223755
CYST_PA37,liver,D1,False,4,0,4,1,"[12, 12, 12]","[27, 451, 471]",none_same_size,"[27, 451, 471]",patch_upsampled_then_sliding_window_fused_full_volume,predictor_crop_to_nonzero_bbox,nearest,gt_background_all,0.5,5483021,0.518999457359314,0.10835214704275131,0.16186125576496124,0.3653969466686249,0.44373688101768494,0.5059025287628174,0.5817399024963379,0.7180278301239014,0.9688016176223755
CYST_PA37,liver,D1,False,4,0,4,1,"[12, 12, 12]","[27, 451, 471]",none_same_size,"[27, 451, 471]",patch_upsampled_then_sliding_window_fused_full_volume,predictor_crop_to_nonzero_bbox,nearest,d5_false_negative,0.5,18248,0.434741735458374,0.09400460124015808,0.17471224069595337,0.2788485884666443,0.3622153401374817,0.4414406418800354,0.5019559860229492,0.5780542492866516,0.7785983085632324
CYST_PA37,liver,D2,False,3,1,3,2,"[24, 24, 24]","[27, 451, 471]",none_same_size,"[27, 451, 471]",patch_upsampled_then_sliding_window_fused_full_volume,predictor_crop_to_nonzero_bbox,nearest,gt_foreground,0.5,252346,0.6709122657775879,0.42664864659309387,6.137835787447523e-15,2.53494590651826e-06,0.11117468774318695,0.9795437455177307,0.9999271631240845,1.0,1.0
CYST_PA37,liver,D2,False,3,1,3,2,"[24, 24, 24]","[27, 451, 471]",none_same_size,"[27, 451, 471]",patch_upsampled_then_sliding_window_fused_full_volume,predictor_crop_to_nonzero_bbox,nearest,gt_background_valid,0.5,5483021,0.0073459567502141,0.07854340225458145,0.0,0.0,1.060871426475866e-28,5.624540590850755e-21,1.4148068397986779e-14,4.417426424652149e-08,1.0
CYST_PA37,liver,D2,False,3,1,3,2,"[24, 24, 24]","[27, 451, 471]",none_same_size,"[27, 451, 471]",patch_upsampled_then_sliding_window_fused_full_volume,predictor_crop_to_nonzero_bbox,nearest,gt_background_all,0.5,5483021,0.0073459567502141,0.07854340225458145,0.0,0.0,1.060871426475866e-28,5.624540590850755e-21,1.4148068397986779e-14,4.417426424652149e-08,1.0
CYST_PA37,liver,D2,False,3,1,3,2,"[24, 24, 24]","[27, 451, 471]",none_same_size,"[27, 451, 471]",patch_upsampled_then_sliding_window_fused_full_volume,predictor_crop_to_nonzero_bbox,nearest,d5_false_negative,0.5,18248,0.05986566096544266,0.18309126794338226,6.137835787447523e-15,4.113445695175244e-11,9.621808061410775e-08,2.144654717994854e-05,0.004011854529380798,0.42289111018180847,0.999700665473938
CYST_PA37,liver,D3,False,2,2,2,3,"[48, 48, 48]","[27, 451, 471]",none_same_size,"[27, 451, 471]",patch_upsampled_then_sliding_window_fused_full_volume,predictor_crop_to_nonzero_bbox,nearest,gt_foreground,0.5,252346,0.8214346170425415,0.35027220845222473,1.373977182028696e-10,0.0011527659371495247,0.9446513056755066,0.9997379183769226,0.9999881982803345,0.9999994039535522,1.0
CYST_PA37,liver,D3,False,2,2,2,3,"[48, 48, 48]","[27, 451, 471]",none_same_size,"[27, 451, 471]",patch_upsampled_then_sliding_window_fused_full_volume,predictor_crop_to_nonzero_bbox,nearest,gt_background_valid,0.5,5483021,0.008833141066133976,0.0853193923830986,0.0,0.0,8.269331698441448e-28,2.585626808146446e-12,2.5245606494195272e-08,7.134568932087859e-06,1.0
CYST_PA37,liver,D3,False,2,2,2,3,"[48, 48, 48]","[27, 451, 471]",none_same_size,"[27, 451, 471]",patch_upsampled_then_sliding_window_fused_full_volume,predictor_crop_to_nonzero_bbox,nearest,gt_background_all,0.5,5483021,0.008833141066133976,0.0853193923830986,0.0,0.0,8.269331698441448e-28,2.585626808146446e-12,2.5245606494195272e-08,7.134568932087859e-06,1.0
CYST_PA37,liver,D3,False,2,2,2,3,"[48, 48, 48]","[27, 451, 471]",none_same_size,"[27, 451, 471]",patch_upsampled_then_sliding_window_fused_full_volume,predictor_crop_to_nonzero_bbox,nearest,d5_false_negative,0.5,18248,0.06703274697065353,0.19809970259666443,1.373977182028696e-10,2.7834073534904746e-06,6.508702790597454e-05,0.0008286320371553302,0.013869429007172585,0.5526490211486816,0.999947190284729
CYST_PA37,liver,D4,False,1,3,1,4,"[96, 96, 96]","[27, 451, 471]",none_same_size,"[27, 451, 471]",patch_upsampled_then_sliding_window_fused_full_volume,predictor_crop_to_nonzero_bbox,nearest,gt_foreground,0.5,252346,0.867886483669281,0.3046930432319641,6.900632953943386e-09,0.008871471509337425,0.9838364124298096,0.9993137717247009,0.999919056892395,0.9999938011169434,0.9999998807907104
CYST_PA37,liver,D4,False,1,3,1,4,"[96, 96, 96]","[27, 451, 471]",none_same_size,"[27, 451, 471]",patch_upsampled_then_sliding_window_fused_full_volume,predictor_crop_to_nonzero_bbox,nearest,gt_background_valid,0.5,5483021,0.008500362746417522,0.08224211633205414,0.0,7.785096430269928e-31,8.849783684857814e-23,1.018132689267759e-09,3.6571361761161825e-07,4.964096660842188e-05,0.9999994039535522
CYST_PA37,liver,D4,False,1,3,1,4,"[96, 96, 96]","[27, 451, 471]",none_same_size,"[27, 451, 471]",patch_upsampled_then_sliding_window_fused_full_volume,predictor_crop_to_nonzero_bbox,nearest,gt_background_all,0.5,5483021,0.008500362746417522,0.08224211633205414,0.0,7.785096430269928e-31,8.849783684857814e-23,1.018132689267759e-09,3.6571361761161825e-07,4.964096660842188e-05,0.9999994039535522
CYST_PA37,liver,D4,False,1,3,1,4,"[96, 96, 96]","[27, 451, 471]",none_same_size,"[27, 451, 471]",patch_upsampled_then_sliding_window_fused_full_volume,predictor_crop_to_nonzero_bbox,nearest,d5_false_negative,0.5,18248,0.1041562482714653,0.24028991162776947,6.900632953943386e-09,6.72747592034284e-06,0.00032918783836066723,0.0036408607847988605,0.03384833782911301,0.8081549406051636,0.9982004165649414
CYST_PA37,liver,D5,True,0,4,0,5,"[192, 192, 192]","[27, 451, 471]",none_same_size,"[27, 451, 471]",final_output_sliding_window_fused_full_volume,predictor_crop_to_nonzero_bbox,nearest,gt_foreground,0.5,252346,0.9204831123352051,0.2307039350271225,1.8839766369183053e-07,0.18358901143074036,0.9905283451080322,0.9984292387962341,0.9995856881141663,0.999893307685852,0.9999953508377075
CYST_PA37,liver,D5,True,0,4,0,5,"[192, 192, 192]","[27, 451, 471]",none_same_size,"[27, 451, 471]",final_output_sliding_window_fused_full_volume,predictor_crop_to_nonzero_bbox,nearest,gt_background_valid,0.5,5483021,0.0071753840893507,0.07555842399597168,0.0,8.210700522866501e-30,2.0736014415381835e-21,6.309313960173313e-09,1.2193547718197806e-06,7.836410077288747e-05,0.9999877214431763
CYST_PA37,liver,D5,True,0,4,0,5,"[192, 192, 192]","[27, 451, 471]",none_same_size,"[27, 451, 471]",final_output_sliding_window_fused_full_volume,predictor_crop_to_nonzero_bbox,nearest,gt_background_all,0.5,5483021,0.0071753840893507,0.07555842399597168,0.0,8.210700522866501e-30,2.0736014415381835e-21,6.309313960173313e-09,1.2193547718197806e-06,7.836410077288747e-05,0.9999877214431763
CYST_PA37,liver,D5,True,0,4,0,5,"[192, 192, 192]","[27, 451, 471]",none_same_size,"[27, 451, 471]",final_output_sliding_window_fused_full_volume,predictor_crop_to_nonzero_bbox,nearest,d5_false_negative,0.5,18248,0.1343555599451065,0.14947707951068878,1.8839766369183053e-07,0.00044806228834204376,0.010380255058407784,0.06505729258060455,0.23334813117980957,0.44669249653816223,0.499991238117218
CYST_PA38,liver,D1,False,4,0,4,1,"[12, 12, 12]","[71, 183, 297]",none_same_size,"[71, 183, 297]",patch_upsampled_then_sliding_window_fused_full_volume,predictor_crop_to_nonzero_bbox,nearest,gt_foreground,0.5,236039,0.3168674111366272,0.1101875975728035,0.09177204221487045,0.14526201784610748,0.22671625018119812,0.31726741790771484,0.39992403984069824,0.5022179484367371,0.6858407258987427
CYST_PA38,liver,D1,False,4,0,4,1,"[12, 12, 12]","[71, 183, 297]",none_same_size,"[71, 183, 297]",patch_upsampled_then_sliding_window_fused_full_volume,predictor_crop_to_nonzero_bbox,nearest,gt_background_valid,0.5,3622882,0.4978756606578827,0.10334596037864685,0.10173683613538742,0.3278539776802063,0.4361821413040161,0.4919867515563965,0.5626419186592102,0.6761450171470642,0.8179922103881836
CYST_PA38,liver,D1,False,4,0,4,1,"[12, 12, 12]","[71, 183, 297]",none_same_size,"[71, 183, 297]",patch_upsampled_then_sliding_window_fused_full_volume,predictor_crop_to_nonzero_bbox,nearest,gt_background_all,0.5,3622882,0.4978756606578827,0.10334596037864685,0.10173683613538742,0.3278539776802063,0.4361821413040161,0.4919867515563965,0.5626419186592102,0.6761450171470642,0.8179922103881836
CYST_PA38,liver,D1,False,4,0,4,1,"[12, 12, 12]","[71, 183, 297]",none_same_size,"[71, 183, 297]",patch_upsampled_then_sliding_window_fused_full_volume,predictor_crop_to_nonzero_bbox,nearest,d5_false_negative,0.5,13356,0.32206374406814575,0.10735484212636948,0.1038360744714737,0.16019307076931,0.2445117086172104,0.3151286542415619,0.3817979693412781,0.5264124274253845,0.603355884552002
CYST_PA38,liver,D2,False,3,1,3,2,"[24, 24, 24]","[71, 183, 297]",none_same_size,"[71, 183, 297]",patch_upsampled_then_sliding_window_fused_full_volume,predictor_crop_to_nonzero_bbox,nearest,gt_foreground,0.5,236039,0.8253062963485718,0.3352827727794647,1.222673695622234e-08,0.004572724923491478,0.908026933670044,0.9984598159790039,0.9999135136604309,0.9999946355819702,0.9999998807907104
CYST_PA38,liver,D2,False,3,1,3,2,"[24, 24, 24]","[71, 183, 297]",none_same_size,"[71, 183, 297]",patch_upsampled_then_sliding_window_fused_full_volume,predictor_crop_to_nonzero_bbox,nearest,gt_background_valid,0.5,3622882,0.0037890211679041386,0.05068456009030342,2.3138074203619642e-29,1.0707173675109141e-20,9.349553642259907e-17,2.854025338543814e-14,9.578660781217607e-12,8.730575586923806e-07,0.999855637550354
CYST_PA38,liver,D2,False,3,1,3,2,"[24, 24, 24]","[71, 183, 297]",none_same_size,"[71, 183, 297]",patch_upsampled_then_sliding_window_fused_full_volume,predictor_crop_to_nonzero_bbox,nearest,gt_background_all,0.5,3622882,0.0037890211679041386,0.05068456009030342,2.3138074203619642e-29,1.0707173675109141e-20,9.349553642259907e-17,2.854025338543814e-14,9.578660781217607e-12,8.730575586923806e-07,0.999855637550354
CYST_PA38,liver,D2,False,3,1,3,2,"[24, 24, 24]","[71, 183, 297]",none_same_size,"[71, 183, 297]",patch_upsampled_then_sliding_window_fused_full_volume,predictor_crop_to_nonzero_bbox,nearest,d5_false_negative,0.5,13356,0.15364791452884674,0.29604625701904297,1.222673695622234e-08,8.408500434597954e-06,0.00016014593711588532,0.0022689548786729574,0.08836107701063156,0.9174431562423706,0.9995094537734985
CYST_PA38,liver,D3,False,2,2,2,3,"[48, 48, 48]","[71, 183, 297]",none_same_size,"[71, 183, 297]",patch_upsampled_then_sliding_window_fused_full_volume,predictor_crop_to_nonzero_bbox,nearest,gt_foreground,0.5,236039,0.9024507999420166,0.26451829075813293,7.741963514718009e-08,0.05341694876551628,0.9975007176399231,0.9999045133590698,0.9999865293502808,0.9999985694885254,1.0
CYST_PA38,liver,D3,False,2,2,2,3,"[48, 48, 48]","[71, 183, 297]",none_same_size,"[71, 183, 297]",patch_upsampled_then_sliding_window_fused_full_volume,predictor_crop_to_nonzero_bbox,nearest,gt_background_valid,0.5,3622882,0.004082842729985714,0.0552215650677681,8.039900870922207e-20,4.626967212151278e-13,1.3007121768549013e-10,4.434024258870295e-09,1.0499428526600241e-07,7.593047484988347e-06,0.9999932050704956
CYST_PA38,liver,D3,False,2,2,2,3,"[48, 48, 48]","[71, 183, 297]",none_same_size,"[71, 183, 297]",patch_upsampled_then_sliding_window_fused_full_volume,predictor_crop_to_nonzero_bbox,nearest,gt_background_all,0.5,3622882,0.004082842729985714,0.0552215650677681,8.039900870922207e-20,4.626967212151278e-13,1.3007121768549013e-10,4.434024258870295e-09,1.0499428526600241e-07,7.593047484988347e-06,0.9999932050704956
CYST_PA38,liver,D3,False,2,2,2,3,"[48, 48, 48]","[71, 183, 297]",none_same_size,"[71, 183, 297]",patch_upsampled_then_sliding_window_fused_full_volume,predictor_crop_to_nonzero_bbox,nearest,d5_false_negative,0.5,13356,0.16591666638851166,0.3040664792060852,7.741963514718009e-08,1.9387796783121303e-05,0.001289878273382783,0.011725042015314102,0.11988189071416855,0.9401070475578308,0.9993628859519958
CYST_PA38,liver,D4,False,1,3,1,4,"[96, 96, 96]","[71, 183, 297]",none_same_size,"[71, 183, 297]",patch_upsampled_then_sliding_window_fused_full_volume,predictor_crop_to_nonzero_bbox,nearest,gt_foreground,0.5,236039,0.9186781644821167,0.24415795505046844,1.9310532479721587e-06,0.10231336951255798,0.9986269474029541,0.9998824596405029,0.9999746084213257,0.9999945163726807,0.9999997615814209
CYST_PA38,liver,D4,False,1,3,1,4,"[96, 96, 96]","[71, 183, 297]",none_same_size,"[71, 183, 297]",patch_upsampled_then_sliding_window_fused_full_volume,predictor_crop_to_nonzero_bbox,nearest,gt_background_valid,0.5,3622882,0.0032589384354650974,0.049328699707984924,3.302658885449852e-17,2.2965992996226703e-10,8.260677475391276e-09,7.223822251489764e-08,4.76347508993058e-07,3.5803190257865936e-05,0.9999963045120239
CYST_PA38,liver,D4,False,1,3,1,4,"[96, 96, 96]","[71, 183, 297]",none_same_size,"[71, 183, 297]",patch_upsampled_then_sliding_window_fused_full_volume,predictor_crop_to_nonzero_bbox,nearest,gt_background_all,0.5,3622882,0.0032589384354650974,0.049328699707984924,3.302658885449852e-17,2.2965992996226703e-10,8.260677475391276e-09,7.223822251489764e-08,4.76347508993058e-07,3.5803190257865936e-05,0.9999963045120239
CYST_PA38,liver,D4,False,1,3,1,4,"[96, 96, 96]","[71, 183, 297]",none_same_size,"[71, 183, 297]",patch_upsampled_then_sliding_window_fused_full_volume,predictor_crop_to_nonzero_bbox,nearest,d5_false_negative,0.5,13356,0.15649162232875824,0.28499239683151245,1.9310532479721587e-06,0.00010769716755021363,0.002326853107661009,0.015733525156974792,0.11580067873001099,0.9120823740959167,0.9984046816825867
CYST_PA38,liver,D5,True,0,4,0,5,"[192, 192, 192]","[71, 183, 297]",none_same_size,"[71, 183, 297]",final_output_sliding_window_fused_full_volume,predictor_crop_to_nonzero_bbox,nearest,gt_foreground,0.5,236039,0.9393879175186157,0.20780402421951294,1.9254506696597673e-05,0.3557697832584381,0.9972181916236877,0.9992297887802124,0.9996899366378784,0.9998893737792969,0.9999861717224121
CYST_PA38,liver,D5,True,0,4,0,5,"[192, 192, 192]","[71, 183, 297]",none_same_size,"[71, 183, 297]",final_output_sliding_window_fused_full_volume,predictor_crop_to_nonzero_bbox,nearest,gt_background_valid,0.5,3622882,0.0019567140843719244,0.03652917966246605,1.983993096255131e-16,1.2921086423034467e-09,4.37740190761815e-08,3.259254413023882e-07,2.207963916589506e-06,0.00010477186879143119,0.9998514652252197
CYST_PA38,liver,D5,True,0,4,0,5,"[192, 192, 192]","[71, 183, 297]",none_same_size,"[71, 183, 297]",final_output_sliding_window_fused_full_volume,predictor_crop_to_nonzero_bbox,nearest,gt_background_all,0.5,3622882,0.0019567140843719244,0.03652917966246605,1.983993096255131e-16,1.2921086423034467e-09,4.37740190761815e-08,3.259254413023882e-07,2.207963916589506e-06,0.00010477186879143119,0.9998514652252197
CYST_PA38,liver,D5,True,0,4,0,5,"[192, 192, 192]","[71, 183, 297]",none_same_size,"[71, 183, 297]",final_output_sliding_window_fused_full_volume,predictor_crop_to_nonzero_bbox,nearest,d5_false_negative,0.5,13356,0.12759211659431458,0.14404378831386566,1.9254506696597673e-05,0.000969019194599241,0.012143529951572418,0.06149575859308243,0.21055398881435394,0.4393017590045929,0.4999896287918091
CYST_PA53,liver,D1,False,4,0,4,1,"[12, 12, 12]","[71, 183, 260]",none_same_size,"[71, 183, 260]",patch_upsampled_then_sliding_window_fused_full_volume,predictor_crop_to_nonzero_bbox,nearest,gt_foreground,0.5,384334,0.3720654547214508,0.09046055376529694,0.15080173313617706,0.22585484385490417,0.30533289909362793,0.3702460527420044,0.433999240398407,0.5275139808654785,0.6547387838363647
CYST_PA53,liver,D1,False,4,0,4,1,"[12, 12, 12]","[71, 183, 260]",none_same_size,"[71, 183, 260]",patch_upsampled_then_sliding_window_fused_full_volume,predictor_crop_to_nonzero_bbox,nearest,gt_background_valid,0.5,2993846,0.5060281157493591,0.10400421172380447,0.12850280106067657,0.3333650529384613,0.4351535737514496,0.5099840760231018,0.578298807144165,0.6732730865478516,0.8174847960472107
CYST_PA53,liver,D1,False,4,0,4,1,"[12, 12, 12]","[71, 183, 260]",none_same_size,"[71, 183, 260]",patch_upsampled_then_sliding_window_fused_full_volume,predictor_crop_to_nonzero_bbox,nearest,gt_background_all,0.5,2993846,0.5060281157493591,0.10400421172380447,0.12850280106067657,0.3333650529384613,0.4351535737514496,0.5099840760231018,0.578298807144165,0.6732730865478516,0.8174847960472107
CYST_PA53,liver,D1,False,4,0,4,1,"[12, 12, 12]","[71, 183, 260]",none_same_size,"[71, 183, 260]",patch_upsampled_then_sliding_window_fused_full_volume,predictor_crop_to_nonzero_bbox,nearest,d5_false_negative,0.5,9508,0.3676501512527466,0.08041931688785553,0.17634126543998718,0.24570727348327637,0.310904324054718,0.36448800563812256,0.4152342975139618,0.5248774290084839,0.6318720579147339
CYST_PA53,liver,D2,False,3,1,3,2,"[24, 24, 24]","[71, 183, 260]",none_same_size,"[71, 183, 260]",patch_upsampled_then_sliding_window_fused_full_volume,predictor_crop_to_nonzero_bbox,nearest,gt_foreground,0.5,384334,0.8817100524902344,0.28341495990753174,5.300395855556417e-08,0.039129793643951416,0.9893344044685364,0.9998118281364441,0.9999840259552002,0.9999985694885254,1.0
CYST_PA53,liver,D2,False,3,1,3,2,"[24, 24, 24]","[71, 183, 260]",none_same_size,"[71, 183, 260]",patch_upsampled_then_sliding_window_fused_full_volume,predictor_crop_to_nonzero_bbox,nearest,gt_background_valid,0.5,2993846,0.009311043657362461,0.08350063860416412,1.8997510036017977e-24,9.428365922098857e-19,2.9149836316039223e-15,3.2094563551937627e-13,1.1094822283119754e-10,0.0001074238316505216,0.9999769926071167
CYST_PA53,liver,D2,False,3,1,3,2,"[24, 24, 24]","[71, 183, 260]",none_same_size,"[71, 183, 260]",patch_upsampled_then_sliding_window_fused_full_volume,predictor_crop_to_nonzero_bbox,nearest,gt_background_all,0.5,2993846,0.009311043657362461,0.08350063860416412,1.8997510036017977e-24,9.428365922098857e-19,2.9149836316039223e-15,3.2094563551937627e-13,1.1094822283119754e-10,0.0001074238316505216,0.9999769926071167
CYST_PA53,liver,D2,False,3,1,3,2,"[24, 24, 24]","[71, 183, 260]",none_same_size,"[71, 183, 260]",patch_upsampled_then_sliding_window_fused_full_volume,predictor_crop_to_nonzero_bbox,nearest,d5_false_negative,0.5,9508,0.07728324085474014,0.17826610803604126,5.300395855556417e-08,5.2994870202383026e-05,0.0007738121203146875,0.005232502240687609,0.04815036058425903,0.4944424629211426,0.9995187520980835
CYST_PA53,liver,D3,False,2,2,2,3,"[48, 48, 48]","[71, 183, 260]",none_same_size,"[71, 183, 260]",patch_upsampled_then_sliding_window_fused_full_volume,predictor_crop_to_nonzero_bbox,nearest,gt_foreground,0.5,384334,0.9361419677734375,0.21070723235607147,6.966214641579427e-06,0.31823062896728516,0.9990890026092529,0.9999375343322754,0.9999912977218628,0.999998927116394,1.0
CYST_PA53,liver,D3,False,2,2,2,3,"[48, 48, 48]","[71, 183, 260]",none_same_size,"[71, 183, 260]",patch_upsampled_then_sliding_window_fused_full_volume,predictor_crop_to_nonzero_bbox,nearest,gt_background_valid,0.5,2993846,0.011632385663688183,0.09365987777709961,3.1797137736915644e-16,8.054396039014478e-11,4.4115302522129696e-09,5.7801329944595636e-08,8.484201998726348e-07,0.0009005070896819234,0.9999994039535522
CYST_PA53,liver,D3,False,2,2,2,3,"[48, 48, 48]","[71, 183, 260]",none_same_size,"[71, 183, 260]",patch_upsampled_then_sliding_window_fused_full_volume,predictor_crop_to_nonzero_bbox,nearest,gt_background_all,0.5,2993846,0.011632385663688183,0.09365987777709961,3.1797137736915644e-16,8.054396039014478e-11,4.4115302522129696e-09,5.7801329944595636e-08,8.484201998726348e-07,0.0009005070896819234,0.9999994039535522
CYST_PA53,liver,D3,False,2,2,2,3,"[48, 48, 48]","[71, 183, 260]",none_same_size,"[71, 183, 260]",patch_upsampled_then_sliding_window_fused_full_volume,predictor_crop_to_nonzero_bbox,nearest,d5_false_negative,0.5,9508,0.11057420074939728,0.2080003321170807,6.966214641579427e-06,0.000529070443008095,0.005633332766592503,0.023686330765485764,0.09963472187519073,0.6843039393424988,0.9987614154815674
CYST_PA53,liver,D4,False,1,3,1,4,"[96, 96, 96]","[71, 183, 260]",none_same_size,"[71, 183, 260]",patch_upsampled_then_sliding_window_fused_full_volume,predictor_crop_to_nonzero_bbox,nearest,gt_foreground,0.5,384334,0.9529807567596436,0.18289965391159058,2.2081319912103936e-05,0.6175541877746582,0.9995088577270508,0.9999051094055176,0.9999698400497437,0.9999933242797852,0.9999998807907104
CYST_PA53,liver,D4,False,1,3,1,4,"[96, 96, 96]","[71, 183, 260]",none_same_size,"[71, 183, 260]",patch_upsampled_then_sliding_window_fused_full_volume,predictor_crop_to_nonzero_bbox,nearest,gt_background_valid,0.5,2993846,0.011179049499332905,0.09240522235631943,2.0481942964584166e-12,3.0784010895956726e-09,6.494905591125644e-08,4.772734314428817e-07,3.836964424408507e-06,0.0014077555388212204,0.9999974966049194
CYST_PA53,liver,D4,False,1,3,1,4,"[96, 96, 96]","[71, 183, 260]",none_same_size,"[71, 183, 260]",patch_upsampled_then_sliding_window_fused_full_volume,predictor_crop_to_nonzero_bbox,nearest,gt_background_all,0.5,2993846,0.011179049499332905,0.09240522235631943,2.0481942964584166e-12,3.0784010895956726e-09,6.494905591125644e-08,4.772734314428817e-07,3.836964424408507e-06,0.0014077555388212204,0.9999974966049194
CYST_PA53,liver,D4,False,1,3,1,4,"[96, 96, 96]","[71, 183, 260]",none_same_size,"[71, 183, 260]",patch_upsampled_then_sliding_window_fused_full_volume,predictor_crop_to_nonzero_bbox,nearest,d5_false_negative,0.5,9508,0.11178357899188995,0.2064100205898285,2.2081319912103936e-05,0.001201731851324439,0.007664826698601246,0.028841722756624222,0.09844420850276947,0.6670309901237488,0.9972224235534668
CYST_PA53,liver,D5,True,0,4,0,5,"[192, 192, 192]","[71, 183, 260]",none_same_size,"[71, 183, 260]",final_output_sliding_window_fused_full_volume,predictor_crop_to_nonzero_bbox,nearest,gt_foreground,0.5,384334,0.9719030261039734,0.13736554980278015,3.536565782269463e-05,0.9332996606826782,0.9987648725509644,0.9994907379150391,0.9997426867485046,0.9999018907546997,0.9999921321868896
CYST_PA53,liver,D5,True,0,4,0,5,"[192, 192, 192]","[71, 183, 260]",none_same_size,"[71, 183, 260]",final_output_sliding_window_fused_full_volume,predictor_crop_to_nonzero_bbox,nearest,gt_background_valid,0.5,2993846,0.008711668662726879,0.08011839538812637,5.0298797245329485e-12,1.0969742447741737e-08,2.2555818190994614e-07,1.4558204384229612e-06,1.053351934388047e-05,0.001838665222749114,0.9999017715454102
CYST_PA53,liver,D5,True,0,4,0,5,"[192, 192, 192]","[71, 183, 260]",none_same_size,"[71, 183, 260]",final_output_sliding_window_fused_full_volume,predictor_crop_to_nonzero_bbox,nearest,gt_background_all,0.5,2993846,0.008711668662726879,0.08011839538812637,5.0298797245329485e-12,1.0969742447741737e-08,2.2555818190994614e-07,1.4558204384229612e-06,1.053351934388047e-05,0.001838665222749114,0.9999017715454102
CYST_PA53,liver,D5,True,0,4,0,5,"[192, 192, 192]","[71, 183, 260]",none_same_size,"[71, 183, 260]",final_output_sliding_window_fused_full_volume,predictor_crop_to_nonzero_bbox,nearest,d5_false_negative,0.5,9508,0.15832580626010895,0.1501341611146927,3.536565782269463e-05,0.0031483538914471865,0.027217533439397812,0.10379979759454727,0.27189069986343384,0.4540107250213623,0.4999188780784607
CYST_PA54,liver,D1,False,4,0,4,1,"[12, 12, 12]","[71, 192, 277]",none_same_size,"[71, 192, 277]",patch_upsampled_then_sliding_window_fused_full_volume,predictor_crop_to_nonzero_bbox,nearest,gt_foreground,0.5,227186,0.33347848057746887,0.0745619535446167,0.17157118022441864,0.22135362029075623,0.2753583788871765,0.329436719417572,0.3829304575920105,0.46609818935394287,0.6304996609687805
CYST_PA54,liver,D1,False,4,0,4,1,"[12, 12, 12]","[71, 192, 277]",none_same_size,"[71, 192, 277]",patch_upsampled_then_sliding_window_fused_full_volume,predictor_crop_to_nonzero_bbox,nearest,gt_background_valid,0.5,3548878,0.5051966905593872,0.10087002068758011,0.16379454731941223,0.3335534930229187,0.440326064825058,0.5051258206367493,0.5754033327102661,0.6690450310707092,0.805495023727417
CYST_PA54,liver,D1,False,4,0,4,1,"[12, 12, 12]","[71, 192, 277]",none_same_size,"[71, 192, 277]",patch_upsampled_then_sliding_window_fused_full_volume,predictor_crop_to_nonzero_bbox,nearest,gt_background_all,0.5,3548878,0.5051966905593872,0.10087002068758011,0.16379454731941223,0.3335534930229187,0.440326064825058,0.5051258206367493,0.5754033327102661,0.6690450310707092,0.805495023727417
CYST_PA54,liver,D1,False,4,0,4,1,"[12, 12, 12]","[71, 192, 277]",none_same_size,"[71, 192, 277]",patch_upsampled_then_sliding_window_fused_full_volume,predictor_crop_to_nonzero_bbox,nearest,d5_false_negative,0.5,8658,0.34266456961631775,0.07084640115499496,0.17359928786754608,0.22635452449321747,0.2886890769004822,0.3386222720146179,0.4039836525917053,0.4448241591453552,0.6281131505966187
CYST_PA54,liver,D2,False,3,1,3,2,"[24, 24, 24]","[71, 192, 277]",none_same_size,"[71, 192, 277]",patch_upsampled_then_sliding_window_fused_full_volume,predictor_crop_to_nonzero_bbox,nearest,gt_foreground,0.5,227186,0.8115134239196777,0.34478065371513367,1.3081961469652015e-07,0.00685003399848938,0.8620247840881348,0.9987309575080872,0.9999657869338989,0.999998927116394,1.0
CYST_PA54,liver,D2,False,3,1,3,2,"[24, 24, 24]","[71, 192, 277]",none_same_size,"[71, 192, 277]",patch_upsampled_then_sliding_window_fused_full_volume,predictor_crop_to_nonzero_bbox,nearest,gt_background_valid,0.5,3548878,0.004679878242313862,0.05845428258180618,2.0215597388266305e-29,1.4639151675279383e-20,1.292207987168294e-17,3.0609017856691838e-15,9.334961189461088e-13,2.322720774827758e-06,0.9999872446060181
CYST_PA54,liver,D2,False,3,1,3,2,"[24, 24, 24]","[71, 192, 277]",none_same_size,"[71, 192, 277]",patch_upsampled_then_sliding_window_fused_full_volume,predictor_crop_to_nonzero_bbox,nearest,gt_background_all,0.5,3548878,0.004679878242313862,0.05845428258180618,2.0215597388266305e-29,1.4639151675279383e-20,1.292207987168294e-17,3.0609017856691838e-15,9.334961189461088e-13,2.322720774827758e-06,0.9999872446060181
CYST_PA54,liver,D2,False,3,1,3,2,"[24, 24, 24]","[71, 192, 277]",none_same_size,"[71, 192, 277]",patch_upsampled_then_sliding_window_fused_full_volume,predictor_crop_to_nonzero_bbox,nearest,d5_false_negative,0.5,8658,0.12722913920879364,0.2454429566860199,1.3081961469652015e-07,1.4715838915435597e-05,0.0005028267623856664,0.01127011887729168,0.1004713624715805,0.8069751858711243,0.9978627562522888
CYST_PA54,liver,D3,False,2,2,2,3,"[48, 48, 48]","[71, 192, 277]",none_same_size,"[71, 192, 277]",patch_upsampled_then_sliding_window_fused_full_volume,predictor_crop_to_nonzero_bbox,nearest,gt_foreground,0.5,227186,0.9153972864151001,0.23859135806560516,1.0739036042650696e-06,0.16328907012939453,0.9967398643493652,0.9999148845672607,0.9999878406524658,0.999998927116394,1.0
CYST_PA54,liver,D3,False,2,2,2,3,"[48, 48, 48]","[71, 192, 277]",none_same_size,"[71, 192, 277]",patch_upsampled_then_sliding_window_fused_full_volume,predictor_crop_to_nonzero_bbox,nearest,gt_background_valid,0.5,3548878,0.005315594375133514,0.062389813363552094,3.983172020873041e-18,1.9463059636182223e-12,1.4323063568522088e-10,3.1918871989944364e-09,6.195322299618056e-08,1.4440556697081774e-05,0.9999849796295166
CYST_PA54,liver,D3,False,2,2,2,3,"[48, 48, 48]","[71, 192, 277]",none_same_size,"[71, 192, 277]",patch_upsampled_then_sliding_window_fused_full_volume,predictor_crop_to_nonzero_bbox,nearest,gt_background_all,0.5,3548878,0.005315594375133514,0.062389813363552094,3.983172020873041e-18,1.9463059636182223e-12,1.4323063568522088e-10,3.1918871989944364e-09,6.195322299618056e-08,1.4440556697081774e-05,0.9999849796295166
CYST_PA54,liver,D3,False,2,2,2,3,"[48, 48, 48]","[71, 192, 277]",none_same_size,"[71, 192, 277]",patch_upsampled_then_sliding_window_fused_full_volume,predictor_crop_to_nonzero_bbox,nearest,d5_false_negative,0.5,8658,0.21793213486671448,0.3091377317905426,1.0739036042650696e-06,0.0001994564663618803,0.004999164491891861,0.042313918471336365,0.3283974826335907,0.9241230487823486,0.9993959665298462
CYST_PA54,liver,D4,False,1,3,1,4,"[96, 96, 96]","[71, 192, 277]",none_same_size,"[71, 192, 277]",patch_upsampled_then_sliding_window_fused_full_volume,predictor_crop_to_nonzero_bbox,nearest,gt_foreground,0.5,227186,0.9350283741950989,0.212859645485878,5.016481372877024e-05,0.3036685585975647,0.9986729621887207,0.9998941421508789,0.999976396560669,0.9999954700469971,0.9999997615814209
CYST_PA54,liver,D4,False,1,3,1,4,"[96, 96, 96]","[71, 192, 277]",none_same_size,"[71, 192, 277]",patch_upsampled_then_sliding_window_fused_full_volume,predictor_crop_to_nonzero_bbox,nearest,gt_background_valid,0.5,3548878,0.005560699850320816,0.06489500403404236,3.697749775106139e-14,3.5167610490383083e-10,7.370216881241731e-09,5.892106713645262e-08,5.00559622196306e-07,8.171670197043568e-05,0.9999252557754517
CYST_PA54,liver,D4,False,1,3,1,4,"[96, 96, 96]","[71, 192, 277]",none_same_size,"[71, 192, 277]",patch_upsampled_then_sliding_window_fused_full_volume,predictor_crop_to_nonzero_bbox,nearest,gt_background_all,0.5,3548878,0.005560699850320816,0.06489500403404236,3.697749775106139e-14,3.5167610490383083e-10,7.370216881241731e-09,5.892106713645262e-08,5.00559622196306e-07,8.171670197043568e-05,0.9999252557754517
CYST_PA54,liver,D4,False,1,3,1,4,"[96, 96, 96]","[71, 192, 277]",none_same_size,"[71, 192, 277]",patch_upsampled_then_sliding_window_fused_full_volume,predictor_crop_to_nonzero_bbox,nearest,d5_false_negative,0.5,8658,0.19245606660842896,0.3038226366043091,5.016481372877024e-05,0.0007687979377806187,0.0072273812256753445,0.03324832767248154,0.20342926681041718,0.9241703152656555,0.9994729161262512
CYST_PA54,liver,D5,True,0,4,0,5,"[192, 192, 192]","[71, 192, 277]",none_same_size,"[71, 192, 277]",final_output_sliding_window_fused_full_volume,predictor_crop_to_nonzero_bbox,nearest,gt_foreground,0.5,227186,0.9574183821678162,0.16830499470233917,9.028038766700774e-05,0.7273125052452087,0.9977387189865112,0.9993513226509094,0.9997063279151917,0.9998822212219238,0.9999828338623047
CYST_PA54,liver,D5,True,0,4,0,5,"[192, 192, 192]","[71, 192, 277]",none_same_size,"[71, 192, 277]",final_output_sliding_window_fused_full_volume,predictor_crop_to_nonzero_bbox,nearest,gt_background_valid,0.5,3548878,0.004252501297742128,0.055893778800964355,9.559413095903534e-15,2.2993831283457666e-09,5.543043357647548e-08,3.9883531144369044e-07,3.089494384767022e-06,0.00018961740715894848,0.9996874332427979
CYST_PA54,liver,D5,True,0,4,0,5,"[192, 192, 192]","[71, 192, 277]",none_same_size,"[71, 192, 277]",final_output_sliding_window_fused_full_volume,predictor_crop_to_nonzero_bbox,nearest,gt_background_all,0.5,3548878,0.004252501297742128,0.055893778800964355,9.559413095903534e-15,2.2993831283457666e-09,5.543043357647548e-08,3.9883531144369044e-07,3.089494384767022e-06,0.00018961740715894848,0.9996874332427979
CYST_PA54,liver,D5,True,0,4,0,5,"[192, 192, 192]","[71, 192, 277]",none_same_size,"[71, 192, 277]",final_output_sliding_window_fused_full_volume,predictor_crop_to_nonzero_bbox,nearest,d5_false_negative,0.5,8658,0.16056129336357117,0.15031448006629944,9.028038766700774e-05,0.003417840925976634,0.030521314591169357,0.10579284280538559,0.2729604244232178,0.45232877135276794,0.49991559982299805
CYST_PA56,liver,D1,False,4,0,4,1,"[12, 12, 12]","[24, 457, 496]",none_same_size,"[24, 457, 496]",patch_upsampled_then_sliding_window_fused_full_volume,predictor_crop_to_nonzero_bbox,nearest,gt_foreground,0.5,270057,0.45883217453956604,0.11322178691625595,0.14181433618068695,0.274237722158432,0.37812143564224243,0.45699432492256165,0.536032497882843,0.6507625579833984,0.8221109509468079
CYST_PA56,liver,D1,False,4,0,4,1,"[12, 12, 12]","[24, 457, 496]",none_same_size,"[24, 457, 496]",patch_upsampled_then_sliding_window_fused_full_volume,predictor_crop_to_nonzero_bbox,nearest,gt_background_valid,0.5,5170071,0.5000483989715576,0.1146114245057106,0.08963369578123093,0.3337070345878601,0.42602866888046265,0.4856569170951843,0.5617585778236389,0.7156127691268921,0.9746228456497192
CYST_PA56,liver,D1,False,4,0,4,1,"[12, 12, 12]","[24, 457, 496]",none_same_size,"[24, 457, 496]",patch_upsampled_then_sliding_window_fused_full_volume,predictor_crop_to_nonzero_bbox,nearest,gt_background_all,0.5,5170071,0.5000483989715576,0.1146114245057106,0.08963369578123093,0.3337070345878601,0.42602866888046265,0.4856569170951843,0.5617585778236389,0.7156127691268921,0.9746228456497192
CYST_PA56,liver,D1,False,4,0,4,1,"[12, 12, 12]","[24, 457, 496]",none_same_size,"[24, 457, 496]",patch_upsampled_then_sliding_window_fused_full_volume,predictor_crop_to_nonzero_bbox,nearest,d5_false_negative,0.5,9856,0.4155614376068115,0.08759161829948425,0.23203596472740173,0.28527435660362244,0.3508380651473999,0.4058351516723633,0.4734262228012085,0.5755038261413574,0.7205879092216492
CYST_PA56,liver,D2,False,3,1,3,2,"[24, 24, 24]","[24, 457, 496]",none_same_size,"[24, 457, 496]",patch_upsampled_then_sliding_window_fused_full_volume,predictor_crop_to_nonzero_bbox,nearest,gt_foreground,0.5,270057,0.7415410280227661,0.39328351616859436,1.4493065764436402e-13,0.00010154215124202892,0.4771822392940521,0.9956861734390259,0.9999669790267944,0.9999998807907104,1.0
CYST_PA56,liver,D2,False,3,1,3,2,"[24, 24, 24]","[24, 457, 496]",none_same_size,"[24, 457, 496]",patch_upsampled_then_sliding_window_fused_full_volume,predictor_crop_to_nonzero_bbox,nearest,gt_background_valid,0.5,5170071,0.008803963661193848,0.08492014557123184,0.0,3.9405409647831024e-39,8.974253835931259e-28,1.0257919121293234e-19,1.8212387435830035e-13,1.1362847089912975e-06,1.0
CYST_PA56,liver,D2,False,3,1,3,2,"[24, 24, 24]","[24, 457, 496]",none_same_size,"[24, 457, 496]",patch_upsampled_then_sliding_window_fused_full_volume,predictor_crop_to_nonzero_bbox,nearest,gt_background_all,0.5,5170071,0.008803963661193848,0.08492014557123184,0.0,3.9405409647831024e-39,8.974253835931259e-28,1.0257919121293234e-19,1.8212387435830035e-13,1.1362847089912975e-06,1.0
CYST_PA56,liver,D2,False,3,1,3,2,"[24, 24, 24]","[24, 457, 496]",none_same_size,"[24, 457, 496]",patch_upsampled_then_sliding_window_fused_full_volume,predictor_crop_to_nonzero_bbox,nearest,d5_false_negative,0.5,9856,0.05783525109291077,0.18597090244293213,1.4493065764436402e-13,7.774938914906215e-09,2.1072928575449623e-06,4.608064773492515e-05,0.003918190486729145,0.40864434838294983,0.9997242093086243
CYST_PA56,liver,D3,False,2,2,2,3,"[48, 48, 48]","[24, 457, 496]",none_same_size,"[24, 457, 496]",patch_upsampled_then_sliding_window_fused_full_volume,predictor_crop_to_nonzero_bbox,nearest,gt_foreground,0.5,270057,0.8737894892692566,0.28720322251319885,4.210059856291082e-08,0.034878551959991455,0.9771603345870972,0.999554455280304,0.9999717473983765,0.9999980926513672,1.0
CYST_PA56,liver,D3,False,2,2,2,3,"[48, 48, 48]","[24, 457, 496]",none_same_size,"[24, 457, 496]",patch_upsampled_then_sliding_window_fused_full_volume,predictor_crop_to_nonzero_bbox,nearest,gt_background_valid,0.5,5170071,0.013072389177978039,0.1034272313117981,0.0,1.7298503774906052e-37,2.838798640060678e-22,9.566031126950758e-12,8.38982430195756e-08,7.1447211666964e-05,1.0
CYST_PA56,liver,D3,False,2,2,2,3,"[48, 48, 48]","[24, 457, 496]",none_same_size,"[24, 457, 496]",patch_upsampled_then_sliding_window_fused_full_volume,predictor_crop_to_nonzero_bbox,nearest,gt_background_all,0.5,5170071,0.013072389177978039,0.1034272313117981,0.0,1.7298503774906052e-37,2.838798640060678e-22,9.566031126950758e-12,8.38982430195756e-08,7.1447211666964e-05,1.0
CYST_PA56,liver,D3,False,2,2,2,3,"[48, 48, 48]","[24, 457, 496]",none_same_size,"[24, 457, 496]",patch_upsampled_then_sliding_window_fused_full_volume,predictor_crop_to_nonzero_bbox,nearest,d5_false_negative,0.5,9856,0.12842349708080292,0.24778316915035248,4.210059856291082e-08,7.381519935734104e-06,0.0008747610845603049,0.01301997248083353,0.10538958013057709,0.8360724449157715,0.9991287589073181
CYST_PA56,liver,D4,False,1,3,1,4,"[96, 96, 96]","[24, 457, 496]",none_same_size,"[24, 457, 496]",patch_upsampled_then_sliding_window_fused_full_volume,predictor_crop_to_nonzero_bbox,nearest,gt_foreground,0.5,270057,0.9153804779052734,0.23976001143455505,1.8058150885735813e-07,0.14498579502105713,0.9942955374717712,0.9996374845504761,0.9999411106109619,0.9999939203262329,1.0
CYST_PA56,liver,D4,False,1,3,1,4,"[96, 96, 96]","[24, 457, 496]",none_same_size,"[24, 457, 496]",patch_upsampled_then_sliding_window_fused_full_volume,predictor_crop_to_nonzero_bbox,nearest,gt_background_valid,0.5,5170071,0.013352388516068459,0.10484066605567932,0.0,1.5938306736828673e-27,4.2023347132410963e-19,2.4775439477764394e-09,1.2321313533902867e-06,0.00023039960069581866,1.0
CYST_PA56,liver,D4,False,1,3,1,4,"[96, 96, 96]","[24, 457, 496]",none_same_size,"[24, 457, 496]",patch_upsampled_then_sliding_window_fused_full_volume,predictor_crop_to_nonzero_bbox,nearest,gt_background_all,0.5,5170071,0.013352388516068459,0.10484066605567932,0.0,1.5938306736828673e-27,4.2023347132410963e-19,2.4775439477764394e-09,1.2321313533902867e-06,0.00023039960069581866,1.0
CYST_PA56,liver,D4,False,1,3,1,4,"[96, 96, 96]","[24, 457, 496]",none_same_size,"[24, 457, 496]",patch_upsampled_then_sliding_window_fused_full_volume,predictor_crop_to_nonzero_bbox,nearest,d5_false_negative,0.5,9856,0.16357828676700592,0.2657129764556885,1.8058150885735813e-07,0.00038724043406546116,0.005564370658248663,0.02829127013683319,0.17508387565612793,0.8458510637283325,0.9978969097137451
CYST_PA56,liver,D5,True,0,4,0,5,"[192, 192, 192]","[24, 457, 496]",none_same_size,"[24, 457, 496]",final_output_sliding_window_fused_full_volume,predictor_crop_to_nonzero_bbox,nearest,gt_foreground,0.5,270057,0.9567944407463074,0.16760732233524323,1.4403671002582996e-06,0.744699239730835,0.9963840246200562,0.9993305206298828,0.9997939467430115,0.9999533891677856,0.999998927116394
CYST_PA56,liver,D5,True,0,4,0,5,"[192, 192, 192]","[24, 457, 496]",none_same_size,"[24, 457, 496]",final_output_sliding_window_fused_full_volume,predictor_crop_to_nonzero_bbox,nearest,gt_background_valid,0.5,5170071,0.012887459248304367,0.1036975309252739,0.0,1.366374110204857e-26,2.5765052739074677e-19,9.95648985480102e-09,2.692114321689587e-06,0.00025958556216210127,0.999998927116394
CYST_PA56,liver,D5,True,0,4,0,5,"[192, 192, 192]","[24, 457, 496]",none_same_size,"[24, 457, 496]",final_output_sliding_window_fused_full_volume,predictor_crop_to_nonzero_bbox,nearest,gt_background_all,0.5,5170071,0.012887459248304367,0.1036975309252739,0.0,1.366374110204857e-26,2.5765052739074677e-19,9.95648985480102e-09,2.692114321689587e-06,0.00025958556216210127,0.999998927116394
CYST_PA56,liver,D5,True,0,4,0,5,"[192, 192, 192]","[24, 457, 496]",none_same_size,"[24, 457, 496]",final_output_sliding_window_fused_full_volume,predictor_crop_to_nonzero_bbox,nearest,d5_false_negative,0.5,9856,0.14799678325653076,0.15726293623447418,1.4403671002582996e-06,0.00034790497738868,0.009945804253220558,0.08124376833438873,0.2684839367866516,0.4583498537540436,0.49998772144317627
CYST_PA62,liver,D1,False,4,0,4,1,"[12, 12, 12]","[23, 566, 1022]",none_same_size,"[23, 566, 1022]",patch_upsampled_then_sliding_window_fused_full_volume,predictor_crop_to_nonzero_bbox,nearest,gt_foreground,0.5,1213326,0.45222771167755127,0.08840576559305191,0.20367050170898438,0.31894227862358093,0.38975876569747925,0.444881409406662,0.5087440609931946,0.608647882938385,0.8398925065994263
CYST_PA62,liver,D1,False,4,0,4,1,"[12, 12, 12]","[23, 566, 1022]",none_same_size,"[23, 566, 1022]",patch_upsampled_then_sliding_window_fused_full_volume,predictor_crop_to_nonzero_bbox,nearest,gt_background_valid,0.5,12091070,0.4703407287597656,0.09855997562408447,0.1375409960746765,0.31671398878097534,0.40392714738845825,0.4629189074039459,0.5337773561477661,0.6418414115905762,0.9104558825492859
CYST_PA62,liver,D1,False,4,0,4,1,"[12, 12, 12]","[23, 566, 1022]",none_same_size,"[23, 566, 1022]",patch_upsampled_then_sliding_window_fused_full_volume,predictor_crop_to_nonzero_bbox,nearest,gt_background_all,0.5,12091070,0.4703407287597656,0.09855997562408447,0.1375409960746765,0.31671398878097534,0.40392714738845825,0.4629189074039459,0.5337773561477661,0.6418414115905762,0.9104558825492859
CYST_PA62,liver,D1,False,4,0,4,1,"[12, 12, 12]","[23, 566, 1022]",none_same_size,"[23, 566, 1022]",patch_upsampled_then_sliding_window_fused_full_volume,predictor_crop_to_nonzero_bbox,nearest,d5_false_negative,0.5,830287,0.45181718468666077,0.08691620826721191,0.20367050170898438,0.3210243880748749,0.3916165828704834,0.44429802894592285,0.5054816603660583,0.6076910495758057,0.8398925065994263
CYST_PA62,liver,D2,False,3,1,3,2,"[24, 24, 24]","[23, 566, 1022]",none_same_size,"[23, 566, 1022]",patch_upsampled_then_sliding_window_fused_full_volume,predictor_crop_to_nonzero_bbox,nearest,gt_foreground,0.5,1213326,0.19588081538677216,0.36903780698776245,2.3607785951237573e-34,2.3957821247358792e-26,7.02566539896446e-22,1.5647977358312914e-10,0.07604379951953888,0.9997294545173645,1.0
CYST_PA62,liver,D2,False,3,1,3,2,"[24, 24, 24]","[23, 566, 1022]",none_same_size,"[23, 566, 1022]",patch_upsampled_then_sliding_window_fused_full_volume,predictor_crop_to_nonzero_bbox,nearest,gt_background_valid,0.5,12091070,0.010184170678257942,0.09423550218343735,0.0,9.945016048352186e-32,9.34904758386599e-26,1.3715710746217981e-21,8.900314498560318e-17,8.437507972303138e-07,1.0
CYST_PA62,liver,D2,False,3,1,3,2,"[24, 24, 24]","[23, 566, 1022]",none_same_size,"[23, 566, 1022]",patch_upsampled_then_sliding_window_fused_full_volume,predictor_crop_to_nonzero_bbox,nearest,gt_background_all,0.5,12091070,0.010184170678257942,0.09423550218343735,0.0,9.945016048352186e-32,9.34904758386599e-26,1.3715710746217981e-21,8.900314498560318e-17,8.437507972303138e-07,1.0
CYST_PA62,liver,D2,False,3,1,3,2,"[24, 24, 24]","[23, 566, 1022]",none_same_size,"[23, 566, 1022]",patch_upsampled_then_sliding_window_fused_full_volume,predictor_crop_to_nonzero_bbox,nearest,d5_false_negative,0.5,830287,0.01910192146897316,0.1142098605632782,2.3607785951237573e-34,4.284747695700491e-27,2.630696502174651e-23,8.024090735229934e-20,1.476367583741478e-09,0.017540590837597847,0.9999972581863403
CYST_PA62,liver,D3,False,2,2,2,3,"[48, 48, 48]","[23, 566, 1022]",none_same_size,"[23, 566, 1022]",patch_upsampled_then_sliding_window_fused_full_volume,predictor_crop_to_nonzero_bbox,nearest,gt_foreground,0.5,1213326,0.2634083926677704,0.4046803116798401,2.1987714907389905e-23,1.5752324659647427e-17,1.8994591022400333e-15,1.0906179568337393e-06,0.6222765445709229,0.9994895458221436,1.0
CYST_PA62,liver,D3,False,2,2,2,3,"[48, 48, 48]","[23, 566, 1022]",none_same_size,"[23, 566, 1022]",patch_upsampled_then_sliding_window_fused_full_volume,predictor_crop_to_nonzero_bbox,nearest,gt_background_valid,0.5,12091070,0.015256213024258614,0.11411160230636597,0.0,8.545567365368383e-23,4.039590701732833e-18,3.183653800385277e-15,6.3478700074171e-10,0.00020442921959329396,1.0
CYST_PA62,liver,D3,False,2,2,2,3,"[48, 48, 48]","[23, 566, 1022]",none_same_size,"[23, 566, 1022]",patch_upsampled_then_sliding_window_fused_full_volume,predictor_crop_to_nonzero_bbox,nearest,gt_background_all,0.5,12091070,0.015256213024258614,0.11411160230636597,0.0,8.545567365368383e-23,4.039590701732833e-18,3.183653800385277e-15,6.3478700074171e-10,0.00020442921959329396,1.0
CYST_PA62,liver,D3,False,2,2,2,3,"[48, 48, 48]","[23, 566, 1022]",none_same_size,"[23, 566, 1022]",patch_upsampled_then_sliding_window_fused_full_volume,predictor_crop_to_nonzero_bbox,nearest,d5_false_negative,0.5,830287,0.02600081078708172,0.11761307716369629,2.1987714907389905e-23,8.004230568162236e-18,3.3018540718010624e-16,2.3483402315825977e-14,6.016588486090768e-06,0.1273459941148758,0.999777615070343
CYST_PA62,liver,D4,False,1,3,1,4,"[96, 96, 96]","[23, 566, 1022]",none_same_size,"[23, 566, 1022]",patch_upsampled_then_sliding_window_fused_full_volume,predictor_crop_to_nonzero_bbox,nearest,gt_foreground,0.5,1213326,0.2853250503540039,0.40945857763290405,3.087140616443856e-18,6.441017996027399e-16,1.480209726491266e-14,7.3218284342146944e-06,0.753591775894165,0.9980646967887878,0.9999998807907104
CYST_PA62,liver,D4,False,1,3,1,4,"[96, 96, 96]","[23, 566, 1022]",none_same_size,"[23, 566, 1022]",patch_upsampled_then_sliding_window_fused_full_volume,predictor_crop_to_nonzero_bbox,nearest,gt_background_valid,0.5,12091070,0.016010859981179237,0.11518177390098572,6.536487666188077e-29,5.725269605215605e-19,1.4963017007748507e-16,1.286359629655131e-14,1.4046126750599797e-07,0.001125879934988916,0.9999995231628418
CYST_PA62,liver,D4,False,1,3,1,4,"[96, 96, 96]","[23, 566, 1022]",none_same_size,"[23, 566, 1022]",patch_upsampled_then_sliding_window_fused_full_volume,predictor_crop_to_nonzero_bbox,nearest,gt_background_all,0.5,12091070,0.016010859981179237,0.11518177390098572,6.536487666188077e-29,5.725269605215605e-19,1.4963017007748507e-16,1.286359629655131e-14,1.4046126750599797e-07,0.001125879934988916,0.9999995231628418
CYST_PA62,liver,D4,False,1,3,1,4,"[96, 96, 96]","[23, 566, 1022]",none_same_size,"[23, 566, 1022]",patch_upsampled_then_sliding_window_fused_full_volume,predictor_crop_to_nonzero_bbox,nearest,d5_false_negative,0.5,830287,0.025549480691552162,0.09614226967096329,3.087140616443856e-18,4.050787104175718e-16,4.924839714233161e-15,1.0129454241537827e-13,4.266778705641627e-05,0.18362835049629211,0.9966778755187988
CYST_PA62,liver,D5,True,0,4,0,5,"[192, 192, 192]","[23, 566, 1022]",none_same_size,"[23, 566, 1022]",final_output_sliding_window_fused_full_volume,predictor_crop_to_nonzero_bbox,nearest,gt_foreground,0.5,1213326,0.3046664893627167,0.4229426383972168,9.737965989822045e-21,2.31505221792033e-16,9.394180684816743e-15,8.118934601952787e-06,0.8538854122161865,0.9977057576179504,0.9999949932098389
CYST_PA62,liver,D5,True,0,4,0,5,"[192, 192, 192]","[23, 566, 1022]",none_same_size,"[23, 566, 1022]",final_output_sliding_window_fused_full_volume,predictor_crop_to_nonzero_bbox,nearest,gt_background_valid,0.5,12091070,0.01598549261689186,0.11533151566982269,3.854579431527868e-38,1.9172611957604285e-19,3.093814971370424e-17,3.002551803515203e-15,2.932842448899464e-07,0.0013559056678786874,0.9999504089355469
CYST_PA62,liver,D5,True,0,4,0,5,"[192, 192, 192]","[23, 566, 1022]",none_same_size,"[23, 566, 1022]",final_output_sliding_window_fused_full_volume,predictor_crop_to_nonzero_bbox,nearest,gt_background_all,0.5,12091070,0.01598549261689186,0.11533151566982269,3.854579431527868e-38,1.9172611957604285e-19,3.093814971370424e-17,3.002551803515203e-15,2.932842448899464e-07,0.0013559056678786874,0.9999504089355469
CYST_PA62,liver,D5,True,0,4,0,5,"[192, 192, 192]","[23, 566, 1022]",none_same_size,"[23, 566, 1022]",final_output_sliding_window_fused_full_volume,predictor_crop_to_nonzero_bbox,nearest,d5_false_negative,0.5,830287,0.02467968687415123,0.08200210332870483,9.737965989822045e-21,1.3931906595699106e-16,2.553516344769649e-15,6.286437977164397e-14,6.26901164650917e-05,0.20830774307250977,0.49999797344207764
CYST_PA69,liver,D1,False,4,0,4,1,"[12, 12, 12]","[23, 641, 1022]",none_same_size,"[23, 641, 1022]",patch_upsampled_then_sliding_window_fused_full_volume,predictor_crop_to_nonzero_bbox,nearest,gt_foreground,0.5,1127491,0.44635334610939026,0.1076129674911499,0.1812955141067505,0.29043203592300415,0.3633962869644165,0.43209710717201233,0.5247252583503723,0.6360411643981934,0.834577739238739
CYST_PA69,liver,D1,False,4,0,4,1,"[12, 12, 12]","[23, 641, 1022]",none_same_size,"[23, 641, 1022]",patch_upsampled_then_sliding_window_fused_full_volume,predictor_crop_to_nonzero_bbox,nearest,gt_background_valid,0.5,13939855,0.4635242223739624,0.09921436011791229,0.1353200376033783,0.3060413599014282,0.39571183919906616,0.4587840735912323,0.5288749933242798,0.6354295015335083,0.8456581234931946
CYST_PA69,liver,D1,False,4,0,4,1,"[12, 12, 12]","[23, 641, 1022]",none_same_size,"[23, 641, 1022]",patch_upsampled_then_sliding_window_fused_full_volume,predictor_crop_to_nonzero_bbox,nearest,gt_background_all,0.5,13939855,0.4635242223739624,0.09921436011791229,0.1353200376033783,0.3060413599014282,0.39571183919906616,0.4587840735912323,0.5288749933242798,0.6354295015335083,0.8456581234931946
CYST_PA69,liver,D1,False,4,0,4,1,"[12, 12, 12]","[23, 641, 1022]",none_same_size,"[23, 641, 1022]",patch_upsampled_then_sliding_window_fused_full_volume,predictor_crop_to_nonzero_bbox,nearest,d5_false_negative,0.5,122775,0.43056994676589966,0.10708924382925034,0.1812955141067505,0.270528644323349,0.35074669122695923,0.4176357686519623,0.5090278387069702,0.6175025701522827,0.8339220881462097
CYST_PA69,liver,D2,False,3,1,3,2,"[24, 24, 24]","[23, 641, 1022]",none_same_size,"[23, 641, 1022]",patch_upsampled_then_sliding_window_fused_full_volume,predictor_crop_to_nonzero_bbox,nearest,gt_foreground,0.5,1127491,0.7289550304412842,0.39287251234054565,8.52092966157652e-21,0.0001453820732422173,0.4176400601863861,0.9898443222045898,0.9999139308929443,0.9999998807907104,1.0
CYST_PA69,liver,D2,False,3,1,3,2,"[24, 24, 24]","[23, 641, 1022]",none_same_size,"[23, 641, 1022]",patch_upsampled_then_sliding_window_fused_full_volume,predictor_crop_to_nonzero_bbox,nearest,gt_background_valid,0.5,13939855,0.015304820612072945,0.108660988509655,0.0,2.8607822638843283e-31,8.874012679814682e-25,5.849603510829363e-20,4.758841974997208e-13,0.0007484771776944399,1.0
CYST_PA69,liver,D2,False,3,1,3,2,"[24, 24, 24]","[23, 641, 1022]",none_same_size,"[23, 641, 1022]",patch_upsampled_then_sliding_window_fused_full_volume,predictor_crop_to_nonzero_bbox,nearest,gt_background_all,0.5,13939855,0.015304820612072945,0.108660988509655,0.0,2.8607822638843283e-31,8.874012679814682e-25,5.849603510829363e-20,4.758841974997208e-13,0.0007484771776944399,1.0
CYST_PA69,liver,D2,False,3,1,3,2,"[24, 24, 24]","[23, 641, 1022]",none_same_size,"[23, 641, 1022]",patch_upsampled_then_sliding_window_fused_full_volume,predictor_crop_to_nonzero_bbox,nearest,d5_false_negative,0.5,122775,0.19289252161979675,0.3180338442325592,8.52092966157652e-21,7.092509690664883e-09,5.0585585995577276e-05,0.01209050603210926,0.2324436902999878,0.9754780530929565,0.9999986886978149
CYST_PA69,liver,D3,False,2,2,2,3,"[48, 48, 48]","[23, 641, 1022]",none_same_size,"[23, 641, 1022]",patch_upsampled_then_sliding_window_fused_full_volume,predictor_crop_to_nonzero_bbox,nearest,gt_foreground,0.5,1127491,0.7746542096138,0.3477192521095276,4.191226765605169e-14,0.01130726933479309,0.6532367467880249,0.9852659106254578,0.9995953440666199,0.999995231628418,1.0
CYST_PA69,liver,D3,False,2,2,2,3,"[48, 48, 48]","[23, 641, 1022]",none_same_size,"[23, 641, 1022]",patch_upsampled_then_sliding_window_fused_full_volume,predictor_crop_to_nonzero_bbox,nearest,gt_background_valid,0.5,13939855,0.018894799053668976,0.1204349473118782,0.0,1.7768582285958518e-23,4.7509209471850525e-18,6.322030301608023e-14,3.1266374378446926e-08,0.002838392974808812,1.0
CYST_PA69,liver,D3,False,2,2,2,3,"[48, 48, 48]","[23, 641, 1022]",none_same_size,"[23, 641, 1022]",patch_upsampled_then_sliding_window_fused_full_volume,predictor_crop_to_nonzero_bbox,nearest,gt_background_all,0.5,13939855,0.018894799053668976,0.1204349473118782,0.0,1.7768582285958518e-23,4.7509209471850525e-18,6.322030301608023e-14,3.1266374378446926e-08,0.002838392974808812,1.0
CYST_PA69,liver,D3,False,2,2,2,3,"[48, 48, 48]","[23, 641, 1022]",none_same_size,"[23, 641, 1022]",patch_upsampled_then_sliding_window_fused_full_volume,predictor_crop_to_nonzero_bbox,nearest,d5_false_negative,0.5,122775,0.1484747678041458,0.2493310421705246,4.191226765605169e-14,3.839493001578376e-05,0.003633522428572178,0.02758055552840233,0.1636795997619629,0.824730634689331,0.9999983310699463
CYST_PA69,liver,D4,False,1,3,1,4,"[96, 96, 96]","[23, 641, 1022]",none_same_size,"[23, 641, 1022]",patch_upsampled_then_sliding_window_fused_full_volume,predictor_crop_to_nonzero_bbox,nearest,gt_foreground,0.5,1127491,0.8413237929344177,0.2988024950027466,9.707938798545271e-14,0.03987390175461769,0.8839759230613708,0.991622269153595,0.9992715716362,0.999980092048645,1.0
CYST_PA69,liver,D4,False,1,3,1,4,"[96, 96, 96]","[23, 641, 1022]",none_same_size,"[23, 641, 1022]",patch_upsampled_then_sliding_window_fused_full_volume,predictor_crop_to_nonzero_bbox,nearest,gt_background_valid,0.5,13939855,0.019859250634908676,0.12198661267757416,1.1803985508697373e-29,3.802058137417565e-19,2.6045193748973827e-16,3.5866457373523453e-12,3.6511823964247014e-06,0.007830043323338032,0.9999997615814209
CYST_PA69,liver,D4,False,1,3,1,4,"[96, 96, 96]","[23, 641, 1022]",none_same_size,"[23, 641, 1022]",patch_upsampled_then_sliding_window_fused_full_volume,predictor_crop_to_nonzero_bbox,nearest,gt_background_all,0.5,13939855,0.019859250634908676,0.12198661267757416,1.1803985508697373e-29,3.802058137417565e-19,2.6045193748973827e-16,3.5866457373523453e-12,3.6511823964247014e-06,0.007830043323338032,0.9999997615814209
CYST_PA69,liver,D4,False,1,3,1,4,"[96, 96, 96]","[23, 641, 1022]",none_same_size,"[23, 641, 1022]",patch_upsampled_then_sliding_window_fused_full_volume,predictor_crop_to_nonzero_bbox,nearest,d5_false_negative,0.5,122775,0.1758318543434143,0.23848672211170197,9.707938798545271e-14,0.00031330445199273527,0.0096967201679945,0.05846938490867615,0.25638043880462646,0.7363344430923462,0.9985633492469788
CYST_PA69,liver,D5,True,0,4,0,5,"[192, 192, 192]","[23, 641, 1022]",none_same_size,"[23, 641, 1022]",final_output_sliding_window_fused_full_volume,predictor_crop_to_nonzero_bbox,nearest,gt_foreground,0.5,1127491,0.8777545690536499,0.26646605134010315,2.3949344128682253e-15,0.0927426889538765,0.9535685777664185,0.9934654831886292,0.9986775517463684,0.9998087286949158,0.9999963045120239
CYST_PA69,liver,D5,True,0,4,0,5,"[192, 192, 192]","[23, 641, 1022]",none_same_size,"[23, 641, 1022]",final_output_sliding_window_fused_full_volume,predictor_crop_to_nonzero_bbox,nearest,gt_background_valid,0.5,13939855,0.020140862092375755,0.12507545948028564,1.9407237244633267e-34,9.683775643059592e-20,5.934369076745282e-17,6.51847889901469e-12,4.856612122239312e-06,0.007048397790640593,0.9999737739562988
CYST_PA69,liver,D5,True,0,4,0,5,"[192, 192, 192]","[23, 641, 1022]",none_same_size,"[23, 641, 1022]",final_output_sliding_window_fused_full_volume,predictor_crop_to_nonzero_bbox,nearest,gt_background_all,0.5,13939855,0.020140862092375755,0.12507545948028564,1.9407237244633267e-34,9.683775643059592e-20,5.934369076745282e-17,6.51847889901469e-12,4.856612122239312e-06,0.007048397790640593,0.9999737739562988
CYST_PA69,liver,D5,True,0,4,0,5,"[192, 192, 192]","[23, 641, 1022]",none_same_size,"[23, 641, 1022]",final_output_sliding_window_fused_full_volume,predictor_crop_to_nonzero_bbox,nearest,d5_false_negative,0.5,122775,0.16217418015003204,0.15160958468914032,2.3949344128682253e-15,0.0014378305058926344,0.027306895703077316,0.11156982183456421,0.27870142459869385,0.45532986521720886,0.49999016523361206
CYST_PA74,liver,D1,False,4,0,4,1,"[12, 12, 12]","[24, 455, 486]",none_same_size,"[24, 455, 486]",patch_upsampled_then_sliding_window_fused_full_volume,predictor_crop_to_nonzero_bbox,nearest,gt_foreground,0.5,271555,0.4685080051422119,0.12294325977563858,0.18081091344356537,0.2800396680831909,0.3737409710884094,0.46118980646133423,0.5583189725875854,0.6832120418548584,0.7895313501358032
CYST_PA74,liver,D1,False,4,0,4,1,"[12, 12, 12]","[24, 455, 486]",none_same_size,"[24, 455, 486]",patch_upsampled_then_sliding_window_fused_full_volume,predictor_crop_to_nonzero_bbox,nearest,gt_background_valid,0.5,5035565,0.5147705078125,0.1084408238530159,0.1757768839597702,0.3648131191730499,0.43983495235443115,0.5000274777412415,0.5721486806869507,0.7265129089355469,0.9464102983474731
CYST_PA74,liver,D1,False,4,0,4,1,"[12, 12, 12]","[24, 455, 486]",none_same_size,"[24, 455, 486]",patch_upsampled_then_sliding_window_fused_full_volume,predictor_crop_to_nonzero_bbox,nearest,gt_background_all,0.5,5035565,0.5147705078125,0.1084408238530159,0.1757768839597702,0.3648131191730499,0.43983495235443115,0.5000274777412415,0.5721486806869507,0.7265129089355469,0.9464102983474731
CYST_PA74,liver,D1,False,4,0,4,1,"[12, 12, 12]","[24, 455, 486]",none_same_size,"[24, 455, 486]",patch_upsampled_then_sliding_window_fused_full_volume,predictor_crop_to_nonzero_bbox,nearest,d5_false_negative,0.5,11759,0.49102583527565,0.11412718892097473,0.24316582083702087,0.3111507296562195,0.39701157808303833,0.48929381370544434,0.582459568977356,0.6652490496635437,0.7547160983085632
CYST_PA74,liver,D2,False,3,1,3,2,"[24, 24, 24]","[24, 455, 486]",none_same_size,"[24, 455, 486]",patch_upsampled_then_sliding_window_fused_full_volume,predictor_crop_to_nonzero_bbox,nearest,gt_foreground,0.5,271555,0.7351759076118469,0.4071386456489563,2.010573527807369e-18,1.8045873730443418e-05,0.399175226688385,0.9993543028831482,0.9999992847442627,1.0,1.0
CYST_PA74,liver,D2,False,3,1,3,2,"[24, 24, 24]","[24, 455, 486]",none_same_size,"[24, 455, 486]",patch_upsampled_then_sliding_window_fused_full_volume,predictor_crop_to_nonzero_bbox,nearest,gt_background_valid,0.5,5035565,0.0029501845128834248,0.047648150473833084,0.0,2.1751603172075223e-35,3.1135372341869276e-26,8.33756116811456e-20,2.8271926900275135e-14,4.62513671806164e-09,0.9999961853027344
CYST_PA74,liver,D2,False,3,1,3,2,"[24, 24, 24]","[24, 455, 486]",none_same_size,"[24, 455, 486]",patch_upsampled_then_sliding_window_fused_full_volume,predictor_crop_to_nonzero_bbox,nearest,gt_background_all,0.5,5035565,0.0029501845128834248,0.047648150473833084,0.0,2.1751603172075223e-35,3.1135372341869276e-26,8.33756116811456e-20,2.8271926900275135e-14,4.62513671806164e-09,0.9999961853027344
CYST_PA74,liver,D2,False,3,1,3,2,"[24, 24, 24]","[24, 455, 486]",none_same_size,"[24, 455, 486]",patch_upsampled_then_sliding_window_fused_full_volume,predictor_crop_to_nonzero_bbox,nearest,d5_false_negative,0.5,11759,0.12510821223258972,0.2768895924091339,2.010573527807369e-18,3.551271776647269e-11,3.5710633028429584e-07,4.660816921386868e-05,0.034574270248413086,0.9133031368255615,0.9998985528945923
CYST_PA74,liver,D3,False,2,2,2,3,"[48, 48, 48]","[24, 455, 486]",none_same_size,"[24, 455, 486]",patch_upsampled_then_sliding_window_fused_full_volume,predictor_crop_to_nonzero_bbox,nearest,gt_foreground,0.5,271555,0.8779051303863525,0.2912340462207794,7.916622357662106e-10,0.021522240713238716,0.9890146255493164,0.9999643564224243,0.9999986886978149,1.0,1.0
CYST_PA74,liver,D3,False,2,2,2,3,"[48, 48, 48]","[24, 455, 486]",none_same_size,"[24, 455, 486]",patch_upsampled_then_sliding_window_fused_full_volume,predictor_crop_to_nonzero_bbox,nearest,gt_background_valid,0.5,5035565,0.004917101003229618,0.06100994721055031,0.0,5.012437216284824e-32,2.1425620917238586e-20,1.0454396896786289e-11,1.7078415126547952e-08,1.801495386644092e-06,0.9999997615814209
CYST_PA74,liver,D3,False,2,2,2,3,"[48, 48, 48]","[24, 455, 486]",none_same_size,"[24, 455, 486]",patch_upsampled_then_sliding_window_fused_full_volume,predictor_crop_to_nonzero_bbox,nearest,gt_background_all,0.5,5035565,0.004917101003229618,0.06100994721055031,0.0,5.012437216284824e-32,2.1425620917238586e-20,1.0454396896786289e-11,1.7078415126547952e-08,1.801495386644092e-06,0.9999997615814209
CYST_PA74,liver,D3,False,2,2,2,3,"[48, 48, 48]","[24, 455, 486]",none_same_size,"[24, 455, 486]",patch_upsampled_then_sliding_window_fused_full_volume,predictor_crop_to_nonzero_bbox,nearest,d5_false_negative,0.5,11759,0.19453616440296173,0.3164004683494568,7.916622357662106e-10,1.1687029655149672e-05,0.00042655819561332464,0.009897250682115555,0.25778454542160034,0.9518270492553711,0.9999552965164185
CYST_PA74,liver,D4,False,1,3,1,4,"[96, 96, 96]","[24, 455, 486]",none_same_size,"[24, 455, 486]",patch_upsampled_then_sliding_window_fused_full_volume,predictor_crop_to_nonzero_bbox,nearest,gt_foreground,0.5,271555,0.9165056347846985,0.24049969017505646,3.521876692502701e-07,0.136021688580513,0.9963800311088562,0.9998766183853149,0.999975323677063,0.9999958276748657,1.0
CYST_PA74,liver,D4,False,1,3,1,4,"[96, 96, 96]","[24, 455, 486]",none_same_size,"[24, 455, 486]",patch_upsampled_then_sliding_window_fused_full_volume,predictor_crop_to_nonzero_bbox,nearest,gt_background_valid,0.5,5035565,0.005831409245729446,0.06720827519893646,0.0,4.5944094203295614e-26,2.548116848874954e-18,6.2925007426883894e-09,4.917376372759463e-07,1.576220165588893e-05,0.9999884366989136
CYST_PA74,liver,D4,False,1,3,1,4,"[96, 96, 96]","[24, 455, 486]",none_same_size,"[24, 455, 486]",patch_upsampled_then_sliding_window_fused_full_volume,predictor_crop_to_nonzero_bbox,nearest,gt_background_all,0.5,5035565,0.005831409245729446,0.06720827519893646,0.0,4.5944094203295614e-26,2.548116848874954e-18,6.2925007426883894e-09,4.917376372759463e-07,1.576220165588893e-05,0.9999884366989136
CYST_PA74,liver,D4,False,1,3,1,4,"[96, 96, 96]","[24, 455, 486]",none_same_size,"[24, 455, 486]",patch_upsampled_then_sliding_window_fused_full_volume,predictor_crop_to_nonzero_bbox,nearest,d5_false_negative,0.5,11759,0.26074859499931335,0.3293467164039612,3.521876692502701e-07,7.510335126426071e-05,0.004131427966058254,0.06446126103401184,0.49409791827201843,0.9268283843994141,0.9937061667442322
CYST_PA74,liver,D5,True,0,4,0,5,"[192, 192, 192]","[24, 455, 486]",none_same_size,"[24, 455, 486]",final_output_sliding_window_fused_full_volume,predictor_crop_to_nonzero_bbox,nearest,gt_foreground,0.5,271555,0.9507333636283875,0.18086044490337372,2.625684601298417e-06,0.6254074573516846,0.9974633455276489,0.9996114373207092,0.9998584985733032,0.9999521374702454,0.9999971389770508
CYST_PA74,liver,D5,True,0,4,0,5,"[192, 192, 192]","[24, 455, 486]",none_same_size,"[24, 455, 486]",final_output_sliding_window_fused_full_volume,predictor_crop_to_nonzero_bbox,nearest,gt_background_valid,0.5,5035565,0.005031443201005459,0.06240139156579971,0.0,2.409690217044064e-24,2.7429435257301812e-18,2.397886511573688e-08,1.5040900507301558e-06,2.990586290252395e-05,0.9998645782470703
CYST_PA74,liver,D5,True,0,4,0,5,"[192, 192, 192]","[24, 455, 486]",none_same_size,"[24, 455, 486]",final_output_sliding_window_fused_full_volume,predictor_crop_to_nonzero_bbox,nearest,gt_background_all,0.5,5035565,0.005031443201005459,0.06240139156579971,0.0,2.409690217044064e-24,2.7429435257301812e-18,2.397886511573688e-08,1.5040900507301558e-06,2.990586290252395e-05,0.9998645782470703
CYST_PA74,liver,D5,True,0,4,0,5,"[192, 192, 192]","[24, 455, 486]",none_same_size,"[24, 455, 486]",final_output_sliding_window_fused_full_volume,predictor_crop_to_nonzero_bbox,nearest,d5_false_negative,0.5,11759,0.14984780550003052,0.15146727859973907,2.625684601298417e-06,0.001548662083223462,0.019434038549661636,0.0896652415394783,0.26016032695770264,0.45217403769493103,0.49994248151779175
FNH_PA10,liver,D1,False,4,0,4,1,"[12, 12, 12]","[87, 461, 487]",none_same_size,"[87, 461, 487]",patch_upsampled_then_sliding_window_fused_full_volume,predictor_crop_to_nonzero_bbox,nearest,gt_foreground,0.5,1005753,0.4254399538040161,0.11056602001190186,0.1761123538017273,0.25327107310295105,0.3432149887084961,0.41637974977493286,0.5077093839645386,0.6175428032875061,0.7701206803321838
FNH_PA10,liver,D1,False,4,0,4,1,"[12, 12, 12]","[87, 461, 487]",none_same_size,"[87, 461, 487]",patch_upsampled_then_sliding_window_fused_full_volume,predictor_crop_to_nonzero_bbox,nearest,gt_background_valid,0.5,18526356,0.4846971035003662,0.08053115755319595,0.18781228363513947,0.3594662547111511,0.4315747022628784,0.4819069802761078,0.5330309867858887,0.6194666624069214,0.8497490882873535
FNH_PA10,liver,D1,False,4,0,4,1,"[12, 12, 12]","[87, 461, 487]",none_same_size,"[87, 461, 487]",patch_upsampled_then_sliding_window_fused_full_volume,predictor_crop_to_nonzero_bbox,nearest,gt_background_all,0.5,18526356,0.4846971035003662,0.08053115755319595,0.18781228363513947,0.3594662547111511,0.4315747022628784,0.4819069802761078,0.5330309867858887,0.6194666624069214,0.8497490882873535
FNH_PA10,liver,D1,False,4,0,4,1,"[12, 12, 12]","[87, 461, 487]",none_same_size,"[87, 461, 487]",patch_upsampled_then_sliding_window_fused_full_volume,predictor_crop_to_nonzero_bbox,nearest,d5_false_negative,0.5,38868,0.3760106861591339,0.0733601525425911,0.19457300007343292,0.2624720335006714,0.3255244195461273,0.3745938539505005,0.41576945781707764,0.5067394375801086,0.7489689588546753
FNH_PA10,liver,D2,False,3,1,3,2,"[24, 24, 24]","[87, 461, 487]",none_same_size,"[87, 461, 487]",patch_upsampled_then_sliding_window_fused_full_volume,predictor_crop_to_nonzero_bbox,nearest,gt_foreground,0.5,1005753,0.9084551334381104,0.25294363498687744,1.735967458671439e-08,0.08796316385269165,0.9963985681533813,0.9998985528945923,0.9999885559082031,0.9999995231628418,1.0
FNH_PA10,liver,D2,False,3,1,3,2,"[24, 24, 24]","[87, 461, 487]",none_same_size,"[87, 461, 487]",patch_upsampled_then_sliding_window_fused_full_volume,predictor_crop_to_nonzero_bbox,nearest,gt_background_valid,0.5,18526356,0.0041115968488156796,0.055213116109371185,0.0,6.423569189842438e-30,1.5772255990097198e-19,1.877489185170625e-13,4.708011203113927e-10,1.0615896144372527e-06,0.9999945163726807
FNH_PA10,liver,D2,False,3,1,3,2,"[24, 24, 24]","[87, 461, 487]",none_same_size,"[87, 461, 487]",patch_upsampled_then_sliding_window_fused_full_volume,predictor_crop_to_nonzero_bbox,nearest,gt_background_all,0.5,18526356,0.0041115968488156796,0.055213116109371185,0.0,6.423569189842438e-30,1.5772255990097198e-19,1.877489185170625e-13,4.708011203113927e-10,1.0615896144372527e-06,0.9999945163726807
FNH_PA10,liver,D2,False,3,1,3,2,"[24, 24, 24]","[87, 461, 487]",none_same_size,"[87, 461, 487]",patch_upsampled_then_sliding_window_fused_full_volume,predictor_crop_to_nonzero_bbox,nearest,d5_false_negative,0.5,38868,0.11420489847660065,0.23476721346378326,1.735967458671439e-08,4.420389450388029e-05,0.0007672946667298675,0.008260076865553856,0.08143293112516403,0.7774633765220642,0.9995356798171997
FNH_PA10,liver,D3,False,2,2,2,3,"[48, 48, 48]","[87, 461, 487]",none_same_size,"[87, 461, 487]",patch_upsampled_then_sliding_window_fused_full_volume,predictor_crop_to_nonzero_bbox,nearest,gt_foreground,0.5,1005753,0.9316300749778748,0.219939723610878,8.068307266739794e-08,0.2520129978656769,0.9981786012649536,0.9998061060905457,0.9999488592147827,0.999991774559021,0.9999994039535522
FNH_PA10,liver,D3,False,2,2,2,3,"[48, 48, 48]","[87, 461, 487]",none_same_size,"[87, 461, 487]",patch_upsampled_then_sliding_window_fused_full_volume,predictor_crop_to_nonzero_bbox,nearest,gt_background_valid,0.5,18526356,0.004979954566806555,0.059075187891721725,0.0,1.506734497882239e-26,1.3415378969381178e-14,2.939241028343531e-08,3.0506521397910547e-06,0.00011905689461855218,0.999992847442627
FNH_PA10,liver,D3,False,2,2,2,3,"[48, 48, 48]","[87, 461, 487]",none_same_size,"[87, 461, 487]",patch_upsampled_then_sliding_window_fused_full_volume,predictor_crop_to_nonzero_bbox,nearest,gt_background_all,0.5,18526356,0.004979954566806555,0.059075187891721725,0.0,1.506734497882239e-26,1.3415378969381178e-14,2.939241028343531e-08,3.0506521397910547e-06,0.00011905689461855218,0.999992847442627
FNH_PA10,liver,D3,False,2,2,2,3,"[48, 48, 48]","[87, 461, 487]",none_same_size,"[87, 461, 487]",patch_upsampled_then_sliding_window_fused_full_volume,predictor_crop_to_nonzero_bbox,nearest,d5_false_negative,0.5,38868,0.0866568312048912,0.17986799776554108,8.068307266739794e-08,0.00012209819396957755,0.002064540982246399,0.012759307399392128,0.06562536954879761,0.5379955768585205,0.9810370206832886
FNH_PA10,liver,D4,False,1,3,1,4,"[96, 96, 96]","[87, 461, 487]",none_same_size,"[87, 461, 487]",patch_upsampled_then_sliding_window_fused_full_volume,predictor_crop_to_nonzero_bbox,nearest,gt_foreground,0.5,1005753,0.9435129165649414,0.20084525644779205,6.519650014524814e-06,0.4435873329639435,0.9983764886856079,0.9996627569198608,0.9998730421066284,0.9999607801437378,0.9999949932098389
FNH_PA10,liver,D4,False,1,3,1,4,"[96, 96, 96]","[87, 461, 487]",none_same_size,"[87, 461, 487]",patch_upsampled_then_sliding_window_fused_full_volume,predictor_crop_to_nonzero_bbox,nearest,gt_background_valid,0.5,18526356,0.005028651095926762,0.059807535260915756,0.0,2.3368619077422907e-23,7.2546716897714525e-12,3.483357886580052e-07,4.568230451695854e-06,0.0001901730429381132,0.999988317489624
FNH_PA10,liver,D4,False,1,3,1,4,"[96, 96, 96]","[87, 461, 487]",none_same_size,"[87, 461, 487]",patch_upsampled_then_sliding_window_fused_full_volume,predictor_crop_to_nonzero_bbox,nearest,gt_background_all,0.5,18526356,0.005028651095926762,0.059807535260915756,0.0,2.3368619077422907e-23,7.2546716897714525e-12,3.483357886580052e-07,4.568230451695854e-06,0.0001901730429381132,0.999988317489624
FNH_PA10,liver,D4,False,1,3,1,4,"[96, 96, 96]","[87, 461, 487]",none_same_size,"[87, 461, 487]",patch_upsampled_then_sliding_window_fused_full_volume,predictor_crop_to_nonzero_bbox,nearest,d5_false_negative,0.5,38868,0.10481974482536316,0.18943791091442108,6.519650014524814e-06,0.0006882721208967268,0.006229743827134371,0.026397712528705597,0.09610813111066818,0.6070989966392517,0.9733613133430481
FNH_PA10,liver,D5,True,0,4,0,5,"[192, 192, 192]","[87, 461, 487]",none_same_size,"[87, 461, 487]",final_output_sliding_window_fused_full_volume,predictor_crop_to_nonzero_bbox,nearest,gt_foreground,0.5,1005753,0.9585666656494141,0.16993550956249237,1.0210132131760474e-05,0.7747370600700378,0.9978370070457458,0.9991872906684875,0.9995909333229065,0.9998238682746887,0.9999638795852661
FNH_PA10,liver,D5,True,0,4,0,5,"[192, 192, 192]","[87, 461, 487]",none_same_size,"[87, 461, 487]",final_output_sliding_window_fused_full_volume,predictor_crop_to_nonzero_bbox,nearest,gt_background_valid,0.5,18526356,0.0045472607016563416,0.05650089681148529,0.0,4.122378200317305e-23,1.7931203397103523e-11,1.1333198699503555e-06,1.3021543963986915e-05,0.0003727342118509114,0.9997660517692566
FNH_PA10,liver,D5,True,0,4,0,5,"[192, 192, 192]","[87, 461, 487]",none_same_size,"[87, 461, 487]",final_output_sliding_window_fused_full_volume,predictor_crop_to_nonzero_bbox,nearest,gt_background_all,0.5,18526356,0.0045472607016563416,0.05650089681148529,0.0,4.122378200317305e-23,1.7931203397103523e-11,1.1333198699503555e-06,1.3021543963986915e-05,0.0003727342118509114,0.9997660517692566
FNH_PA10,liver,D5,True,0,4,0,5,"[192, 192, 192]","[87, 461, 487]",none_same_size,"[87, 461, 487]",final_output_sliding_window_fused_full_volume,predictor_crop_to_nonzero_bbox,nearest,d5_false_negative,0.5,38868,0.14944453537464142,0.14451563358306885,1.0210132131760474e-05,0.002508751815184951,0.025571033358573914,0.09626463055610657,0.24949096143245697,0.4443359971046448,0.49992871284484863
FNH_PA32,liver,D1,False,4,0,4,1,"[12, 12, 12]","[71, 190, 319]",none_same_size,"[71, 190, 319]",patch_upsampled_then_sliding_window_fused_full_volume,predictor_crop_to_nonzero_bbox,nearest,gt_foreground,0.5,281818,0.3591916561126709,0.1385706216096878,0.12215789407491684,0.16719599068164825,0.22962361574172974,0.356924831867218,0.46757274866104126,0.5977306962013245,0.7034899592399597
FNH_PA32,liver,D1,False,4,0,4,1,"[12, 12, 12]","[71, 190, 319]",none_same_size,"[71, 190, 319]",patch_upsampled_then_sliding_window_fused_full_volume,predictor_crop_to_nonzero_bbox,nearest,gt_background_valid,0.5,4021492,0.49955108761787415,0.10159801691770554,0.14414618909358978,0.34115469455718994,0.445793479681015,0.4912577271461487,0.5495172739028931,0.6857079267501831,0.8838125467300415
FNH_PA32,liver,D1,False,4,0,4,1,"[12, 12, 12]","[71, 190, 319]",none_same_size,"[71, 190, 319]",patch_upsampled_then_sliding_window_fused_full_volume,predictor_crop_to_nonzero_bbox,nearest,gt_background_all,0.5,4021492,0.49955108761787415,0.10159801691770554,0.14414618909358978,0.34115469455718994,0.445793479681015,0.4912577271461487,0.5495172739028931,0.6857079267501831,0.8838125467300415
FNH_PA32,liver,D1,False,4,0,4,1,"[12, 12, 12]","[71, 190, 319]",none_same_size,"[71, 190, 319]",patch_upsampled_then_sliding_window_fused_full_volume,predictor_crop_to_nonzero_bbox,nearest,d5_false_negative,0.5,18858,0.37722909450531006,0.10884206742048264,0.14892616868019104,0.19518981873989105,0.29584449529647827,0.37694016098976135,0.4586229920387268,0.5605490207672119,0.6965826749801636
FNH_PA32,liver,D2,False,3,1,3,2,"[24, 24, 24]","[71, 190, 319]",none_same_size,"[71, 190, 319]",patch_upsampled_then_sliding_window_fused_full_volume,predictor_crop_to_nonzero_bbox,nearest,gt_foreground,0.5,281818,0.7985209226608276,0.3614080250263214,1.8847863547666321e-10,0.0015085304621607065,0.8395465612411499,0.9991998076438904,0.9999686479568481,0.9999978542327881,0.9999998807907104
FNH_PA32,liver,D2,False,3,1,3,2,"[24, 24, 24]","[71, 190, 319]",none_same_size,"[71, 190, 319]",patch_upsampled_then_sliding_window_fused_full_volume,predictor_crop_to_nonzero_bbox,nearest,gt_background_valid,0.5,4021492,0.003812069771811366,0.05358368903398514,1.1580761200346278e-28,1.9074366892301923e-21,1.7618076853375084e-17,6.358790684485912e-15,1.949766303271927e-12,2.2237996688545536e-07,0.9999687671661377
FNH_PA32,liver,D2,False,3,1,3,2,"[24, 24, 24]","[71, 190, 319]",none_same_size,"[71, 190, 319]",patch_upsampled_then_sliding_window_fused_full_volume,predictor_crop_to_nonzero_bbox,nearest,gt_background_all,0.5,4021492,0.003812069771811366,0.05358368903398514,1.1580761200346278e-28,1.9074366892301923e-21,1.7618076853375084e-17,6.358790684485912e-15,1.949766303271927e-12,2.2237996688545536e-07,0.9999687671661377
FNH_PA32,liver,D2,False,3,1,3,2,"[24, 24, 24]","[71, 190, 319]",none_same_size,"[71, 190, 319]",patch_upsampled_then_sliding_window_fused_full_volume,predictor_crop_to_nonzero_bbox,nearest,d5_false_negative,0.5,18858,0.053316276520490646,0.16726282238960266,1.8847863547666321e-10,2.914891297223221e-07,5.2934501582058147e-05,0.0008438214426860213,0.009584338404238224,0.3978075087070465,0.9974263310432434
FNH_PA32,liver,D3,False,2,2,2,3,"[48, 48, 48]","[71, 190, 319]",none_same_size,"[71, 190, 319]",patch_upsampled_then_sliding_window_fused_full_volume,predictor_crop_to_nonzero_bbox,nearest,gt_foreground,0.5,281818,0.8960601091384888,0.27131813764572144,1.1721496662175923e-07,0.04605521634221077,0.9964027404785156,0.9999294281005859,0.9999880790710449,0.9999979734420776,0.9999998807907104
FNH_PA32,liver,D3,False,2,2,2,3,"[48, 48, 48]","[71, 190, 319]",none_same_size,"[71, 190, 319]",patch_upsampled_then_sliding_window_fused_full_volume,predictor_crop_to_nonzero_bbox,nearest,gt_background_valid,0.5,4021492,0.004641988314688206,0.05943769961595535,5.616334571433317e-19,3.554770952422792e-13,1.033069324529734e-10,3.1620768226048312e-09,7.892220565963726e-08,6.668925834674155e-06,0.9999815225601196
FNH_PA32,liver,D3,False,2,2,2,3,"[48, 48, 48]","[71, 190, 319]",none_same_size,"[71, 190, 319]",patch_upsampled_then_sliding_window_fused_full_volume,predictor_crop_to_nonzero_bbox,nearest,gt_background_all,0.5,4021492,0.004641988314688206,0.05943769961595535,5.616334571433317e-19,3.554770952422792e-13,1.033069324529734e-10,3.1620768226048312e-09,7.892220565963726e-08,6.668925834674155e-06,0.9999815225601196
FNH_PA32,liver,D3,False,2,2,2,3,"[48, 48, 48]","[71, 190, 319]",none_same_size,"[71, 190, 319]",patch_upsampled_then_sliding_window_fused_full_volume,predictor_crop_to_nonzero_bbox,nearest,d5_false_negative,0.5,18858,0.10041700303554535,0.19458475708961487,1.1721496662175923e-07,3.4301010600756854e-05,0.0014698776649311185,0.013494575396180153,0.08956779539585114,0.5906102061271667,0.987559974193573
FNH_PA32,liver,D4,False,1,3,1,4,"[96, 96, 96]","[71, 190, 319]",none_same_size,"[71, 190, 319]",patch_upsampled_then_sliding_window_fused_full_volume,predictor_crop_to_nonzero_bbox,nearest,gt_foreground,0.5,281818,0.9112598896026611,0.2564433515071869,6.426268441828142e-07,0.05266889929771423,0.9984686970710754,0.9998728036880493,0.9999526739120483,0.999985933303833,0.9999991655349731
FNH_PA32,liver,D4,False,1,3,1,4,"[96, 96, 96]","[71, 190, 319]",none_same_size,"[71, 190, 319]",patch_upsampled_then_sliding_window_fused_full_volume,predictor_crop_to_nonzero_bbox,nearest,gt_background_valid,0.5,4021492,0.004769937600940466,0.06090288609266281,1.5228937707583074e-15,2.864624371046176e-10,9.32354726757012e-09,7.211281172203599e-08,4.794235337612918e-07,3.029970139323268e-05,0.9999775886535645
FNH_PA32,liver,D4,False,1,3,1,4,"[96, 96, 96]","[71, 190, 319]",none_same_size,"[71, 190, 319]",patch_upsampled_then_sliding_window_fused_full_volume,predictor_crop_to_nonzero_bbox,nearest,gt_background_all,0.5,4021492,0.004769937600940466,0.06090288609266281,1.5228937707583074e-15,2.864624371046176e-10,9.32354726757012e-09,7.211281172203599e-08,4.794235337612918e-07,3.029970139323268e-05,0.9999775886535645
FNH_PA32,liver,D4,False,1,3,1,4,"[96, 96, 96]","[71, 190, 319]",none_same_size,"[71, 190, 319]",patch_upsampled_then_sliding_window_fused_full_volume,predictor_crop_to_nonzero_bbox,nearest,d5_false_negative,0.5,18858,0.10065709799528122,0.2043813019990921,6.426268441828142e-07,8.606808842159808e-05,0.0019019979517906904,0.011875640600919724,0.07122483849525452,0.6566168069839478,0.9825943112373352
FNH_PA32,liver,D5,True,0,4,0,5,"[192, 192, 192]","[71, 190, 319]",none_same_size,"[71, 190, 319]",final_output_sliding_window_fused_full_volume,predictor_crop_to_nonzero_bbox,nearest,gt_foreground,0.5,281818,0.9294729828834534,0.22817717492580414,2.0565776139847003e-06,0.15784646570682526,0.9969096779823303,0.9991329312324524,0.9995768666267395,0.9998304843902588,0.9999804496765137
FNH_PA32,liver,D5,True,0,4,0,5,"[192, 192, 192]","[71, 190, 319]",none_same_size,"[71, 190, 319]",final_output_sliding_window_fused_full_volume,predictor_crop_to_nonzero_bbox,nearest,gt_background_valid,0.5,4021492,0.0036318625789135695,0.05259993299841881,1.9229520639579438e-16,1.9850272536814373e-09,4.993717794832264e-08,3.107194856966089e-07,2.025981757469708e-06,8.086303569143638e-05,0.9997817873954773
FNH_PA32,liver,D5,True,0,4,0,5,"[192, 192, 192]","[71, 190, 319]",none_same_size,"[71, 190, 319]",final_output_sliding_window_fused_full_volume,predictor_crop_to_nonzero_bbox,nearest,gt_background_all,0.5,4021492,0.0036318625789135695,0.05259993299841881,1.9229520639579438e-16,1.9850272536814373e-09,4.993717794832264e-08,3.107194856966089e-07,2.025981757469708e-06,8.086303569143638e-05,0.9997817873954773
FNH_PA32,liver,D5,True,0,4,0,5,"[192, 192, 192]","[71, 190, 319]",none_same_size,"[71, 190, 319]",final_output_sliding_window_fused_full_volume,predictor_crop_to_nonzero_bbox,nearest,d5_false_negative,0.5,18858,0.10704933106899261,0.13744233548641205,2.0565776139847003e-06,0.0005002277321182191,0.007973089814186096,0.03897174820303917,0.16051332652568817,0.42722010612487793,0.49998605251312256
HCC_10020116_20180118,liver,D1,False,4,0,4,1,"[12, 12, 12]","[23, 307, 468]",none_same_size,"[23, 307, 468]",patch_upsampled_then_sliding_window_fused_full_volume,predictor_crop_to_nonzero_bbox,nearest,gt_foreground,0.5,257643,0.4795474708080292,0.10876276344060898,0.09499741345643997,0.3110813498497009,0.40735599398612976,0.47397080063819885,0.5460830926895142,0.6723343729972839,0.8755646347999573
HCC_10020116_20180118,liver,D1,False,4,0,4,1,"[12, 12, 12]","[23, 307, 468]",none_same_size,"[23, 307, 468]",patch_upsampled_then_sliding_window_fused_full_volume,predictor_crop_to_nonzero_bbox,nearest,gt_background_valid,0.5,3046905,0.5219125747680664,0.1191205307841301,0.05356249958276749,0.34222522377967834,0.4466143846511841,0.5184088945388794,0.5823218822479248,0.7415856122970581,0.9545683264732361
HCC_10020116_20180118,liver,D1,False,4,0,4,1,"[12, 12, 12]","[23, 307, 468]",none_same_size,"[23, 307, 468]",patch_upsampled_then_sliding_window_fused_full_volume,predictor_crop_to_nonzero_bbox,nearest,gt_background_all,0.5,3046905,0.5219125747680664,0.1191205307841301,0.05356249958276749,0.34222522377967834,0.4466143846511841,0.5184088945388794,0.5823218822479248,0.7415856122970581,0.9545683264732361
HCC_10020116_20180118,liver,D1,False,4,0,4,1,"[12, 12, 12]","[23, 307, 468]",none_same_size,"[23, 307, 468]",patch_upsampled_then_sliding_window_fused_full_volume,predictor_crop_to_nonzero_bbox,nearest,d5_false_negative,0.5,36032,0.46061834692955017,0.08829255402088165,0.1493784785270691,0.3478744328022003,0.397874653339386,0.4475705027580261,0.508357048034668,0.6303566694259644,0.8112246990203857
HCC_10020116_20180118,liver,D2,False,3,1,3,2,"[24, 24, 24]","[23, 307, 468]",none_same_size,"[23, 307, 468]",patch_upsampled_then_sliding_window_fused_full_volume,predictor_crop_to_nonzero_bbox,nearest,gt_foreground,0.5,257643,0.576376736164093,0.44086915254592896,2.1330261081048017e-15,1.7103648133343086e-06,0.026181910187005997,0.8299850225448608,0.9966259002685547,0.9999738931655884,1.0
HCC_10020116_20180118,liver,D2,False,3,1,3,2,"[24, 24, 24]","[23, 307, 468]",none_same_size,"[23, 307, 468]",patch_upsampled_then_sliding_window_fused_full_volume,predictor_crop_to_nonzero_bbox,nearest,gt_background_valid,0.5,3046905,0.01773425191640854,0.11875662952661514,0.0,1.2816023467396577e-31,2.937875278353113e-22,2.354971821933241e-16,1.0121719434819099e-11,0.0005579876597039402,0.9999997615814209
HCC_10020116_20180118,liver,D2,False,3,1,3,2,"[24, 24, 24]","[23, 307, 468]",none_same_size,"[23, 307, 468]",patch_upsampled_then_sliding_window_fused_full_volume,predictor_crop_to_nonzero_bbox,nearest,gt_background_all,0.5,3046905,0.01773425191640854,0.11875662952661514,0.0,1.2816023467396577e-31,2.937875278353113e-22,2.354971821933241e-16,1.0121719434819099e-11,0.0005579876597039402,0.9999997615814209
HCC_10020116_20180118,liver,D2,False,3,1,3,2,"[24, 24, 24]","[23, 307, 468]",none_same_size,"[23, 307, 468]",patch_upsampled_then_sliding_window_fused_full_volume,predictor_crop_to_nonzero_bbox,nearest,d5_false_negative,0.5,36032,0.14876088500022888,0.2934871017932892,2.1330261081048017e-15,6.552973719209376e-10,2.9302998882485554e-05,0.003893737681210041,0.08654709160327911,0.9662182927131653,0.9999887943267822
HCC_10020116_20180118,liver,D3,False,2,2,2,3,"[48, 48, 48]","[23, 307, 468]",none_same_size,"[23, 307, 468]",patch_upsampled_then_sliding_window_fused_full_volume,predictor_crop_to_nonzero_bbox,nearest,gt_foreground,0.5,257643,0.6965003609657288,0.3863179087638855,3.831195805048537e-09,0.004824850708246231,0.3027260899543762,0.9581847786903381,0.9991806149482727,0.9999775886535645,0.9999998807907104
HCC_10020116_20180118,liver,D3,False,2,2,2,3,"[48, 48, 48]","[23, 307, 468]",none_same_size,"[23, 307, 468]",patch_upsampled_then_sliding_window_fused_full_volume,predictor_crop_to_nonzero_bbox,nearest,gt_background_valid,0.5,3046905,0.019201913848519325,0.12356109172105789,0.0,9.020566075495284e-24,2.285898033360656e-12,8.57648529972721e-09,1.0957016911561368e-06,0.0036359524819999933,1.0
HCC_10020116_20180118,liver,D3,False,2,2,2,3,"[48, 48, 48]","[23, 307, 468]",none_same_size,"[23, 307, 468]",patch_upsampled_then_sliding_window_fused_full_volume,predictor_crop_to_nonzero_bbox,nearest,gt_background_all,0.5,3046905,0.019201913848519325,0.12356109172105789,0.0,9.020566075495284e-24,2.285898033360656e-12,8.57648529972721e-09,1.0957016911561368e-06,0.0036359524819999933,1.0
HCC_10020116_20180118,liver,D3,False,2,2,2,3,"[48, 48, 48]","[23, 307, 468]",none_same_size,"[23, 307, 468]",patch_upsampled_then_sliding_window_fused_full_volume,predictor_crop_to_nonzero_bbox,nearest,d5_false_negative,0.5,36032,0.18770600855350494,0.28648024797439575,3.831195805048537e-09,0.0001524925755802542,0.005070548504590988,0.049293652176856995,0.22464631497859955,0.9532368779182434,0.9999592304229736
HCC_10020116_20180118,liver,D4,False,1,3,1,4,"[96, 96, 96]","[23, 307, 468]",none_same_size,"[23, 307, 468]",patch_upsampled_then_sliding_window_fused_full_volume,predictor_crop_to_nonzero_bbox,nearest,gt_foreground,0.5,257643,0.8062361478805542,0.32007426023483276,3.0425217119045556e-06,0.02920808084309101,0.7668561935424805,0.9878786206245422,0.9993143081665039,0.9999779462814331,1.0
HCC_10020116_20180118,liver,D4,False,1,3,1,4,"[96, 96, 96]","[23, 307, 468]",none_same_size,"[23, 307, 468]",patch_upsampled_then_sliding_window_fused_full_volume,predictor_crop_to_nonzero_bbox,nearest,gt_background_valid,0.5,3046905,0.022196924313902855,0.13115563988685608,6.206589709336019e-29,3.2926205524081535e-17,2.974992918680641e-09,5.758608381256636e-07,1.0310887773812283e-05,0.010346992872655392,0.9999985694885254
HCC_10020116_20180118,liver,D4,False,1,3,1,4,"[96, 96, 96]","[23, 307, 468]",none_same_size,"[23, 307, 468]",patch_upsampled_then_sliding_window_fused_full_volume,predictor_crop_to_nonzero_bbox,nearest,gt_background_all,0.5,3046905,0.022196924313902855,0.13115563988685608,6.206589709336019e-29,3.2926205524081535e-17,2.974992918680641e-09,5.758608381256636e-07,1.0310887773812283e-05,0.010346992872655392,0.9999985694885254
HCC_10020116_20180118,liver,D4,False,1,3,1,4,"[96, 96, 96]","[23, 307, 468]",none_same_size,"[23, 307, 468]",patch_upsampled_then_sliding_window_fused_full_volume,predictor_crop_to_nonzero_bbox,nearest,d5_false_negative,0.5,36032,0.2566037178039551,0.2610042095184326,3.0425217119045556e-06,0.0014391300501301885,0.028360115364193916,0.16376326978206635,0.4319644868373871,0.7854077219963074,0.995635449886322
HCC_10020116_20180118,liver,D5,True,0,4,0,5,"[192, 192, 192]","[23, 307, 468]",none_same_size,"[23, 307, 468]",final_output_sliding_window_fused_full_volume,predictor_crop_to_nonzero_bbox,nearest,gt_foreground,0.5,257643,0.8459925651550293,0.2966003119945526,1.4761016018383089e-06,0.0440872460603714,0.9022551774978638,0.9930908679962158,0.9987238049507141,0.9998050332069397,0.9999964237213135
HCC_10020116_20180118,liver,D5,True,0,4,0,5,"[192, 192, 192]","[23, 307, 468]",none_same_size,"[23, 307, 468]",final_output_sliding_window_fused_full_volume,predictor_crop_to_nonzero_bbox,nearest,gt_background_valid,0.5,3046905,0.023685608059167862,0.13823248445987701,2.943593960108797e-31,1.0138711739904078e-16,1.0126504079721599e-08,1.0138303423445905e-06,1.6442494597868063e-05,0.010359302163124084,0.9999357461929321
HCC_10020116_20180118,liver,D5,True,0,4,0,5,"[192, 192, 192]","[23, 307, 468]",none_same_size,"[23, 307, 468]",final_output_sliding_window_fused_full_volume,predictor_crop_to_nonzero_bbox,nearest,gt_background_all,0.5,3046905,0.023685608059167862,0.13823248445987701,2.943593960108797e-31,1.0138711739904078e-16,1.0126504079721599e-08,1.0138303423445905e-06,1.6442494597868063e-05,0.010359302163124084,0.9999357461929321
HCC_10020116_20180118,liver,D5,True,0,4,0,5,"[192, 192, 192]","[23, 307, 468]",none_same_size,"[23, 307, 468]",final_output_sliding_window_fused_full_volume,predictor_crop_to_nonzero_bbox,nearest,d5_false_negative,0.5,36032,0.1560249626636505,0.15387940406799316,1.4761016018383089e-06,0.0019145043333992362,0.021113187074661255,0.09523703157901764,0.27419131994247437,0.45597755908966064,0.49999868869781494
HCC_10074592_20130816,liver,D1,False,4,0,4,1,"[12, 12, 12]","[25, 336, 500]",none_same_size,"[25, 336, 500]",patch_upsampled_then_sliding_window_fused_full_volume,predictor_crop_to_nonzero_bbox,nearest,gt_foreground,0.5,267135,0.414451539516449,0.12998709082603455,0.0706024318933487,0.19931697845458984,0.32775115966796875,0.40647798776626587,0.5025702714920044,0.6404072642326355,0.7597392797470093
HCC_10074592_20130816,liver,D1,False,4,0,4,1,"[12, 12, 12]","[25, 336, 500]",none_same_size,"[25, 336, 500]",patch_upsampled_then_sliding_window_fused_full_volume,predictor_crop_to_nonzero_bbox,nearest,gt_background_valid,0.5,3932865,0.524895429611206,0.1200755387544632,0.06585940718650818,0.34239065647125244,0.4482060372829437,0.5169073939323425,0.5967025756835938,0.7411951422691345,0.900444746017456
HCC_10074592_20130816,liver,D1,False,4,0,4,1,"[12, 12, 12]","[25, 336, 500]",none_same_size,"[25, 336, 500]",patch_upsampled_then_sliding_window_fused_full_volume,predictor_crop_to_nonzero_bbox,nearest,gt_background_all,0.5,3932865,0.524895429611206,0.1200755387544632,0.06585940718650818,0.34239065647125244,0.4482060372829437,0.5169073939323425,0.5967025756835938,0.7411951422691345,0.900444746017456
HCC_10074592_20130816,liver,D1,False,4,0,4,1,"[12, 12, 12]","[25, 336, 500]",none_same_size,"[25, 336, 500]",patch_upsampled_then_sliding_window_fused_full_volume,predictor_crop_to_nonzero_bbox,nearest,d5_false_negative,0.5,11677,0.36177241802215576,0.12095285952091217,0.08019311726093292,0.1464640349149704,0.28693389892578125,0.3590225279331207,0.43024927377700806,0.5801331996917725,0.7235164642333984
HCC_10074592_20130816,liver,D2,False,3,1,3,2,"[24, 24, 24]","[25, 336, 500]",none_same_size,"[25, 336, 500]",patch_upsampled_then_sliding_window_fused_full_volume,predictor_crop_to_nonzero_bbox,nearest,gt_foreground,0.5,267135,0.8256588578224182,0.34214651584625244,5.768045485687878e-10,0.0022840024903416634,0.9316344857215881,0.999810516834259,0.9999974966049194,1.0,1.0
HCC_10074592_20130816,liver,D2,False,3,1,3,2,"[24, 24, 24]","[25, 336, 500]",none_same_size,"[25, 336, 500]",patch_upsampled_then_sliding_window_fused_full_volume,predictor_crop_to_nonzero_bbox,nearest,gt_background_valid,0.5,3932865,0.012354902923107147,0.10108307003974915,0.0,8.05563896635332e-36,2.3824957756153347e-23,7.831435846922359e-18,1.9713681641969627e-12,3.7178608181420714e-05,0.9999992847442627
HCC_10074592_20130816,liver,D2,False,3,1,3,2,"[24, 24, 24]","[25, 336, 500]",none_same_size,"[25, 336, 500]",patch_upsampled_then_sliding_window_fused_full_volume,predictor_crop_to_nonzero_bbox,nearest,gt_background_all,0.5,3932865,0.012354902923107147,0.10108307003974915,0.0,8.05563896635332e-36,2.3824957756153347e-23,7.831435846922359e-18,1.9713681641969627e-12,3.7178608181420714e-05,0.9999992847442627
HCC_10074592_20130816,liver,D2,False,3,1,3,2,"[24, 24, 24]","[25, 336, 500]",none_same_size,"[25, 336, 500]",patch_upsampled_then_sliding_window_fused_full_volume,predictor_crop_to_nonzero_bbox,nearest,d5_false_negative,0.5,11677,0.24950017035007477,0.38853874802589417,5.768045485687878e-10,3.816304570136708e-07,0.00014135662058833987,0.006213641259819269,0.49716705083847046,0.9929108023643494,0.9999953508377075
HCC_10074592_20130816,liver,D3,False,2,2,2,3,"[48, 48, 48]","[25, 336, 500]",none_same_size,"[25, 336, 500]",patch_upsampled_then_sliding_window_fused_full_volume,predictor_crop_to_nonzero_bbox,nearest,gt_foreground,0.5,267135,0.8757936358451843,0.28394806385040283,1.8842941926777712e-06,0.043995026499032974,0.9791872501373291,0.9997109770774841,0.9999856948852539,0.9999997615814209,1.0
HCC_10074592_20130816,liver,D3,False,2,2,2,3,"[48, 48, 48]","[25, 336, 500]",none_same_size,"[25, 336, 500]",patch_upsampled_then_sliding_window_fused_full_volume,predictor_crop_to_nonzero_bbox,nearest,gt_background_valid,0.5,3932865,0.015714898705482483,0.11082480102777481,0.0,4.3265204668746805e-33,3.7859182477374687e-13,1.0491821855751482e-09,2.868559647595248e-07,0.0012966265203431249,0.9999994039535522
HCC_10074592_20130816,liver,D3,False,2,2,2,3,"[48, 48, 48]","[25, 336, 500]",none_same_size,"[25, 336, 500]",patch_upsampled_then_sliding_window_fused_full_volume,predictor_crop_to_nonzero_bbox,nearest,gt_background_all,0.5,3932865,0.015714898705482483,0.11082480102777481,0.0,4.3265204668746805e-33,3.7859182477374687e-13,1.0491821855751482e-09,2.868559647595248e-07,0.0012966265203431249,0.9999994039535522
HCC_10074592_20130816,liver,D3,False,2,2,2,3,"[48, 48, 48]","[25, 336, 500]",none_same_size,"[25, 336, 500]",patch_upsampled_then_sliding_window_fused_full_volume,predictor_crop_to_nonzero_bbox,nearest,d5_false_negative,0.5,11677,0.14359985291957855,0.25622448325157166,1.8842941926777712e-06,0.00011254646233282983,0.00353399314917624,0.019502950832247734,0.12939420342445374,0.8464560508728027,0.9999666213989258
HCC_10074592_20130816,liver,D4,False,1,3,1,4,"[96, 96, 96]","[25, 336, 500]",none_same_size,"[25, 336, 500]",patch_upsampled_then_sliding_window_fused_full_volume,predictor_crop_to_nonzero_bbox,nearest,gt_foreground,0.5,267135,0.9054498672485352,0.2584121525287628,1.5550023135801894e-06,0.06481404602527618,0.9962874054908752,0.9998691082000732,0.9999830722808838,0.999998927116394,1.0
HCC_10074592_20130816,liver,D4,False,1,3,1,4,"[96, 96, 96]","[25, 336, 500]",none_same_size,"[25, 336, 500]",patch_upsampled_then_sliding_window_fused_full_volume,predictor_crop_to_nonzero_bbox,nearest,gt_background_valid,0.5,3932865,0.016963794827461243,0.11595369130373001,4.362268575958162e-37,2.552684217100045e-22,7.838327209519491e-10,1.0245407366937798e-07,3.9219735299411695e-06,0.0028037279844284058,0.9999994039535522
HCC_10074592_20130816,liver,D4,False,1,3,1,4,"[96, 96, 96]","[25, 336, 500]",none_same_size,"[25, 336, 500]",patch_upsampled_then_sliding_window_fused_full_volume,predictor_crop_to_nonzero_bbox,nearest,gt_background_all,0.5,3932865,0.016963794827461243,0.11595369130373001,4.362268575958162e-37,2.552684217100045e-22,7.838327209519491e-10,1.0245407366937798e-07,3.9219735299411695e-06,0.0028037279844284058,0.9999994039535522
HCC_10074592_20130816,liver,D4,False,1,3,1,4,"[96, 96, 96]","[25, 336, 500]",none_same_size,"[25, 336, 500]",patch_upsampled_then_sliding_window_fused_full_volume,predictor_crop_to_nonzero_bbox,nearest,d5_false_negative,0.5,11677,0.12965889275074005,0.2368953675031662,1.5550023135801894e-06,0.00014247513900045305,0.0027450518682599068,0.013167990371584892,0.11796319484710693,0.7665535807609558,0.9995008707046509
HCC_10074592_20130816,liver,D5,True,0,4,0,5,"[192, 192, 192]","[25, 336, 500]",none_same_size,"[25, 336, 500]",final_output_sliding_window_fused_full_volume,predictor_crop_to_nonzero_bbox,nearest,gt_foreground,0.5,267135,0.9516085982322693,0.1801704317331314,0.0001376293075736612,0.6172463297843933,0.9982797503471375,0.9996716976165771,0.9998918771743774,0.9999735355377197,0.9999991655349731
HCC_10074592_20130816,liver,D5,True,0,4,0,5,"[192, 192, 192]","[25, 336, 500]",none_same_size,"[25, 336, 500]",final_output_sliding_window_fused_full_volume,predictor_crop_to_nonzero_bbox,nearest,gt_background_valid,0.5,3932865,0.015450206585228443,0.11099812388420105,0.0,1.0705542992332966e-22,2.1387196458277913e-09,1.79578066195063e-07,6.585714345419547e-06,0.0021555640269070864,0.9999786615371704
HCC_10074592_20130816,liver,D5,True,0,4,0,5,"[192, 192, 192]","[25, 336, 500]",none_same_size,"[25, 336, 500]",final_output_sliding_window_fused_full_volume,predictor_crop_to_nonzero_bbox,nearest,gt_background_all,0.5,3932865,0.015450206585228443,0.11099812388420105,0.0,1.0705542992332966e-22,2.1387196458277913e-09,1.79578066195063e-07,6.585714345419547e-06,0.0021555640269070864,0.9999786615371704
HCC_10074592_20130816,liver,D5,True,0,4,0,5,"[192, 192, 192]","[25, 336, 500]",none_same_size,"[25, 336, 500]",final_output_sliding_window_fused_full_volume,predictor_crop_to_nonzero_bbox,nearest,d5_false_negative,0.5,11677,0.1582677960395813,0.1548282951116562,0.0001376293075736612,0.0029325613286346197,0.02232513390481472,0.09865447878837585,0.2782719135284424,0.46065399050712585,0.499981164932251
HCC_10076307_20130925,liver,D1,False,4,0,4,1,"[12, 12, 12]","[25, 340, 511]",none_same_size,"[25, 340, 511]",patch_upsampled_then_sliding_window_fused_full_volume,predictor_crop_to_nonzero_bbox,nearest,gt_foreground,0.5,275831,0.44294479489326477,0.12398149073123932,0.11499985307455063,0.2224457859992981,0.3574323058128357,0.4498560130596161,0.5351220369338989,0.6360082626342773,0.7755309343338013
HCC_10076307_20130925,liver,D1,False,4,0,4,1,"[12, 12, 12]","[25, 340, 511]",none_same_size,"[25, 340, 511]",patch_upsampled_then_sliding_window_fused_full_volume,predictor_crop_to_nonzero_bbox,nearest,gt_background_valid,0.5,4067669,0.526697039604187,0.1146247610449791,0.09723108261823654,0.3343687951564789,0.45527592301368713,0.5313628911972046,0.5971686840057373,0.7164780497550964,0.9101415276527405
HCC_10076307_20130925,liver,D1,False,4,0,4,1,"[12, 12, 12]","[25, 340, 511]",none_same_size,"[25, 340, 511]",patch_upsampled_then_sliding_window_fused_full_volume,predictor_crop_to_nonzero_bbox,nearest,gt_background_all,0.5,4067669,0.526697039604187,0.1146247610449791,0.09723108261823654,0.3343687951564789,0.45527592301368713,0.5313628911972046,0.5971686840057373,0.7164780497550964,0.9101415276527405
HCC_10076307_20130925,liver,D1,False,4,0,4,1,"[12, 12, 12]","[25, 340, 511]",none_same_size,"[25, 340, 511]",patch_upsampled_then_sliding_window_fused_full_volume,predictor_crop_to_nonzero_bbox,nearest,d5_false_negative,0.5,33743,0.4273304343223572,0.15303556621074677,0.11499985307455063,0.15355639159679413,0.3320487439632416,0.4236750304698944,0.5523481369018555,0.6550673246383667,0.7586252689361572
HCC_10076307_20130925,liver,D2,False,3,1,3,2,"[24, 24, 24]","[25, 340, 511]",none_same_size,"[25, 340, 511]",patch_upsampled_then_sliding_window_fused_full_volume,predictor_crop_to_nonzero_bbox,nearest,gt_foreground,0.5,275831,0.6415730714797974,0.4363839328289032,1.0402366732483858e-14,6.109756213845685e-06,0.04898180067539215,0.9652989506721497,0.9997101426124573,0.9999977350234985,1.0
HCC_10076307_20130925,liver,D2,False,3,1,3,2,"[24, 24, 24]","[25, 340, 511]",none_same_size,"[25, 340, 511]",patch_upsampled_then_sliding_window_fused_full_volume,predictor_crop_to_nonzero_bbox,nearest,gt_background_valid,0.5,4067669,0.007774446625262499,0.07771416753530502,0.0,2.118189286509422e-30,1.630252531437234e-23,1.9569771458385775e-17,2.7249929743233814e-12,1.7577872313268017e-06,0.9999997615814209
HCC_10076307_20130925,liver,D2,False,3,1,3,2,"[24, 24, 24]","[25, 340, 511]",none_same_size,"[25, 340, 511]",patch_upsampled_then_sliding_window_fused_full_volume,predictor_crop_to_nonzero_bbox,nearest,gt_background_all,0.5,4067669,0.007774446625262499,0.07771416753530502,0.0,2.118189286509422e-30,1.630252531437234e-23,1.9569771458385775e-17,2.7249929743233814e-12,1.7577872313268017e-06,0.9999997615814209
HCC_10076307_20130925,liver,D2,False,3,1,3,2,"[24, 24, 24]","[25, 340, 511]",none_same_size,"[25, 340, 511]",patch_upsampled_then_sliding_window_fused_full_volume,predictor_crop_to_nonzero_bbox,nearest,d5_false_negative,0.5,33743,0.07700659334659576,0.22410185635089874,1.0402366732483858e-14,1.0778745895834163e-08,1.6980969803626067e-06,6.77526113577187e-05,0.005424403585493565,0.7719512581825256,0.9999083280563354
HCC_10076307_20130925,liver,D3,False,2,2,2,3,"[48, 48, 48]","[25, 340, 511]",none_same_size,"[25, 340, 511]",patch_upsampled_then_sliding_window_fused_full_volume,predictor_crop_to_nonzero_bbox,nearest,gt_foreground,0.5,275831,0.762788712978363,0.37521886825561523,1.1871184568690296e-07,0.0025434568524360657,0.6090097427368164,0.9957411289215088,0.9998898506164551,0.999996542930603,1.0
HCC_10076307_20130925,liver,D3,False,2,2,2,3,"[48, 48, 48]","[25, 340, 511]",none_same_size,"[25, 340, 511]",patch_upsampled_then_sliding_window_fused_full_volume,predictor_crop_to_nonzero_bbox,nearest,gt_background_valid,0.5,4067669,0.013374886475503445,0.10266513377428055,3.104342181559092e-36,1.9783852739457342e-22,1.2459498900272911e-15,9.965642755460635e-10,4.729071463316359e-07,0.0005931684863753617,0.9999998807907104
HCC_10076307_20130925,liver,D3,False,2,2,2,3,"[48, 48, 48]","[25, 340, 511]",none_same_size,"[25, 340, 511]",patch_upsampled_then_sliding_window_fused_full_volume,predictor_crop_to_nonzero_bbox,nearest,gt_background_all,0.5,4067669,0.013374886475503445,0.10266513377428055,3.104342181559092e-36,1.9783852739457342e-22,1.2459498900272911e-15,9.965642755460635e-10,4.729071463316359e-07,0.0005931684863753617,0.9999998807907104
HCC_10076307_20130925,liver,D3,False,2,2,2,3,"[48, 48, 48]","[25, 340, 511]",none_same_size,"[25, 340, 511]",patch_upsampled_then_sliding_window_fused_full_volume,predictor_crop_to_nonzero_bbox,nearest,d5_false_negative,0.5,33743,0.11075091361999512,0.22039668262004852,1.1871184568690296e-07,6.324067362584174e-05,0.0010289588244631886,0.008703058585524559,0.08331230282783508,0.6854371428489685,0.9996795654296875
HCC_10076307_20130925,liver,D4,False,1,3,1,4,"[96, 96, 96]","[25, 340, 511]",none_same_size,"[25, 340, 511]",patch_upsampled_then_sliding_window_fused_full_volume,predictor_crop_to_nonzero_bbox,nearest,gt_foreground,0.5,275831,0.8263577222824097,0.33182433247566223,4.482120857574046e-06,0.010423975996673107,0.8986419439315796,0.9980177879333496,0.9997875094413757,0.9999709129333496,0.9999997615814209
HCC_10076307_20130925,liver,D4,False,1,3,1,4,"[96, 96, 96]","[25, 340, 511]",none_same_size,"[25, 340, 511]",patch_upsampled_then_sliding_window_fused_full_volume,predictor_crop_to_nonzero_bbox,nearest,gt_background_valid,0.5,4067669,0.013582167215645313,0.1031067818403244,1.4914480452462474e-27,3.1991057989255636e-17,6.597090929094662e-12,1.9001276996277738e-07,6.678014415228972e-06,0.0008433561306446791,0.9999997615814209
HCC_10076307_20130925,liver,D4,False,1,3,1,4,"[96, 96, 96]","[25, 340, 511]",none_same_size,"[25, 340, 511]",patch_upsampled_then_sliding_window_fused_full_volume,predictor_crop_to_nonzero_bbox,nearest,gt_background_all,0.5,4067669,0.013582167215645313,0.1031067818403244,1.4914480452462474e-27,3.1991057989255636e-17,6.597090929094662e-12,1.9001276996277738e-07,6.678014415228972e-06,0.0008433561306446791,0.9999997615814209
HCC_10076307_20130925,liver,D4,False,1,3,1,4,"[96, 96, 96]","[25, 340, 511]",none_same_size,"[25, 340, 511]",patch_upsampled_then_sliding_window_fused_full_volume,predictor_crop_to_nonzero_bbox,nearest,d5_false_negative,0.5,33743,0.15037666261196136,0.24534744024276733,4.482120857574046e-06,0.0003727760340552777,0.004192476160824299,0.021620789542794228,0.17401888966560364,0.7569307684898376,0.9801063537597656
HCC_10076307_20130925,liver,D5,True,0,4,0,5,"[192, 192, 192]","[25, 340, 511]",none_same_size,"[25, 340, 511]",final_output_sliding_window_fused_full_volume,predictor_crop_to_nonzero_bbox,nearest,gt_foreground,0.5,275831,0.8696323037147522,0.2900773882865906,9.117449053519522e-07,0.03140787407755852,0.9692361354827881,0.9973426461219788,0.999213457107544,0.9997687935829163,0.9999946355819702
HCC_10076307_20130925,liver,D5,True,0,4,0,5,"[192, 192, 192]","[25, 340, 511]",none_same_size,"[25, 340, 511]",final_output_sliding_window_fused_full_volume,predictor_crop_to_nonzero_bbox,nearest,gt_background_valid,0.5,4067669,0.013348592445254326,0.10364143550395966,3.6037023783983325e-33,2.3155574598384773e-17,4.305340112198408e-11,3.3919047837116523e-07,1.1697576155711431e-05,0.0009697527857497334,0.9999724626541138
HCC_10076307_20130925,liver,D5,True,0,4,0,5,"[192, 192, 192]","[25, 340, 511]",none_same_size,"[25, 340, 511]",final_output_sliding_window_fused_full_volume,predictor_crop_to_nonzero_bbox,nearest,gt_background_all,0.5,4067669,0.013348592445254326,0.10364143550395966,3.6037023783983325e-33,2.3155574598384773e-17,4.305340112198408e-11,3.3919047837116523e-07,1.1697576155711431e-05,0.0009697527857497334,0.9999724626541138
HCC_10076307_20130925,liver,D5,True,0,4,0,5,"[192, 192, 192]","[25, 340, 511]",none_same_size,"[25, 340, 511]",final_output_sliding_window_fused_full_volume,predictor_crop_to_nonzero_bbox,nearest,d5_false_negative,0.5,33743,0.1291503757238388,0.1479768306016922,9.117449053519522e-07,0.0006409405032172799,0.00936485268175602,0.05865129828453064,0.2215781807899475,0.4440295100212097,0.4999766945838928
HCC_10081574_20140213,liver,D1,False,4,0,4,1,"[12, 12, 12]","[25, 364, 476]",none_same_size,"[25, 364, 476]",patch_upsampled_then_sliding_window_fused_full_volume,predictor_crop_to_nonzero_bbox,nearest,gt_foreground,0.5,260574,0.5060563683509827,0.12955094873905182,0.14096146821975708,0.3202148973941803,0.41595059633255005,0.4901438355445862,0.5792480111122131,0.7574524283409119,0.8921456336975098
HCC_10081574_20140213,liver,D1,False,4,0,4,1,"[12, 12, 12]","[25, 364, 476]",none_same_size,"[25, 364, 476]",patch_upsampled_then_sliding_window_fused_full_volume,predictor_crop_to_nonzero_bbox,nearest,gt_background_valid,0.5,4071026,0.5128887295722961,0.11221661418676376,0.10296982526779175,0.34503448009490967,0.4407541751861572,0.5024855136871338,0.5743913650512695,0.7331590056419373,0.9052671194076538
HCC_10081574_20140213,liver,D1,False,4,0,4,1,"[12, 12, 12]","[25, 364, 476]",none_same_size,"[25, 364, 476]",patch_upsampled_then_sliding_window_fused_full_volume,predictor_crop_to_nonzero_bbox,nearest,gt_background_all,0.5,4071026,0.5128887295722961,0.11221661418676376,0.10296982526779175,0.34503448009490967,0.4407541751861572,0.5024855136871338,0.5743913650512695,0.7331590056419373,0.9052671194076538
HCC_10081574_20140213,liver,D1,False,4,0,4,1,"[12, 12, 12]","[25, 364, 476]",none_same_size,"[25, 364, 476]",patch_upsampled_then_sliding_window_fused_full_volume,predictor_crop_to_nonzero_bbox,nearest,d5_false_negative,0.5,9859,0.5103327631950378,0.12756094336509705,0.14096146821975708,0.3420748710632324,0.42250287532806396,0.4881014823913574,0.5823112726211548,0.7839289903640747,0.8921456336975098
HCC_10081574_20140213,liver,D2,False,3,1,3,2,"[24, 24, 24]","[25, 364, 476]",none_same_size,"[25, 364, 476]",patch_upsampled_then_sliding_window_fused_full_volume,predictor_crop_to_nonzero_bbox,nearest,gt_foreground,0.5,260574,0.7833517789840698,0.3745410442352295,1.984074559648833e-14,0.0002913647913374007,0.768684983253479,0.9993662238121033,0.9999909400939941,1.0,1.0
HCC_10081574_20140213,liver,D2,False,3,1,3,2,"[24, 24, 24]","[25, 364, 476]",none_same_size,"[25, 364, 476]",patch_upsampled_then_sliding_window_fused_full_volume,predictor_crop_to_nonzero_bbox,nearest,gt_background_valid,0.5,4071026,0.011932745575904846,0.09818518161773682,0.0,0.0,1.7597789166812738e-23,2.654843000228996e-18,1.7098516070894465e-13,1.4927682968846057e-05,0.9999994039535522
HCC_10081574_20140213,liver,D2,False,3,1,3,2,"[24, 24, 24]","[25, 364, 476]",none_same_size,"[25, 364, 476]",patch_upsampled_then_sliding_window_fused_full_volume,predictor_crop_to_nonzero_bbox,nearest,gt_background_all,0.5,4071026,0.011932745575904846,0.09818518161773682,0.0,0.0,1.7597789166812738e-23,2.654843000228996e-18,1.7098516070894465e-13,1.4927682968846057e-05,0.9999994039535522
HCC_10081574_20140213,liver,D2,False,3,1,3,2,"[24, 24, 24]","[25, 364, 476]",none_same_size,"[25, 364, 476]",patch_upsampled_then_sliding_window_fused_full_volume,predictor_crop_to_nonzero_bbox,nearest,d5_false_negative,0.5,9859,0.11396230012178421,0.26463550329208374,1.984074559648833e-14,1.404707183905174e-10,8.03221524847686e-08,8.071924821706489e-05,0.01969253271818161,0.8940179347991943,0.9999991655349731
HCC_10081574_20140213,liver,D3,False,2,2,2,3,"[48, 48, 48]","[25, 364, 476]",none_same_size,"[25, 364, 476]",patch_upsampled_then_sliding_window_fused_full_volume,predictor_crop_to_nonzero_bbox,nearest,gt_foreground,0.5,260574,0.8720998167991638,0.29062551259994507,2.1385126558470802e-08,0.03869034722447395,0.9821829795837402,0.9997643232345581,0.9999840259552002,0.9999984502792358,1.0
HCC_10081574_20140213,liver,D3,False,2,2,2,3,"[48, 48, 48]","[25, 364, 476]",none_same_size,"[25, 364, 476]",patch_upsampled_then_sliding_window_fused_full_volume,predictor_crop_to_nonzero_bbox,nearest,gt_background_valid,0.5,4071026,0.012797495350241661,0.09962291270494461,0.0,0.0,5.280113911203255e-13,9.005027834518842e-10,1.4851110563540715e-07,0.0004613740020431578,0.9999998807907104
HCC_10081574_20140213,liver,D3,False,2,2,2,3,"[48, 48, 48]","[25, 364, 476]",none_same_size,"[25, 364, 476]",patch_upsampled_then_sliding_window_fused_full_volume,predictor_crop_to_nonzero_bbox,nearest,gt_background_all,0.5,4071026,0.012797495350241661,0.09962291270494461,0.0,0.0,5.280113911203255e-13,9.005027834518842e-10,1.4851110563540715e-07,0.0004613740020431578,0.9999998807907104
HCC_10081574_20140213,liver,D3,False,2,2,2,3,"[48, 48, 48]","[25, 364, 476]",none_same_size,"[25, 364, 476]",patch_upsampled_then_sliding_window_fused_full_volume,predictor_crop_to_nonzero_bbox,nearest,d5_false_negative,0.5,9859,0.08500403165817261,0.18647527694702148,2.1385126558470802e-08,8.123719453578815e-06,0.0003509935340844095,0.005766391754150391,0.0656360536813736,0.5593715310096741,0.9984415173530579
HCC_10081574_20140213,liver,D4,False,1,3,1,4,"[96, 96, 96]","[25, 364, 476]",none_same_size,"[25, 364, 476]",patch_upsampled_then_sliding_window_fused_full_volume,predictor_crop_to_nonzero_bbox,nearest,gt_foreground,0.5,260574,0.9156687259674072,0.24094992876052856,1.5990916608643602e-06,0.13415907323360443,0.9962579011917114,0.9998119473457336,0.9999653100967407,0.9999945163726807,0.9999998807907104
HCC_10081574_20140213,liver,D4,False,1,3,1,4,"[96, 96, 96]","[25, 364, 476]",none_same_size,"[25, 364, 476]",patch_upsampled_then_sliding_window_fused_full_volume,predictor_crop_to_nonzero_bbox,nearest,gt_background_valid,0.5,4071026,0.014864357188344002,0.10744931548833847,0.0,2.9966834377783742e-27,6.289632703548875e-10,9.137455947438866e-08,3.0364608392119408e-06,0.0017983110155910254,0.9999983310699463
HCC_10081574_20140213,liver,D4,False,1,3,1,4,"[96, 96, 96]","[25, 364, 476]",none_same_size,"[25, 364, 476]",patch_upsampled_then_sliding_window_fused_full_volume,predictor_crop_to_nonzero_bbox,nearest,gt_background_all,0.5,4071026,0.014864357188344002,0.10744931548833847,0.0,2.9966834377783742e-27,6.289632703548875e-10,9.137455947438866e-08,3.0364608392119408e-06,0.0017983110155910254,0.9999983310699463
HCC_10081574_20140213,liver,D4,False,1,3,1,4,"[96, 96, 96]","[25, 364, 476]",none_same_size,"[25, 364, 476]",patch_upsampled_then_sliding_window_fused_full_volume,predictor_crop_to_nonzero_bbox,nearest,d5_false_negative,0.5,9859,0.16605454683303833,0.27733126282691956,1.5990916608643602e-06,0.00011508588067954406,0.0022441446781158447,0.017904922366142273,0.17805621027946472,0.8431729674339294,0.9963172674179077
HCC_10081574_20140213,liver,D5,True,0,4,0,5,"[192, 192, 192]","[25, 364, 476]",none_same_size,"[25, 364, 476]",final_output_sliding_window_fused_full_volume,predictor_crop_to_nonzero_bbox,nearest,gt_foreground,0.5,260574,0.9568764567375183,0.16827479004859924,3.735265272553079e-05,0.7261210680007935,0.9976720213890076,0.9994182586669922,0.9997901320457458,0.9999384880065918,0.9999977350234985
HCC_10081574_20140213,liver,D5,True,0,4,0,5,"[192, 192, 192]","[25, 364, 476]",none_same_size,"[25, 364, 476]",final_output_sliding_window_fused_full_volume,predictor_crop_to_nonzero_bbox,nearest,gt_background_valid,0.5,4071026,0.014122889377176762,0.10491465032100677,0.0,2.2985814034076276e-27,1.3668159937196833e-09,1.887136988898419e-07,4.979514869773993e-06,0.0015972757246345282,0.9999462366104126
HCC_10081574_20140213,liver,D5,True,0,4,0,5,"[192, 192, 192]","[25, 364, 476]",none_same_size,"[25, 364, 476]",final_output_sliding_window_fused_full_volume,predictor_crop_to_nonzero_bbox,nearest,gt_background_all,0.5,4071026,0.014122889377176762,0.10491465032100677,0.0,2.2985814034076276e-27,1.3668159937196833e-09,1.887136988898419e-07,4.979514869773993e-06,0.0015972757246345282,0.9999462366104126
HCC_10081574_20140213,liver,D5,True,0,4,0,5,"[192, 192, 192]","[25, 364, 476]",none_same_size,"[25, 364, 476]",final_output_sliding_window_fused_full_volume,predictor_crop_to_nonzero_bbox,nearest,d5_false_negative,0.5,9859,0.1594136506319046,0.15325918793678284,3.735265272553079e-05,0.0026615045499056578,0.023442687466740608,0.10183747857809067,0.27999386191368103,0.4554812014102936,0.49997520446777344
HCC_10136895_20170421,liver,D1,False,4,0,4,1,"[12, 12, 12]","[25, 361, 490]",none_same_size,"[25, 361, 490]",patch_upsampled_then_sliding_window_fused_full_volume,predictor_crop_to_nonzero_bbox,nearest,gt_foreground,0.5,298520,0.4519898593425751,0.11134395003318787,0.13499867916107178,0.2672760784626007,0.37955886125564575,0.4482414722442627,0.5239236354827881,0.6487740278244019,0.7686713933944702
HCC_10136895_20170421,liver,D1,False,4,0,4,1,"[12, 12, 12]","[25, 361, 490]",none_same_size,"[25, 361, 490]",patch_upsampled_then_sliding_window_fused_full_volume,predictor_crop_to_nonzero_bbox,nearest,gt_background_valid,0.5,4123730,0.5213676691055298,0.11221423745155334,0.11876635253429413,0.3517303168773651,0.44500991702079773,0.5165446996688843,0.590255856513977,0.7249374389648438,0.8907385468482971
HCC_10136895_20170421,liver,D1,False,4,0,4,1,"[12, 12, 12]","[25, 361, 490]",none_same_size,"[25, 361, 490]",patch_upsampled_then_sliding_window_fused_full_volume,predictor_crop_to_nonzero_bbox,nearest,gt_background_all,0.5,4123730,0.5213676691055298,0.11221423745155334,0.11876635253429413,0.3517303168773651,0.44500991702079773,0.5165446996688843,0.590255856513977,0.7249374389648438,0.8907385468482971
HCC_10136895_20170421,liver,D1,False,4,0,4,1,"[12, 12, 12]","[25, 361, 490]",none_same_size,"[25, 361, 490]",patch_upsampled_then_sliding_window_fused_full_volume,predictor_crop_to_nonzero_bbox,nearest,d5_false_negative,0.5,20272,0.4101639688014984,0.1172458603978157,0.13630960881710052,0.23448842763900757,0.33166253566741943,0.3967471420764923,0.46073463559150696,0.6566489934921265,0.7586729526519775
HCC_10136895_20170421,liver,D2,False,3,1,3,2,"[24, 24, 24]","[25, 361, 490]",none_same_size,"[25, 361, 490]",patch_upsampled_then_sliding_window_fused_full_volume,predictor_crop_to_nonzero_bbox,nearest,gt_foreground,0.5,298520,0.6266170144081116,0.4407270848751068,2.516964755513258e-15,5.650571893056622e-06,0.0347580686211586,0.9530329704284668,0.9997710585594177,0.9999980926513672,1.0
HCC_10136895_20170421,liver,D2,False,3,1,3,2,"[24, 24, 24]","[25, 361, 490]",none_same_size,"[25, 361, 490]",patch_upsampled_then_sliding_window_fused_full_volume,predictor_crop_to_nonzero_bbox,nearest,gt_background_valid,0.5,4123730,0.006552292965352535,0.07222198694944382,0.0,2.2154812026306357e-33,5.635681629238981e-23,1.095021033153208e-17,6.450349152378743e-13,5.620569481834536e-06,1.0
HCC_10136895_20170421,liver,D2,False,3,1,3,2,"[24, 24, 24]","[25, 361, 490]",none_same_size,"[25, 361, 490]",patch_upsampled_then_sliding_window_fused_full_volume,predictor_crop_to_nonzero_bbox,nearest,gt_background_all,0.5,4123730,0.006552292965352535,0.07222198694944382,0.0,2.2154812026306357e-33,5.635681629238981e-23,1.095021033153208e-17,6.450349152378743e-13,5.620569481834536e-06,1.0
HCC_10136895_20170421,liver,D2,False,3,1,3,2,"[24, 24, 24]","[25, 361, 490]",none_same_size,"[25, 361, 490]",patch_upsampled_then_sliding_window_fused_full_volume,predictor_crop_to_nonzero_bbox,nearest,d5_false_negative,0.5,20272,0.048160623759031296,0.1745550036430359,2.516964755513258e-15,6.419952902625425e-10,6.422306455533544e-07,1.755198900355026e-05,0.001679956098087132,0.3795284330844879,0.9997392296791077
HCC_10136895_20170421,liver,D3,False,2,2,2,3,"[48, 48, 48]","[25, 361, 490]",none_same_size,"[25, 361, 490]",patch_upsampled_then_sliding_window_fused_full_volume,predictor_crop_to_nonzero_bbox,nearest,gt_foreground,0.5,298520,0.8001547455787659,0.35047322511672974,1.450311799544579e-07,0.004183071665465832,0.8158836960792542,0.9955919981002808,0.9996592998504639,0.9999935626983643,1.0
HCC_10136895_20170421,liver,D3,False,2,2,2,3,"[48, 48, 48]","[25, 361, 490]",none_same_size,"[25, 361, 490]",patch_upsampled_then_sliding_window_fused_full_volume,predictor_crop_to_nonzero_bbox,nearest,gt_background_valid,0.5,4123730,0.013460952788591385,0.10078680515289307,0.0,1.6167443866776156e-26,3.6430943982021513e-13,2.096097295734012e-09,4.3599331434052147e-07,0.0015675079775974154,0.9999945163726807
HCC_10136895_20170421,liver,D3,False,2,2,2,3,"[48, 48, 48]","[25, 361, 490]",none_same_size,"[25, 361, 490]",patch_upsampled_then_sliding_window_fused_full_volume,predictor_crop_to_nonzero_bbox,nearest,gt_background_all,0.5,4123730,0.013460952788591385,0.10078680515289307,0.0,1.6167443866776156e-26,3.6430943982021513e-13,2.096097295734012e-09,4.3599331434052147e-07,0.0015675079775974154,0.9999945163726807
HCC_10136895_20170421,liver,D3,False,2,2,2,3,"[48, 48, 48]","[25, 361, 490]",none_same_size,"[25, 361, 490]",patch_upsampled_then_sliding_window_fused_full_volume,predictor_crop_to_nonzero_bbox,nearest,d5_false_negative,0.5,20272,0.08861597627401352,0.20903339982032776,1.450311799544579e-07,7.096685749274911e-06,0.0002512687351554632,0.0024513588286936283,0.04470744729042053,0.6553590297698975,0.9995773434638977
HCC_10136895_20170421,liver,D4,False,1,3,1,4,"[96, 96, 96]","[25, 361, 490]",none_same_size,"[25, 361, 490]",patch_upsampled_then_sliding_window_fused_full_volume,predictor_crop_to_nonzero_bbox,nearest,gt_foreground,0.5,298520,0.8689548373222351,0.2936690151691437,3.498941225643648e-07,0.01972082257270813,0.9689767956733704,0.9978341460227966,0.9997446537017822,0.9999833106994629,1.0
HCC_10136895_20170421,liver,D4,False,1,3,1,4,"[96, 96, 96]","[25, 361, 490]",none_same_size,"[25, 361, 490]",patch_upsampled_then_sliding_window_fused_full_volume,predictor_crop_to_nonzero_bbox,nearest,gt_background_valid,0.5,4123730,0.016980014741420746,0.11318572610616684,5.43743940287653e-33,1.342678743115462e-18,1.1483255457633845e-09,1.886849076981889e-07,5.71582859265618e-06,0.004776624031364918,0.9999866485595703
HCC_10136895_20170421,liver,D4,False,1,3,1,4,"[96, 96, 96]","[25, 361, 490]",none_same_size,"[25, 361, 490]",patch_upsampled_then_sliding_window_fused_full_volume,predictor_crop_to_nonzero_bbox,nearest,gt_background_all,0.5,4123730,0.016980014741420746,0.11318572610616684,5.43743940287653e-33,1.342678743115462e-18,1.1483255457633845e-09,1.886849076981889e-07,5.71582859265618e-06,0.004776624031364918,0.9999866485595703
HCC_10136895_20170421,liver,D4,False,1,3,1,4,"[96, 96, 96]","[25, 361, 490]",none_same_size,"[25, 361, 490]",patch_upsampled_then_sliding_window_fused_full_volume,predictor_crop_to_nonzero_bbox,nearest,d5_false_negative,0.5,20272,0.1217867061495781,0.24217450618743896,3.498941225643648e-07,7.930866559036076e-05,0.0015779816312715411,0.010286218486726284,0.06083201617002487,0.7715956568717957,0.9957269430160522
HCC_10136895_20170421,liver,D5,True,0,4,0,5,"[192, 192, 192]","[25, 361, 490]",none_same_size,"[25, 361, 490]",final_output_sliding_window_fused_full_volume,predictor_crop_to_nonzero_bbox,nearest,gt_foreground,0.5,298520,0.9239933490753174,0.22030407190322876,2.1055699107819237e-05,0.24814246594905853,0.9884188175201416,0.9973523020744324,0.9992091059684753,0.9998225569725037,0.9999926090240479
HCC_10136895_20170421,liver,D5,True,0,4,0,5,"[192, 192, 192]","[25, 361, 490]",none_same_size,"[25, 361, 490]",final_output_sliding_window_fused_full_volume,predictor_crop_to_nonzero_bbox,nearest,gt_background_valid,0.5,4123730,0.016343822702765465,0.11241938173770905,0.0,3.612095075768996e-18,3.1073792428060187e-09,3.718477614711446e-07,9.800111001823097e-06,0.004350658040493727,0.9999136924743652
HCC_10136895_20170421,liver,D5,True,0,4,0,5,"[192, 192, 192]","[25, 361, 490]",none_same_size,"[25, 361, 490]",final_output_sliding_window_fused_full_volume,predictor_crop_to_nonzero_bbox,nearest,gt_background_all,0.5,4123730,0.016343822702765465,0.11241938173770905,0.0,3.612095075768996e-18,3.1073792428060187e-09,3.718477614711446e-07,9.800111001823097e-06,0.004350658040493727,0.9999136924743652
HCC_10136895_20170421,liver,D5,True,0,4,0,5,"[192, 192, 192]","[25, 361, 490]",none_same_size,"[25, 361, 490]",final_output_sliding_window_fused_full_volume,predictor_crop_to_nonzero_bbox,nearest,d5_false_negative,0.5,20272,0.15089856088161469,0.1495617926120758,2.1055699107819237e-05,0.001996039878576994,0.02267514169216156,0.09193876385688782,0.2592756748199463,0.45209386944770813,0.4999539852142334
HCC_10140276_20170721,liver,D1,False,4,0,4,1,"[12, 12, 12]","[23, 310, 499]",none_same_size,"[23, 310, 499]",patch_upsampled_then_sliding_window_fused_full_volume,predictor_crop_to_nonzero_bbox,nearest,gt_foreground,0.5,224631,0.47007066011428833,0.1442001312971115,0.13004858791828156,0.2300310730934143,0.37297549843788147,0.46905407309532166,0.5570236444473267,0.7300807237625122,0.8959437012672424
HCC_10140276_20170721,liver,D1,False,4,0,4,1,"[12, 12, 12]","[23, 310, 499]",none_same_size,"[23, 310, 499]",patch_upsampled_then_sliding_window_fused_full_volume,predictor_crop_to_nonzero_bbox,nearest,gt_background_valid,0.5,3333239,0.5257651209831238,0.10941915214061737,0.0853787288069725,0.35380876064300537,0.4626743793487549,0.5228415131568909,0.586995005607605,0.7165624499320984,0.8985739350318909
HCC_10140276_20170721,liver,D1,False,4,0,4,1,"[12, 12, 12]","[23, 310, 499]",none_same_size,"[23, 310, 499]",patch_upsampled_then_sliding_window_fused_full_volume,predictor_crop_to_nonzero_bbox,nearest,gt_background_all,0.5,3333239,0.5257651209831238,0.10941915214061737,0.0853787288069725,0.35380876064300537,0.4626743793487549,0.5228415131568909,0.586995005607605,0.7165624499320984,0.8985739350318909
HCC_10140276_20170721,liver,D1,False,4,0,4,1,"[12, 12, 12]","[23, 310, 499]",none_same_size,"[23, 310, 499]",patch_upsampled_then_sliding_window_fused_full_volume,predictor_crop_to_nonzero_bbox,nearest,d5_false_negative,0.5,32267,0.42787784337997437,0.11927580088376999,0.13004858791828156,0.22358852624893188,0.3548027575016022,0.4341720938682556,0.4928397238254547,0.6402158737182617,0.8420957922935486
HCC_10140276_20170721,liver,D2,False,3,1,3,2,"[24, 24, 24]","[23, 310, 499]",none_same_size,"[23, 310, 499]",patch_upsampled_then_sliding_window_fused_full_volume,predictor_crop_to_nonzero_bbox,nearest,gt_foreground,0.5,224631,0.4960479140281677,0.4632278382778168,3.786376187630072e-15,6.959505753911799e-07,0.00047649076441302896,0.485666424036026,0.9986530542373657,0.9999996423721313,1.0
HCC_10140276_20170721,liver,D2,False,3,1,3,2,"[24, 24, 24]","[23, 310, 499]",none_same_size,"[23, 310, 499]",patch_upsampled_then_sliding_window_fused_full_volume,predictor_crop_to_nonzero_bbox,nearest,gt_background_valid,0.5,3333239,0.008356255479156971,0.07982053607702255,0.0,7.161361965506101e-32,5.135319226629143e-24,7.140671793040045e-19,1.3002160383513567e-13,4.5896963456470985e-06,0.9999916553497314
HCC_10140276_20170721,liver,D2,False,3,1,3,2,"[24, 24, 24]","[23, 310, 499]",none_same_size,"[23, 310, 499]",patch_upsampled_then_sliding_window_fused_full_volume,predictor_crop_to_nonzero_bbox,nearest,gt_background_all,0.5,3333239,0.008356255479156971,0.07982053607702255,0.0,7.161361965506101e-32,5.135319226629143e-24,7.140671793040045e-19,1.3002160383513567e-13,4.5896963456470985e-06,0.9999916553497314
HCC_10140276_20170721,liver,D2,False,3,1,3,2,"[24, 24, 24]","[23, 310, 499]",none_same_size,"[23, 310, 499]",patch_upsampled_then_sliding_window_fused_full_volume,predictor_crop_to_nonzero_bbox,nearest,d5_false_negative,0.5,32267,0.08569338917732239,0.2527540922164917,3.786376187630072e-15,1.3828682643435286e-09,1.314064775215229e-06,3.364507938385941e-05,0.0012463437160477042,0.9416210651397705,0.9999606609344482
HCC_10140276_20170721,liver,D3,False,2,2,2,3,"[48, 48, 48]","[23, 310, 499]",none_same_size,"[23, 310, 499]",patch_upsampled_then_sliding_window_fused_full_volume,predictor_crop_to_nonzero_bbox,nearest,gt_foreground,0.5,224631,0.6800018548965454,0.4006434381008148,1.3296396872419791e-08,0.0028756053652614355,0.2402200996875763,0.9582878947257996,0.9995688796043396,0.9999960660934448,1.0
HCC_10140276_20170721,liver,D3,False,2,2,2,3,"[48, 48, 48]","[23, 310, 499]",none_same_size,"[23, 310, 499]",patch_upsampled_then_sliding_window_fused_full_volume,predictor_crop_to_nonzero_bbox,nearest,gt_background_valid,0.5,3333239,0.011691653169691563,0.09499138593673706,0.0,1.1439968402877783e-26,1.667086370479246e-14,2.5088087163283035e-10,1.0833480246219551e-07,0.0007948017446324229,0.9999991655349731
HCC_10140276_20170721,liver,D3,False,2,2,2,3,"[48, 48, 48]","[23, 310, 499]",none_same_size,"[23, 310, 499]",patch_upsampled_then_sliding_window_fused_full_volume,predictor_crop_to_nonzero_bbox,nearest,gt_background_all,0.5,3333239,0.011691653169691563,0.09499138593673706,0.0,1.1439968402877783e-26,1.667086370479246e-14,2.5088087163283035e-10,1.0833480246219551e-07,0.0007948017446324229,0.9999991655349731
HCC_10140276_20170721,liver,D3,False,2,2,2,3,"[48, 48, 48]","[23, 310, 499]",none_same_size,"[23, 310, 499]",patch_upsampled_then_sliding_window_fused_full_volume,predictor_crop_to_nonzero_bbox,nearest,d5_false_negative,0.5,32267,0.12175089865922928,0.23532970249652863,1.3296396872419791e-08,4.601888213073835e-05,0.0021733399480581284,0.01590835489332676,0.09905365109443665,0.7824201583862305,0.9996418952941895
HCC_10140276_20170721,liver,D4,False,1,3,1,4,"[96, 96, 96]","[23, 310, 499]",none_same_size,"[23, 310, 499]",patch_upsampled_then_sliding_window_fused_full_volume,predictor_crop_to_nonzero_bbox,nearest,gt_foreground,0.5,224631,0.7908563017845154,0.34351298213005066,1.0423217133848084e-07,0.014979708008468151,0.7302972078323364,0.9940850734710693,0.9998902082443237,0.9999963045120239,1.0
HCC_10140276_20170721,liver,D4,False,1,3,1,4,"[96, 96, 96]","[23, 310, 499]",none_same_size,"[23, 310, 499]",patch_upsampled_then_sliding_window_fused_full_volume,predictor_crop_to_nonzero_bbox,nearest,gt_background_valid,0.5,3333239,0.015808070078492165,0.11247992515563965,2.264466623623293e-33,5.7038198748915676e-21,1.0387933568889451e-10,3.7745859771121104e-08,1.5808982425369322e-06,0.0011182650923728943,0.9999972581863403
HCC_10140276_20170721,liver,D4,False,1,3,1,4,"[96, 96, 96]","[23, 310, 499]",none_same_size,"[23, 310, 499]",patch_upsampled_then_sliding_window_fused_full_volume,predictor_crop_to_nonzero_bbox,nearest,gt_background_all,0.5,3333239,0.015808070078492165,0.11247992515563965,2.264466623623293e-33,5.7038198748915676e-21,1.0387933568889451e-10,3.7745859771121104e-08,1.5808982425369322e-06,0.0011182650923728943,0.9999972581863403
HCC_10140276_20170721,liver,D4,False,1,3,1,4,"[96, 96, 96]","[23, 310, 499]",none_same_size,"[23, 310, 499]",patch_upsampled_then_sliding_window_fused_full_volume,predictor_crop_to_nonzero_bbox,nearest,d5_false_negative,0.5,32267,0.1748833805322647,0.2352314293384552,1.0423217133848084e-07,0.00043952351552434266,0.00997560191899538,0.056682150810956955,0.2577274441719055,0.7209476232528687,0.9927352666854858
HCC_10140276_20170721,liver,D5,True,0,4,0,5,"[192, 192, 192]","[23, 310, 499]",none_same_size,"[23, 310, 499]",final_output_sliding_window_fused_full_volume,predictor_crop_to_nonzero_bbox,nearest,gt_foreground,0.5,224631,0.8453114032745361,0.3046584129333496,6.070219569664914e-06,0.03252285718917847,0.9147060513496399,0.9962837100028992,0.9996209144592285,0.9999533891677856,0.999997615814209
HCC_10140276_20170721,liver,D5,True,0,4,0,5,"[192, 192, 192]","[23, 310, 499]",none_same_size,"[23, 310, 499]",final_output_sliding_window_fused_full_volume,predictor_crop_to_nonzero_bbox,nearest,gt_background_valid,0.5,3333239,0.016422927379608154,0.11632493138313293,0.0,1.3081615010488214e-20,5.698465033177058e-10,1.0078932177748356e-07,3.2690754778741393e-06,0.0014040168607607484,0.9999502897262573
HCC_10140276_20170721,liver,D5,True,0,4,0,5,"[192, 192, 192]","[23, 310, 499]",none_same_size,"[23, 310, 499]",final_output_sliding_window_fused_full_volume,predictor_crop_to_nonzero_bbox,nearest,gt_background_all,0.5,3333239,0.016422927379608154,0.11632493138313293,0.0,1.3081615010488214e-20,5.698465033177058e-10,1.0078932177748356e-07,3.2690754778741393e-06,0.0014040168607607484,0.9999502897262573
HCC_10140276_20170721,liver,D5,True,0,4,0,5,"[192, 192, 192]","[23, 310, 499]",none_same_size,"[23, 310, 499]",final_output_sliding_window_fused_full_volume,predictor_crop_to_nonzero_bbox,nearest,d5_false_negative,0.5,32267,0.14198189973831177,0.14921443164348602,6.070219569664914e-06,0.0024151825346052647,0.01814916357398033,0.0757964625954628,0.24254827201366425,0.45001596212387085,0.49999678134918213
HCC_10142924_20170911,liver,D1,False,4,0,4,1,"[12, 12, 12]","[23, 293, 511]",none_same_size,"[23, 293, 511]",patch_upsampled_then_sliding_window_fused_full_volume,predictor_crop_to_nonzero_bbox,nearest,gt_foreground,0.5,212070,0.511184811592102,0.13590113818645477,0.1825096309185028,0.28881174325942993,0.4015960097312927,0.5199567079544067,0.6162664890289307,0.7241427898406982,0.8423895835876465
HCC_10142924_20170911,liver,D1,False,4,0,4,1,"[12, 12, 12]","[23, 293, 511]",none_same_size,"[23, 293, 511]",patch_upsampled_then_sliding_window_fused_full_volume,predictor_crop_to_nonzero_bbox,nearest,gt_background_valid,0.5,3231559,0.5249712467193604,0.11555895954370499,0.13103565573692322,0.34988927841186523,0.45046815276145935,0.5185990333557129,0.5883437395095825,0.7360852360725403,0.916610836982727
HCC_10142924_20170911,liver,D1,False,4,0,4,1,"[12, 12, 12]","[23, 293, 511]",none_same_size,"[23, 293, 511]",patch_upsampled_then_sliding_window_fused_full_volume,predictor_crop_to_nonzero_bbox,nearest,gt_background_all,0.5,3231559,0.5249712467193604,0.11555895954370499,0.13103565573692322,0.34988927841186523,0.45046815276145935,0.5185990333557129,0.5883437395095825,0.7360852360725403,0.916610836982727
HCC_10142924_20170911,liver,D1,False,4,0,4,1,"[12, 12, 12]","[23, 293, 511]",none_same_size,"[23, 293, 511]",patch_upsampled_then_sliding_window_fused_full_volume,predictor_crop_to_nonzero_bbox,nearest,d5_false_negative,0.5,30111,0.5366769433021545,0.14912092685699463,0.19103625416755676,0.28537148237228394,0.44216567277908325,0.5339062809944153,0.6627058982849121,0.7629390954971313,0.8423895835876465
HCC_10142924_20170911,liver,D2,False,3,1,3,2,"[24, 24, 24]","[23, 293, 511]",none_same_size,"[23, 293, 511]",patch_upsampled_then_sliding_window_fused_full_volume,predictor_crop_to_nonzero_bbox,nearest,gt_foreground,0.5,212070,0.6077902317047119,0.4538443982601166,3.54362327526705e-27,1.818482170401481e-11,0.004332905635237694,0.9545127749443054,0.9998315572738647,0.9999998807907104,1.0
HCC_10142924_20170911,liver,D2,False,3,1,3,2,"[24, 24, 24]","[23, 293, 511]",none_same_size,"[23, 293, 511]",patch_upsampled_then_sliding_window_fused_full_volume,predictor_crop_to_nonzero_bbox,nearest,gt_background_valid,0.5,3231559,0.005195434205234051,0.06052524968981743,0.0,1.265475945452238e-32,2.6667967493498276e-24,5.210672791328124e-19,1.1708323655219843e-13,9.612118674340309e-07,0.9999908208847046
HCC_10142924_20170911,liver,D2,False,3,1,3,2,"[24, 24, 24]","[23, 293, 511]",none_same_size,"[23, 293, 511]",patch_upsampled_then_sliding_window_fused_full_volume,predictor_crop_to_nonzero_bbox,nearest,gt_background_all,0.5,3231559,0.005195434205234051,0.06052524968981743,0.0,1.265475945452238e-32,2.6667967493498276e-24,5.210672791328124e-19,1.1708323655219843e-13,9.612118674340309e-07,0.9999908208847046
HCC_10142924_20170911,liver,D2,False,3,1,3,2,"[24, 24, 24]","[23, 293, 511]",none_same_size,"[23, 293, 511]",patch_upsampled_then_sliding_window_fused_full_volume,predictor_crop_to_nonzero_bbox,nearest,d5_false_negative,0.5,30111,0.07073818892240524,0.2131008356809616,3.54362327526705e-27,4.551591099075087e-18,1.202892169552272e-12,8.670071771632593e-09,0.00021154340356588364,0.6647889614105225,0.9999620914459229
HCC_10142924_20170911,liver,D3,False,2,2,2,3,"[48, 48, 48]","[23, 293, 511]",none_same_size,"[23, 293, 511]",patch_upsampled_then_sliding_window_fused_full_volume,predictor_crop_to_nonzero_bbox,nearest,gt_foreground,0.5,212070,0.7216548323631287,0.40891319513320923,1.6568694241314237e-20,2.0670777303166687e-05,0.3112911880016327,0.9965445399284363,0.9999791383743286,0.9999997615814209,1.0
HCC_10142924_20170911,liver,D3,False,2,2,2,3,"[48, 48, 48]","[23, 293, 511]",none_same_size,"[23, 293, 511]",patch_upsampled_then_sliding_window_fused_full_volume,predictor_crop_to_nonzero_bbox,nearest,gt_background_valid,0.5,3231559,0.0089693209156394,0.08340265601873398,1.584019353861212e-36,1.7974079605135505e-22,3.755040627262873e-15,2.5460089592144186e-10,9.684387691777374e-08,8.795328176347539e-05,0.9999988079071045
HCC_10142924_20170911,liver,D3,False,2,2,2,3,"[48, 48, 48]","[23, 293, 511]",none_same_size,"[23, 293, 511]",patch_upsampled_then_sliding_window_fused_full_volume,predictor_crop_to_nonzero_bbox,nearest,gt_background_all,0.5,3231559,0.0089693209156394,0.08340265601873398,1.584019353861212e-36,1.7974079605135505e-22,3.755040627262873e-15,2.5460089592144186e-10,9.684387691777374e-08,8.795328176347539e-05,0.9999988079071045
HCC_10142924_20170911,liver,D3,False,2,2,2,3,"[48, 48, 48]","[23, 293, 511]",none_same_size,"[23, 293, 511]",patch_upsampled_then_sliding_window_fused_full_volume,predictor_crop_to_nonzero_bbox,nearest,d5_false_negative,0.5,30111,0.07315938919782639,0.20778198540210724,1.6568694241314237e-20,6.448889165733274e-12,2.3864379272708902e-06,0.0003824632440228015,0.01334480382502079,0.6822854280471802,0.9997255206108093
HCC_10142924_20170911,liver,D4,False,1,3,1,4,"[96, 96, 96]","[23, 293, 511]",none_same_size,"[23, 293, 511]",patch_upsampled_then_sliding_window_fused_full_volume,predictor_crop_to_nonzero_bbox,nearest,gt_foreground,0.5,212070,0.7930923700332642,0.36601364612579346,1.3480992851980927e-13,0.0006629634299315512,0.8118847608566284,0.9992152452468872,0.9999730587005615,0.9999984502792358,1.0
HCC_10142924_20170911,liver,D4,False,1,3,1,4,"[96, 96, 96]","[23, 293, 511]",none_same_size,"[23, 293, 511]",patch_upsampled_then_sliding_window_fused_full_volume,predictor_crop_to_nonzero_bbox,nearest,gt_background_valid,0.5,3231559,0.011508031748235226,0.09534051269292831,1.5516653264454254e-27,1.136684995641871e-16,9.116095031624916e-12,5.090209853619854e-08,1.6725621208024677e-06,0.00030208361567929387,0.999984860420227
HCC_10142924_20170911,liver,D4,False,1,3,1,4,"[96, 96, 96]","[23, 293, 511]",none_same_size,"[23, 293, 511]",patch_upsampled_then_sliding_window_fused_full_volume,predictor_crop_to_nonzero_bbox,nearest,gt_background_all,0.5,3231559,0.011508031748235226,0.09534051269292831,1.5516653264454254e-27,1.136684995641871e-16,9.116095031624916e-12,5.090209853619854e-08,1.6725621208024677e-06,0.00030208361567929387,0.999984860420227
HCC_10142924_20170911,liver,D4,False,1,3,1,4,"[96, 96, 96]","[23, 293, 511]",none_same_size,"[23, 293, 511]",patch_upsampled_then_sliding_window_fused_full_volume,predictor_crop_to_nonzero_bbox,nearest,d5_false_negative,0.5,30111,0.11404914408922195,0.2351265251636505,1.3480992851980927e-13,1.3907111018340856e-08,7.37980953999795e-05,0.005310000851750374,0.07145705819129944,0.7623260021209717,0.9975746273994446
HCC_10142924_20170911,liver,D5,True,0,4,0,5,"[192, 192, 192]","[23, 293, 511]",none_same_size,"[23, 293, 511]",final_output_sliding_window_fused_full_volume,predictor_crop_to_nonzero_bbox,nearest,gt_foreground,0.5,212070,0.8534992933273315,0.3205723166465759,1.1417920428580253e-11,0.002530682599171996,0.9768053293228149,0.9991558790206909,0.999868631362915,0.9999669790267944,0.9999979734420776
HCC_10142924_20170911,liver,D5,True,0,4,0,5,"[192, 192, 192]","[23, 293, 511]",none_same_size,"[23, 293, 511]",final_output_sliding_window_fused_full_volume,predictor_crop_to_nonzero_bbox,nearest,gt_background_valid,0.5,3231559,0.010507307946681976,0.09227658063173294,1.8593425975169688e-32,1.4253998814826434e-16,3.4100396117953125e-11,1.0311180176358903e-07,2.91481501335511e-06,0.00033535013790242374,0.9999287128448486
HCC_10142924_20170911,liver,D5,True,0,4,0,5,"[192, 192, 192]","[23, 293, 511]",none_same_size,"[23, 293, 511]",final_output_sliding_window_fused_full_volume,predictor_crop_to_nonzero_bbox,nearest,gt_background_all,0.5,3231559,0.010507307946681976,0.09227658063173294,1.8593425975169688e-32,1.4253998814826434e-16,3.4100396117953125e-11,1.0311180176358903e-07,2.91481501335511e-06,0.00033535013790242374,0.9999287128448486
HCC_10142924_20170911,liver,D5,True,0,4,0,5,"[192, 192, 192]","[23, 293, 511]",none_same_size,"[23, 293, 511]",final_output_sliding_window_fused_full_volume,predictor_crop_to_nonzero_bbox,nearest,d5_false_negative,0.5,30111,0.09074617177248001,0.1350797563791275,1.1417920428580253e-11,7.656314693349486e-08,0.00019029434770345688,0.01842695288360119,0.12879212200641632,0.4161202311515808,0.4998834431171417
HCC_10147777_20171222,liver,D1,False,4,0,4,1,"[12, 12, 12]","[23, 316, 479]",none_same_size,"[23, 316, 479]",patch_upsampled_then_sliding_window_fused_full_volume,predictor_crop_to_nonzero_bbox,nearest,gt_foreground,0.5,249382,0.48638367652893066,0.13339872658252716,0.18175941705703735,0.29522138833999634,0.38309812545776367,0.4719166159629822,0.5775145292282104,0.7306826710700989,0.8848020434379578
HCC_10147777_20171222,liver,D1,False,4,0,4,1,"[12, 12, 12]","[23, 316, 479]",none_same_size,"[23, 316, 479]",patch_upsampled_then_sliding_window_fused_full_volume,predictor_crop_to_nonzero_bbox,nearest,gt_background_valid,0.5,3231990,0.5170425176620483,0.11188134551048279,0.14331848919391632,0.34881311655044556,0.4365258812904358,0.514931321144104,0.5824074149131775,0.7289555072784424,0.9068931341171265
HCC_10147777_20171222,liver,D1,False,4,0,4,1,"[12, 12, 12]","[23, 316, 479]",none_same_size,"[23, 316, 479]",patch_upsampled_then_sliding_window_fused_full_volume,predictor_crop_to_nonzero_bbox,nearest,gt_background_all,0.5,3231990,0.5170425176620483,0.11188134551048279,0.14331848919391632,0.34881311655044556,0.4365258812904358,0.514931321144104,0.5824074149131775,0.7289555072784424,0.9068931341171265
HCC_10147777_20171222,liver,D1,False,4,0,4,1,"[12, 12, 12]","[23, 316, 479]",none_same_size,"[23, 316, 479]",patch_upsampled_then_sliding_window_fused_full_volume,predictor_crop_to_nonzero_bbox,nearest,d5_false_negative,0.5,16332,0.5438565611839294,0.17211095988750458,0.23445799946784973,0.3053666949272156,0.38815823197364807,0.5317264795303345,0.6898725628852844,0.8316136598587036,0.8848020434379578
HCC_10147777_20171222,liver,D2,False,3,1,3,2,"[24, 24, 24]","[23, 316, 479]",none_same_size,"[23, 316, 479]",patch_upsampled_then_sliding_window_fused_full_volume,predictor_crop_to_nonzero_bbox,nearest,gt_foreground,0.5,249382,0.7127593159675598,0.40636879205703735,4.487646961936348e-13,9.161189518636093e-05,0.2983599901199341,0.9934394955635071,0.9999464750289917,0.9999991655349731,1.0
HCC_10147777_20171222,liver,D2,False,3,1,3,2,"[24, 24, 24]","[23, 316, 479]",none_same_size,"[23, 316, 479]",patch_upsampled_then_sliding_window_fused_full_volume,predictor_crop_to_nonzero_bbox,nearest,gt_background_valid,0.5,3231990,0.008913761004805565,0.08430366218090057,0.0,1.0038775790394338e-26,2.8011007722164975e-20,5.146479013892931e-16,1.2579072332374874e-11,1.0528544407861773e-05,1.0
HCC_10147777_20171222,liver,D2,False,3,1,3,2,"[24, 24, 24]","[23, 316, 479]",none_same_size,"[23, 316, 479]",patch_upsampled_then_sliding_window_fused_full_volume,predictor_crop_to_nonzero_bbox,nearest,gt_background_all,0.5,3231990,0.008913761004805565,0.08430366218090057,0.0,1.0038775790394338e-26,2.8011007722164975e-20,5.146479013892931e-16,1.2579072332374874e-11,1.0528544407861773e-05,1.0
HCC_10147777_20171222,liver,D2,False,3,1,3,2,"[24, 24, 24]","[23, 316, 479]",none_same_size,"[23, 316, 479]",patch_upsampled_then_sliding_window_fused_full_volume,predictor_crop_to_nonzero_bbox,nearest,d5_false_negative,0.5,16332,0.24386848509311676,0.3706842362880707,4.487646961936348e-13,1.4133810566363536e-08,9.7213065600954e-05,0.007445652037858963,0.4379667639732361,0.9945773482322693,0.999991774559021
HCC_10147777_20171222,liver,D3,False,2,2,2,3,"[48, 48, 48]","[23, 316, 479]",none_same_size,"[23, 316, 479]",patch_upsampled_then_sliding_window_fused_full_volume,predictor_crop_to_nonzero_bbox,nearest,gt_foreground,0.5,249382,0.8297882080078125,0.32323572039604187,2.0123681565564766e-07,0.01634053885936737,0.8955237865447998,0.9983993768692017,0.999910831451416,0.9999963045120239,1.0
HCC_10147777_20171222,liver,D3,False,2,2,2,3,"[48, 48, 48]","[23, 316, 479]",none_same_size,"[23, 316, 479]",patch_upsampled_then_sliding_window_fused_full_volume,predictor_crop_to_nonzero_bbox,nearest,gt_background_valid,0.5,3231990,0.0191736351698637,0.12573228776454926,1.2761889306948903e-21,2.870501484620626e-14,1.2190008724655144e-10,1.8829826586852505e-08,1.3027320164837874e-06,0.002201866591349244,1.0
HCC_10147777_20171222,liver,D3,False,2,2,2,3,"[48, 48, 48]","[23, 316, 479]",none_same_size,"[23, 316, 479]",patch_upsampled_then_sliding_window_fused_full_volume,predictor_crop_to_nonzero_bbox,nearest,gt_background_all,0.5,3231990,0.0191736351698637,0.12573228776454926,1.2761889306948903e-21,2.870501484620626e-14,1.2190008724655144e-10,1.8829826586852505e-08,1.3027320164837874e-06,0.002201866591349244,1.0
HCC_10147777_20171222,liver,D3,False,2,2,2,3,"[48, 48, 48]","[23, 316, 479]",none_same_size,"[23, 316, 479]",patch_upsampled_then_sliding_window_fused_full_volume,predictor_crop_to_nonzero_bbox,nearest,d5_false_negative,0.5,16332,0.20542217791080475,0.31003493070602417,2.0123681565564766e-07,8.159629214787856e-05,0.002310118405148387,0.02383168414235115,0.30694401264190674,0.9199048280715942,0.9997345805168152
HCC_10147777_20171222,liver,D4,False,1,3,1,4,"[96, 96, 96]","[23, 316, 479]",none_same_size,"[23, 316, 479]",patch_upsampled_then_sliding_window_fused_full_volume,predictor_crop_to_nonzero_bbox,nearest,gt_foreground,0.5,249382,0.8796437382698059,0.2771948277950287,1.359764269182051e-06,0.05500395596027374,0.9711546897888184,0.9989284873008728,0.9998615980148315,0.9999843835830688,0.9999997615814209
HCC_10147777_20171222,liver,D4,False,1,3,1,4,"[96, 96, 96]","[23, 316, 479]",none_same_size,"[23, 316, 479]",patch_upsampled_then_sliding_window_fused_full_volume,predictor_crop_to_nonzero_bbox,nearest,gt_background_valid,0.5,3231990,0.021895190700888634,0.13438574969768524,5.727268859397115e-16,1.3807799348342087e-10,3.10946042247906e-08,8.485371267852315e-07,1.3202285117586143e-05,0.0052283452823758125,1.0
HCC_10147777_20171222,liver,D4,False,1,3,1,4,"[96, 96, 96]","[23, 316, 479]",none_same_size,"[23, 316, 479]",patch_upsampled_then_sliding_window_fused_full_volume,predictor_crop_to_nonzero_bbox,nearest,gt_background_all,0.5,3231990,0.021895190700888634,0.13438574969768524,5.727268859397115e-16,1.3807799348342087e-10,3.10946042247906e-08,8.485371267852315e-07,1.3202285117586143e-05,0.0052283452823758125,1.0
HCC_10147777_20171222,liver,D4,False,1,3,1,4,"[96, 96, 96]","[23, 316, 479]",none_same_size,"[23, 316, 479]",patch_upsampled_then_sliding_window_fused_full_volume,predictor_crop_to_nonzero_bbox,nearest,d5_false_negative,0.5,16332,0.25921836495399475,0.31581565737724304,1.359764269182051e-06,0.00048332754522562027,0.008773875422775745,0.07137306779623032,0.5028685331344604,0.8890473246574402,0.9957081079483032
HCC_10147777_20171222,liver,D5,True,0,4,0,5,"[192, 192, 192]","[23, 316, 479]",none_same_size,"[23, 316, 479]",final_output_sliding_window_fused_full_volume,predictor_crop_to_nonzero_bbox,nearest,gt_foreground,0.5,249382,0.9252759218215942,0.21811680495738983,8.151365182129666e-05,0.2774401307106018,0.9907603859901428,0.9985853433609009,0.9995608925819397,0.9998786449432373,0.9999918937683105
HCC_10147777_20171222,liver,D5,True,0,4,0,5,"[192, 192, 192]","[23, 316, 479]",none_same_size,"[23, 316, 479]",final_output_sliding_window_fused_full_volume,predictor_crop_to_nonzero_bbox,nearest,gt_background_valid,0.5,3231990,0.02193792164325714,0.13548366725444794,2.9488988837515437e-16,5.700750982384761e-10,8.624495251297049e-08,1.6132412383740302e-06,1.9679026081576012e-05,0.0053208670578897,0.9999936819076538
HCC_10147777_20171222,liver,D5,True,0,4,0,5,"[192, 192, 192]","[23, 316, 479]",none_same_size,"[23, 316, 479]",final_output_sliding_window_fused_full_volume,predictor_crop_to_nonzero_bbox,nearest,gt_background_all,0.5,3231990,0.02193792164325714,0.13548366725444794,2.9488988837515437e-16,5.700750982384761e-10,8.624495251297049e-08,1.6132412383740302e-06,1.9679026081576012e-05,0.0053208670578897,0.9999936819076538
HCC_10147777_20171222,liver,D5,True,0,4,0,5,"[192, 192, 192]","[23, 316, 479]",none_same_size,"[23, 316, 479]",final_output_sliding_window_fused_full_volume,predictor_crop_to_nonzero_bbox,nearest,d5_false_negative,0.5,16332,0.15002013742923737,0.15303707122802734,8.151365182129666e-05,0.002069395501166582,0.0180484801530838,0.08548424392938614,0.2640584111213684,0.4551728665828705,0.49998152256011963
HCC_PA0,liver,D1,False,4,0,4,1,"[12, 12, 12]","[95, 504, 504]",none_same_size,"[95, 504, 504]",patch_upsampled_then_sliding_window_fused_full_volume,predictor_crop_to_nonzero_bbox,nearest,gt_foreground,0.5,1401552,0.4397065341472626,0.11324132978916168,0.1937553584575653,0.27833688259124756,0.35729607939720154,0.41846275329589844,0.5115810632705688,0.6553195118904114,0.7993170619010925
HCC_PA0,liver,D1,False,4,0,4,1,"[12, 12, 12]","[95, 504, 504]",none_same_size,"[95, 504, 504]",patch_upsampled_then_sliding_window_fused_full_volume,predictor_crop_to_nonzero_bbox,nearest,gt_background_valid,0.5,22729968,0.47920146584510803,0.08064769208431244,0.2021208107471466,0.34434741735458374,0.4270058572292328,0.4792427718639374,0.5319011807441711,0.6095618605613708,0.8713687658309937
HCC_PA0,liver,D1,False,4,0,4,1,"[12, 12, 12]","[95, 504, 504]",none_same_size,"[95, 504, 504]",patch_upsampled_then_sliding_window_fused_full_volume,predictor_crop_to_nonzero_bbox,nearest,gt_background_all,0.5,22729968,0.47920146584510803,0.08064769208431244,0.2021208107471466,0.34434741735458374,0.4270058572292328,0.4792427718639374,0.5319011807441711,0.6095618605613708,0.8713687658309937
HCC_PA0,liver,D1,False,4,0,4,1,"[12, 12, 12]","[95, 504, 504]",none_same_size,"[95, 504, 504]",patch_upsampled_then_sliding_window_fused_full_volume,predictor_crop_to_nonzero_bbox,nearest,d5_false_negative,0.5,32335,0.42801177501678467,0.0919630378484726,0.21404874324798584,0.2860923111438751,0.36772191524505615,0.417283296585083,0.4866603910923004,0.608194887638092,0.6915839910507202
HCC_PA0,liver,D2,False,3,1,3,2,"[24, 24, 24]","[95, 504, 504]",none_same_size,"[95, 504, 504]",patch_upsampled_then_sliding_window_fused_full_volume,predictor_crop_to_nonzero_bbox,nearest,gt_foreground,0.5,1401552,0.9389007687568665,0.19971877336502075,9.597177950126934e-07,0.4279601275920868,0.9968972206115723,0.9998124241828918,0.9999815225601196,0.9999985694885254,1.0
HCC_PA0,liver,D2,False,3,1,3,2,"[24, 24, 24]","[95, 504, 504]",none_same_size,"[95, 504, 504]",patch_upsampled_then_sliding_window_fused_full_volume,predictor_crop_to_nonzero_bbox,nearest,gt_background_valid,0.5,22729968,0.010897624306380749,0.08869269490242004,0.0,2.3976964991006e-27,2.8889938020459634e-17,1.2386544914755326e-11,2.5773697842623733e-08,0.0007709235651418567,0.9999992847442627
HCC_PA0,liver,D2,False,3,1,3,2,"[24, 24, 24]","[95, 504, 504]",none_same_size,"[95, 504, 504]",patch_upsampled_then_sliding_window_fused_full_volume,predictor_crop_to_nonzero_bbox,nearest,gt_background_all,0.5,22729968,0.010897624306380749,0.08869269490242004,0.0,2.3976964991006e-27,2.8889938020459634e-17,1.2386544914755326e-11,2.5773697842623733e-08,0.0007709235651418567,0.9999992847442627
HCC_PA0,liver,D2,False,3,1,3,2,"[24, 24, 24]","[95, 504, 504]",none_same_size,"[95, 504, 504]",patch_upsampled_then_sliding_window_fused_full_volume,predictor_crop_to_nonzero_bbox,nearest,d5_false_negative,0.5,32335,0.17271046340465546,0.26464736461639404,9.597177950126934e-07,0.00018425547750666738,0.003909902181476355,0.0304679274559021,0.22658361494541168,0.8181416988372803,0.9989399313926697
HCC_PA0,liver,D3,False,2,2,2,3,"[48, 48, 48]","[95, 504, 504]",none_same_size,"[95, 504, 504]",patch_upsampled_then_sliding_window_fused_full_volume,predictor_crop_to_nonzero_bbox,nearest,gt_foreground,0.5,1401552,0.9567403793334961,0.1637875735759735,7.6098144745628815e-06,0.7094268202781677,0.997403621673584,0.9995669722557068,0.9998830556869507,0.9999738931655884,0.9999985694885254
HCC_PA0,liver,D3,False,2,2,2,3,"[48, 48, 48]","[95, 504, 504]",none_same_size,"[95, 504, 504]",patch_upsampled_then_sliding_window_fused_full_volume,predictor_crop_to_nonzero_bbox,nearest,gt_background_valid,0.5,22729968,0.013481498695909977,0.09730759263038635,0.0,3.141656057894014e-25,1.0193752959797298e-11,1.8348097796661023e-07,8.775381502346136e-06,0.003920499701052904,0.9999701976776123
HCC_PA0,liver,D3,False,2,2,2,3,"[48, 48, 48]","[95, 504, 504]",none_same_size,"[95, 504, 504]",patch_upsampled_then_sliding_window_fused_full_volume,predictor_crop_to_nonzero_bbox,nearest,gt_background_all,0.5,22729968,0.013481498695909977,0.09730759263038635,0.0,3.141656057894014e-25,1.0193752959797298e-11,1.8348097796661023e-07,8.775381502346136e-06,0.003920499701052904,0.9999701976776123
HCC_PA0,liver,D3,False,2,2,2,3,"[48, 48, 48]","[95, 504, 504]",none_same_size,"[95, 504, 504]",patch_upsampled_then_sliding_window_fused_full_volume,predictor_crop_to_nonzero_bbox,nearest,d5_false_negative,0.5,32335,0.14000925421714783,0.1868339329957962,7.6098144745628815e-06,0.002270690631121397,0.017510205507278442,0.06000105291604996,0.18382999300956726,0.5661682486534119,0.9728647470474243
HCC_PA0,liver,D4,False,1,3,1,4,"[96, 96, 96]","[95, 504, 504]",none_same_size,"[95, 504, 504]",patch_upsampled_then_sliding_window_fused_full_volume,predictor_crop_to_nonzero_bbox,nearest,gt_foreground,0.5,1401552,0.9641869068145752,0.1489650458097458,7.155474304454401e-05,0.8341519832611084,0.9969996809959412,0.9992687106132507,0.9997641444206238,0.9999322891235352,0.999990701675415
HCC_PA0,liver,D4,False,1,3,1,4,"[96, 96, 96]","[95, 504, 504]",none_same_size,"[95, 504, 504]",patch_upsampled_then_sliding_window_fused_full_volume,predictor_crop_to_nonzero_bbox,nearest,gt_background_valid,0.5,22729968,0.014184744097292423,0.10180538147687912,3.730509669492189e-35,6.134568120426805e-22,2.2497343987737395e-09,1.2901996342407074e-06,1.6219228200498037e-05,0.004946297500282526,0.9999207258224487
HCC_PA0,liver,D4,False,1,3,1,4,"[96, 96, 96]","[95, 504, 504]",none_same_size,"[95, 504, 504]",patch_upsampled_then_sliding_window_fused_full_volume,predictor_crop_to_nonzero_bbox,nearest,gt_background_all,0.5,22729968,0.014184744097292423,0.10180538147687912,3.730509669492189e-35,6.134568120426805e-22,2.2497343987737395e-09,1.2901996342407074e-06,1.6219228200498037e-05,0.004946297500282526,0.9999207258224487
HCC_PA0,liver,D4,False,1,3,1,4,"[96, 96, 96]","[95, 504, 504]",none_same_size,"[95, 504, 504]",patch_upsampled_then_sliding_window_fused_full_volume,predictor_crop_to_nonzero_bbox,nearest,d5_false_negative,0.5,32335,0.15437303483486176,0.18532942235469818,7.155474304454401e-05,0.0037363367155194283,0.026422949507832527,0.08461950719356537,0.20516374707221985,0.5936766266822815,0.9425920248031616
HCC_PA0,liver,D5,True,0,4,0,5,"[192, 192, 192]","[95, 504, 504]",none_same_size,"[95, 504, 504]",final_output_sliding_window_fused_full_volume,predictor_crop_to_nonzero_bbox,nearest,gt_foreground,0.5,1401552,0.9723968505859375,0.12882548570632935,2.947217581095174e-05,0.9394562840461731,0.9959281086921692,0.9984375834465027,0.9992731213569641,0.9996950626373291,0.9999377727508545
HCC_PA0,liver,D5,True,0,4,0,5,"[192, 192, 192]","[95, 504, 504]",none_same_size,"[95, 504, 504]",final_output_sliding_window_fused_full_volume,predictor_crop_to_nonzero_bbox,nearest,gt_background_valid,0.5,22729968,0.014249172061681747,0.10243753343820572,0.0,5.9409677703336365e-22,9.911357956582378e-09,3.6397063922777306e-06,3.930515958927572e-05,0.006543962750583887,0.9995394945144653
HCC_PA0,liver,D5,True,0,4,0,5,"[192, 192, 192]","[95, 504, 504]",none_same_size,"[95, 504, 504]",final_output_sliding_window_fused_full_volume,predictor_crop_to_nonzero_bbox,nearest,gt_background_all,0.5,22729968,0.014249172061681747,0.10243753343820572,0.0,5.9409677703336365e-22,9.911357956582378e-09,3.6397063922777306e-06,3.930515958927572e-05,0.006543962750583887,0.9995394945144653
HCC_PA0,liver,D5,True,0,4,0,5,"[192, 192, 192]","[95, 504, 504]",none_same_size,"[95, 504, 504]",final_output_sliding_window_fused_full_volume,predictor_crop_to_nonzero_bbox,nearest,d5_false_negative,0.5,32335,0.18595075607299805,0.14754034578800201,2.947217581095174e-05,0.00713080121204257,0.05312950536608696,0.1525205671787262,0.302540123462677,0.458778977394104,0.49998939037323
HEM_PA101,liver,D1,False,4,0,4,1,"[12, 12, 12]","[23, 615, 1022]",none_same_size,"[23, 615, 1022]",patch_upsampled_then_sliding_window_fused_full_volume,predictor_crop_to_nonzero_bbox,nearest,gt_foreground,0.5,1019798,0.44605696201324463,0.10627268254756927,0.11359202861785889,0.2869483232498169,0.36946526169776917,0.4371543526649475,0.5162801742553711,0.6304358243942261,0.872586190700531
HEM_PA101,liver,D1,False,4,0,4,1,"[12, 12, 12]","[23, 615, 1022]",none_same_size,"[23, 615, 1022]",patch_upsampled_then_sliding_window_fused_full_volume,predictor_crop_to_nonzero_bbox,nearest,gt_background_valid,0.5,13436392,0.4601535201072693,0.09989809989929199,0.09772855788469315,0.30182525515556335,0.3903731405735016,0.45830321311950684,0.5260131359100342,0.6264308094978333,0.9045425057411194
HEM_PA101,liver,D1,False,4,0,4,1,"[12, 12, 12]","[23, 615, 1022]",none_same_size,"[23, 615, 1022]",patch_upsampled_then_sliding_window_fused_full_volume,predictor_crop_to_nonzero_bbox,nearest,gt_background_all,0.5,13436392,0.4601535201072693,0.09989809989929199,0.09772855788469315,0.30182525515556335,0.3903731405735016,0.45830321311950684,0.5260131359100342,0.6264308094978333,0.9045425057411194
HEM_PA101,liver,D1,False,4,0,4,1,"[12, 12, 12]","[23, 615, 1022]",none_same_size,"[23, 615, 1022]",patch_upsampled_then_sliding_window_fused_full_volume,predictor_crop_to_nonzero_bbox,nearest,d5_false_negative,0.5,262996,0.4320273697376251,0.09609776735305786,0.1710669994354248,0.2906317114830017,0.3602507412433624,0.4243694841861725,0.49584296345710754,0.599432110786438,0.872586190700531
HEM_PA101,liver,D2,False,3,1,3,2,"[24, 24, 24]","[23, 615, 1022]",none_same_size,"[23, 615, 1022]",patch_upsampled_then_sliding_window_fused_full_volume,predictor_crop_to_nonzero_bbox,nearest,gt_foreground,0.5,1019798,0.5598821640014648,0.45941826701164246,4.865210886098753e-25,1.3386104447121738e-09,0.0016523124650120735,0.8447229862213135,0.9996277093887329,0.9999997615814209,1.0
HEM_PA101,liver,D2,False,3,1,3,2,"[24, 24, 24]","[23, 615, 1022]",none_same_size,"[23, 615, 1022]",patch_upsampled_then_sliding_window_fused_full_volume,predictor_crop_to_nonzero_bbox,nearest,gt_background_valid,0.5,13436392,0.011080739088356495,0.0940704494714737,0.0,4.3859901219823216e-32,3.509907175288629e-26,3.383436488909326e-21,2.3220671330312533e-15,1.0708357876865193e-05,1.0
HEM_PA101,liver,D2,False,3,1,3,2,"[24, 24, 24]","[23, 615, 1022]",none_same_size,"[23, 615, 1022]",patch_upsampled_then_sliding_window_fused_full_volume,predictor_crop_to_nonzero_bbox,nearest,gt_background_all,0.5,13436392,0.011080739088356495,0.0940704494714737,0.0,4.3859901219823216e-32,3.509907175288629e-26,3.383436488909326e-21,2.3220671330312533e-15,1.0708357876865193e-05,1.0
HEM_PA101,liver,D2,False,3,1,3,2,"[24, 24, 24]","[23, 615, 1022]",none_same_size,"[23, 615, 1022]",patch_upsampled_then_sliding_window_fused_full_volume,predictor_crop_to_nonzero_bbox,nearest,d5_false_negative,0.5,262996,0.055782441049814224,0.18773262202739716,4.865210886098753e-25,5.346523123859158e-14,1.0429471508643928e-08,4.778823949891375e-06,0.0011797819752246141,0.5015227198600769,0.999991774559021
HEM_PA101,liver,D3,False,2,2,2,3,"[48, 48, 48]","[23, 615, 1022]",none_same_size,"[23, 615, 1022]",patch_upsampled_then_sliding_window_fused_full_volume,predictor_crop_to_nonzero_bbox,nearest,gt_foreground,0.5,1019798,0.6551034450531006,0.43424147367477417,2.4054407043163216e-19,8.018320841074456e-06,0.065904900431633,0.9799546599388123,0.9997701048851013,0.9999971389770508,1.0
HEM_PA101,liver,D3,False,2,2,2,3,"[48, 48, 48]","[23, 615, 1022]",none_same_size,"[23, 615, 1022]",patch_upsampled_then_sliding_window_fused_full_volume,predictor_crop_to_nonzero_bbox,nearest,gt_background_valid,0.5,13436392,0.012974218465387821,0.1020384430885315,1.0390144664998327e-38,1.0801238919884422e-23,3.769377523885302e-19,2.680363340269243e-15,1.1542616862314503e-09,0.00017244751506950706,1.0
HEM_PA101,liver,D3,False,2,2,2,3,"[48, 48, 48]","[23, 615, 1022]",none_same_size,"[23, 615, 1022]",patch_upsampled_then_sliding_window_fused_full_volume,predictor_crop_to_nonzero_bbox,nearest,gt_background_all,0.5,13436392,0.012974218465387821,0.1020384430885315,1.0390144664998327e-38,1.0801238919884422e-23,3.769377523885302e-19,2.680363340269243e-15,1.1542616862314503e-09,0.00017244751506950706,1.0
HEM_PA101,liver,D3,False,2,2,2,3,"[48, 48, 48]","[23, 615, 1022]",none_same_size,"[23, 615, 1022]",patch_upsampled_then_sliding_window_fused_full_volume,predictor_crop_to_nonzero_bbox,nearest,d5_false_negative,0.5,262996,0.07504945993423462,0.20807594060897827,2.4054407043163216e-19,5.421420645745911e-09,2.2236361473915167e-05,0.0007333490066230297,0.017925851047039032,0.6321760416030884,0.9999933242797852
HEM_PA101,liver,D4,False,1,3,1,4,"[96, 96, 96]","[23, 615, 1022]",none_same_size,"[23, 615, 1022]",patch_upsampled_then_sliding_window_fused_full_volume,predictor_crop_to_nonzero_bbox,nearest,gt_foreground,0.5,1019798,0.6791917085647583,0.41284582018852234,3.3264055864750243e-16,0.00015037538832984865,0.18810071051120758,0.9610246419906616,0.9966685771942139,0.9998787641525269,0.9999997615814209
HEM_PA101,liver,D4,False,1,3,1,4,"[96, 96, 96]","[23, 615, 1022]",none_same_size,"[23, 615, 1022]",patch_upsampled_then_sliding_window_fused_full_volume,predictor_crop_to_nonzero_bbox,nearest,gt_background_valid,0.5,13436392,0.009933636523783207,0.08572433888912201,2.4696435410702718e-26,2.331331266792223e-19,6.050836768737238e-17,1.346446283460867e-14,1.9997126798898535e-07,0.000987695762887597,1.0
HEM_PA101,liver,D4,False,1,3,1,4,"[96, 96, 96]","[23, 615, 1022]",none_same_size,"[23, 615, 1022]",patch_upsampled_then_sliding_window_fused_full_volume,predictor_crop_to_nonzero_bbox,nearest,gt_background_all,0.5,13436392,0.009933636523783207,0.08572433888912201,2.4696435410702718e-26,2.331331266792223e-19,6.050836768737238e-17,1.346446283460867e-14,1.9997126798898535e-07,0.000987695762887597,1.0
HEM_PA101,liver,D4,False,1,3,1,4,"[96, 96, 96]","[23, 615, 1022]",none_same_size,"[23, 615, 1022]",patch_upsampled_then_sliding_window_fused_full_volume,predictor_crop_to_nonzero_bbox,nearest,d5_false_negative,0.5,262996,0.06980377435684204,0.16014555096626282,3.3264055864750243e-16,9.105649212415301e-08,0.0002941149869002402,0.0038419468328356743,0.04280666634440422,0.450488418340683,0.9962257146835327
HEM_PA101,liver,D5,True,0,4,0,5,"[192, 192, 192]","[23, 615, 1022]",none_same_size,"[23, 615, 1022]",final_output_sliding_window_fused_full_volume,predictor_crop_to_nonzero_bbox,nearest,gt_foreground,0.5,1019798,0.7282670736312866,0.392746239900589,1.0738576998991e-17,0.0007023010402917862,0.4451071321964264,0.9741496443748474,0.9954691529273987,0.999542236328125,0.9999896287918091
HEM_PA101,liver,D5,True,0,4,0,5,"[192, 192, 192]","[23, 615, 1022]",none_same_size,"[23, 615, 1022]",final_output_sliding_window_fused_full_volume,predictor_crop_to_nonzero_bbox,nearest,gt_background_valid,0.5,13436392,0.009507250040769577,0.08507928252220154,3.894506628671875e-35,7.790517548464833e-20,1.499269161591548e-17,1.71390848833098e-15,4.832039053326298e-07,0.0009983619675040245,0.9999959468841553
HEM_PA101,liver,D5,True,0,4,0,5,"[192, 192, 192]","[23, 615, 1022]",none_same_size,"[23, 615, 1022]",final_output_sliding_window_fused_full_volume,predictor_crop_to_nonzero_bbox,nearest,gt_background_all,0.5,13436392,0.009507250040769577,0.08507928252220154,3.894506628671875e-35,7.790517548464833e-20,1.499269161591548e-17,1.71390848833098e-15,4.832039053326298e-07,0.0009983619675040245,0.9999959468841553
HEM_PA101,liver,D5,True,0,4,0,5,"[192, 192, 192]","[23, 615, 1022]",none_same_size,"[23, 615, 1022]",final_output_sliding_window_fused_full_volume,predictor_crop_to_nonzero_bbox,nearest,d5_false_negative,0.5,262996,0.08563361316919327,0.13126270473003387,1.0738576998991e-17,9.553292557029636e-08,0.0014185139443725348,0.01549525372684002,0.11526233702898026,0.4088808596134186,0.4999762773513794
HEM_PA107,liver,D1,False,4,0,4,1,"[12, 12, 12]","[23, 536, 1022]",none_same_size,"[23, 536, 1022]",patch_upsampled_then_sliding_window_fused_full_volume,predictor_crop_to_nonzero_bbox,nearest,gt_foreground,0.5,820615,0.47719594836235046,0.09516992419958115,0.18714892864227295,0.3341096043586731,0.4099922180175781,0.4704659879207611,0.5370631217956543,0.6462996006011963,0.8330619931221008
HEM_PA107,liver,D1,False,4,0,4,1,"[12, 12, 12]","[23, 536, 1022]",none_same_size,"[23, 536, 1022]",patch_upsampled_then_sliding_window_fused_full_volume,predictor_crop_to_nonzero_bbox,nearest,gt_background_valid,0.5,11778601,0.46612632274627686,0.09596159309148788,0.16383273899555206,0.3206014633178711,0.39861875772476196,0.459290474653244,0.526964008808136,0.6357488632202148,0.8801860809326172
HEM_PA107,liver,D1,False,4,0,4,1,"[12, 12, 12]","[23, 536, 1022]",none_same_size,"[23, 536, 1022]",patch_upsampled_then_sliding_window_fused_full_volume,predictor_crop_to_nonzero_bbox,nearest,gt_background_all,0.5,11778601,0.46612632274627686,0.09596159309148788,0.16383273899555206,0.3206014633178711,0.39861875772476196,0.459290474653244,0.526964008808136,0.6357488632202148,0.8801860809326172
HEM_PA107,liver,D1,False,4,0,4,1,"[12, 12, 12]","[23, 536, 1022]",none_same_size,"[23, 536, 1022]",patch_upsampled_then_sliding_window_fused_full_volume,predictor_crop_to_nonzero_bbox,nearest,d5_false_negative,0.5,433586,0.46468600630760193,0.08738359808921814,0.22142529487609863,0.33303916454315186,0.4018292725086212,0.4597856402397156,0.5209435224533081,0.6173485517501831,0.8330619931221008
HEM_PA107,liver,D2,False,3,1,3,2,"[24, 24, 24]","[23, 536, 1022]",none_same_size,"[23, 536, 1022]",patch_upsampled_then_sliding_window_fused_full_volume,predictor_crop_to_nonzero_bbox,nearest,gt_foreground,0.5,820615,0.3409538269042969,0.4460082948207855,1.077996028178645e-30,1.5626077403689684e-22,7.583766556431529e-16,0.0007732121157459915,0.9691182374954224,0.9999977350234985,1.0
HEM_PA107,liver,D2,False,3,1,3,2,"[24, 24, 24]","[23, 536, 1022]",none_same_size,"[23, 536, 1022]",patch_upsampled_then_sliding_window_fused_full_volume,predictor_crop_to_nonzero_bbox,nearest,gt_background_valid,0.5,11778601,0.0015286257257685065,0.03258165344595909,0.0,1.4174300430679213e-32,1.8311354799315017e-27,1.1807534345272407e-23,4.0512243249641435e-19,4.553536159246363e-10,1.0
HEM_PA107,liver,D2,False,3,1,3,2,"[24, 24, 24]","[23, 536, 1022]",none_same_size,"[23, 536, 1022]",patch_upsampled_then_sliding_window_fused_full_volume,predictor_crop_to_nonzero_bbox,nearest,gt_background_all,0.5,11778601,0.0015286257257685065,0.03258165344595909,0.0,1.4174300430679213e-32,1.8311354799315017e-27,1.1807534345272407e-23,4.0512243249641435e-19,4.553536159246363e-10,1.0
HEM_PA107,liver,D2,False,3,1,3,2,"[24, 24, 24]","[23, 536, 1022]",none_same_size,"[23, 536, 1022]",patch_upsampled_then_sliding_window_fused_full_volume,predictor_crop_to_nonzero_bbox,nearest,d5_false_negative,0.5,433586,0.02699800208210945,0.132497176527977,1.077996028178645e-30,9.054704031168723e-24,6.977642636864998e-20,6.06635086538047e-15,9.635896276449785e-07,0.07993441820144653,0.9999450445175171
HEM_PA107,liver,D3,False,2,2,2,3,"[48, 48, 48]","[23, 536, 1022]",none_same_size,"[23, 536, 1022]",patch_upsampled_then_sliding_window_fused_full_volume,predictor_crop_to_nonzero_bbox,nearest,gt_foreground,0.5,820615,0.4045020341873169,0.4592593014240265,7.672384644671754e-24,4.298394422295055e-16,9.278942197932238e-12,0.03037555329501629,0.9908246994018555,0.999974250793457,1.0
HEM_PA107,liver,D3,False,2,2,2,3,"[48, 48, 48]","[23, 536, 1022]",none_same_size,"[23, 536, 1022]",patch_upsampled_then_sliding_window_fused_full_volume,predictor_crop_to_nonzero_bbox,nearest,gt_background_valid,0.5,11778601,0.0037345984019339085,0.053281623870134354,0.0,2.4152372897143518e-23,2.344311023072887e-19,1.1553869537216538e-16,1.2325139823674003e-13,4.459915089682909e-06,1.0
HEM_PA107,liver,D3,False,2,2,2,3,"[48, 48, 48]","[23, 536, 1022]",none_same_size,"[23, 536, 1022]",patch_upsampled_then_sliding_window_fused_full_volume,predictor_crop_to_nonzero_bbox,nearest,gt_background_all,0.5,11778601,0.0037345984019339085,0.053281623870134354,0.0,2.4152372897143518e-23,2.344311023072887e-19,1.1553869537216538e-16,1.2325139823674003e-13,4.459915089682909e-06,1.0
HEM_PA107,liver,D3,False,2,2,2,3,"[48, 48, 48]","[23, 536, 1022]",none_same_size,"[23, 536, 1022]",patch_upsampled_then_sliding_window_fused_full_volume,predictor_crop_to_nonzero_bbox,nearest,d5_false_negative,0.5,433586,0.03881886601448059,0.1508987694978714,7.672384644671754e-24,8.420655622397969e-17,2.471544731299114e-14,2.958176065215312e-11,0.00015050973161123693,0.2616123557090759,0.9999078512191772
HEM_PA107,liver,D4,False,1,3,1,4,"[96, 96, 96]","[23, 536, 1022]",none_same_size,"[23, 536, 1022]",patch_upsampled_then_sliding_window_fused_full_volume,predictor_crop_to_nonzero_bbox,nearest,gt_foreground,0.5,820615,0.4470682144165039,0.46157002449035645,1.1707986768379152e-19,8.480747977794231e-15,2.699032664033041e-11,0.18522876501083374,0.9889967441558838,0.9996453523635864,1.0
HEM_PA107,liver,D4,False,1,3,1,4,"[96, 96, 96]","[23, 536, 1022]",none_same_size,"[23, 536, 1022]",patch_upsampled_then_sliding_window_fused_full_volume,predictor_crop_to_nonzero_bbox,nearest,gt_background_valid,0.5,11778601,0.003794498508796096,0.05210154876112938,1.505802049270014e-28,3.213523008995207e-19,4.5410739938948425e-17,1.598977234696004e-15,3.243479920408965e-12,0.00013853979180566967,0.9999973773956299
HEM_PA107,liver,D4,False,1,3,1,4,"[96, 96, 96]","[23, 536, 1022]",none_same_size,"[23, 536, 1022]",patch_upsampled_then_sliding_window_fused_full_volume,predictor_crop_to_nonzero_bbox,nearest,gt_background_all,0.5,11778601,0.003794498508796096,0.05210154876112938,1.505802049270014e-28,3.213523008995207e-19,4.5410739938948425e-17,1.598977234696004e-15,3.243479920408965e-12,0.00013853979180566967,0.9999973773956299
HEM_PA107,liver,D4,False,1,3,1,4,"[96, 96, 96]","[23, 536, 1022]",none_same_size,"[23, 536, 1022]",patch_upsampled_then_sliding_window_fused_full_volume,predictor_crop_to_nonzero_bbox,nearest,d5_false_negative,0.5,433586,0.04707727208733559,0.14890751242637634,1.1707986768379152e-19,2.8728691534664385e-15,1.0798610269868725e-13,9.816666229900406e-11,0.0011436326894909143,0.38026532530784607,0.9968453049659729
HEM_PA107,liver,D5,True,0,4,0,5,"[192, 192, 192]","[23, 536, 1022]",none_same_size,"[23, 536, 1022]",final_output_sliding_window_fused_full_volume,predictor_crop_to_nonzero_bbox,nearest,gt_foreground,0.5,820615,0.4634656012058258,0.4639071226119995,1.0364829630526299e-19,2.941319368241716e-15,1.0868965449883916e-11,0.27467966079711914,0.9877246618270874,0.9988365769386292,0.9999873638153076
HEM_PA107,liver,D5,True,0,4,0,5,"[192, 192, 192]","[23, 536, 1022]",none_same_size,"[23, 536, 1022]",final_output_sliding_window_fused_full_volume,predictor_crop_to_nonzero_bbox,nearest,gt_background_valid,0.5,11778601,0.0029830036219209433,0.046916063874959946,2.8278047102674897e-31,6.712337380085685e-20,7.743238541289505e-18,2.1787988950716972e-16,8.087643402210354e-12,0.0001172082411358133,0.999942421913147
HEM_PA107,liver,D5,True,0,4,0,5,"[192, 192, 192]","[23, 536, 1022]",none_same_size,"[23, 536, 1022]",final_output_sliding_window_fused_full_volume,predictor_crop_to_nonzero_bbox,nearest,gt_background_all,0.5,11778601,0.0029830036219209433,0.046916063874959946,2.8278047102674897e-31,6.712337380085685e-20,7.743238541289505e-18,2.1787988950716972e-16,8.087643402210354e-12,0.0001172082411358133,0.999942421913147
HEM_PA107,liver,D5,True,0,4,0,5,"[192, 192, 192]","[23, 536, 1022]",none_same_size,"[23, 536, 1022]",final_output_sliding_window_fused_full_volume,predictor_crop_to_nonzero_bbox,nearest,d5_false_negative,0.5,433586,0.0354088693857193,0.09579337388277054,1.0364829630526299e-19,9.899570516092547e-16,3.606689328704976e-14,4.3751127720703664e-11,0.002864453010261059,0.289270281791687,0.4999924302101135
HEM_PA13,liver,D1,False,4,0,4,1,"[12, 12, 12]","[27, 458, 505]",none_same_size,"[27, 458, 505]",patch_upsampled_then_sliding_window_fused_full_volume,predictor_crop_to_nonzero_bbox,nearest,gt_foreground,0.5,434860,0.43909549713134766,0.12518192827701569,0.11301249265670776,0.23867852985858917,0.34521517157554626,0.4332970976829529,0.5394644737243652,0.6429762244224548,0.7908985614776611
HEM_PA13,liver,D1,False,4,0,4,1,"[12, 12, 12]","[27, 458, 505]",none_same_size,"[27, 458, 505]",patch_upsampled_then_sliding_window_fused_full_volume,predictor_crop_to_nonzero_bbox,nearest,gt_background_valid,0.5,5809970,0.4943276345729828,0.11358481645584106,0.09687487035989761,0.32037997245788574,0.4164274334907532,0.48721033334732056,0.5646921396255493,0.6966511607170105,0.896051287651062
HEM_PA13,liver,D1,False,4,0,4,1,"[12, 12, 12]","[27, 458, 505]",none_same_size,"[27, 458, 505]",patch_upsampled_then_sliding_window_fused_full_volume,predictor_crop_to_nonzero_bbox,nearest,gt_background_all,0.5,5809970,0.4943276345729828,0.11358481645584106,0.09687487035989761,0.32037997245788574,0.4164274334907532,0.48721033334732056,0.5646921396255493,0.6966511607170105,0.896051287651062
HEM_PA13,liver,D1,False,4,0,4,1,"[12, 12, 12]","[27, 458, 505]",none_same_size,"[27, 458, 505]",patch_upsampled_then_sliding_window_fused_full_volume,predictor_crop_to_nonzero_bbox,nearest,d5_false_negative,0.5,52270,0.43505558371543884,0.14662902057170868,0.12795503437519073,0.20483264327049255,0.3112592399120331,0.433437705039978,0.5615854263305664,0.6609832048416138,0.785216748714447
HEM_PA13,liver,D2,False,3,1,3,2,"[24, 24, 24]","[27, 458, 505]",none_same_size,"[27, 458, 505]",patch_upsampled_then_sliding_window_fused_full_volume,predictor_crop_to_nonzero_bbox,nearest,gt_foreground,0.5,434860,0.6608963012695312,0.43428289890289307,1.285406775822985e-16,3.5144407775078434e-06,0.06943503022193909,0.9835476875305176,0.9998513460159302,0.9999980926513672,1.0
HEM_PA13,liver,D2,False,3,1,3,2,"[24, 24, 24]","[27, 458, 505]",none_same_size,"[27, 458, 505]",patch_upsampled_then_sliding_window_fused_full_volume,predictor_crop_to_nonzero_bbox,nearest,gt_background_valid,0.5,5809970,0.009511442855000496,0.08918843418359756,0.0,1.7297115256283722e-35,1.4486814226801678e-27,1.594936396224629e-21,5.122336457313815e-15,6.623911303904606e-07,0.9999998807907104
HEM_PA13,liver,D2,False,3,1,3,2,"[24, 24, 24]","[27, 458, 505]",none_same_size,"[27, 458, 505]",patch_upsampled_then_sliding_window_fused_full_volume,predictor_crop_to_nonzero_bbox,nearest,gt_background_all,0.5,5809970,0.009511442855000496,0.08918843418359756,0.0,1.7297115256283722e-35,1.4486814226801678e-27,1.594936396224629e-21,5.122336457313815e-15,6.623911303904606e-07,0.9999998807907104
HEM_PA13,liver,D2,False,3,1,3,2,"[24, 24, 24]","[27, 458, 505]",none_same_size,"[27, 458, 505]",patch_upsampled_then_sliding_window_fused_full_volume,predictor_crop_to_nonzero_bbox,nearest,d5_false_negative,0.5,52270,0.06396880745887756,0.2006102353334427,1.285406775822985e-16,6.35899041756538e-11,2.5084719368351216e-07,3.6607634683605283e-05,0.0028908816166222095,0.583823561668396,0.9999734163284302
HEM_PA13,liver,D3,False,2,2,2,3,"[48, 48, 48]","[27, 458, 505]",none_same_size,"[27, 458, 505]",patch_upsampled_then_sliding_window_fused_full_volume,predictor_crop_to_nonzero_bbox,nearest,gt_foreground,0.5,434860,0.7828912138938904,0.36626625061035156,5.204493520177822e-12,0.0010624901624396443,0.7423202991485596,0.9965382218360901,0.9997478127479553,0.9999815225601196,1.0
HEM_PA13,liver,D3,False,2,2,2,3,"[48, 48, 48]","[27, 458, 505]",none_same_size,"[27, 458, 505]",patch_upsampled_then_sliding_window_fused_full_volume,predictor_crop_to_nonzero_bbox,nearest,gt_background_valid,0.5,5809970,0.009504327550530434,0.08792814612388611,0.0,1.6253861691531772e-28,3.6265896227022696e-21,1.7793356848691544e-14,8.283365993122516e-09,3.427885167184286e-05,0.9999998807907104
HEM_PA13,liver,D3,False,2,2,2,3,"[48, 48, 48]","[27, 458, 505]",none_same_size,"[27, 458, 505]",patch_upsampled_then_sliding_window_fused_full_volume,predictor_crop_to_nonzero_bbox,nearest,gt_background_all,0.5,5809970,0.009504327550530434,0.08792814612388611,0.0,1.6253861691531772e-28,3.6265896227022696e-21,1.7793356848691544e-14,8.283365993122516e-09,3.427885167184286e-05,0.9999998807907104
HEM_PA13,liver,D3,False,2,2,2,3,"[48, 48, 48]","[27, 458, 505]",none_same_size,"[27, 458, 505]",patch_upsampled_then_sliding_window_fused_full_volume,predictor_crop_to_nonzero_bbox,nearest,d5_false_negative,0.5,52270,0.0704207569360733,0.17544423043727875,5.204493520177822e-12,2.472901030614594e-07,0.00015034106036182493,0.00355903385207057,0.0386912077665329,0.47363030910491943,0.9998651742935181
HEM_PA13,liver,D4,False,1,3,1,4,"[96, 96, 96]","[27, 458, 505]",none_same_size,"[27, 458, 505]",patch_upsampled_then_sliding_window_fused_full_volume,predictor_crop_to_nonzero_bbox,nearest,gt_foreground,0.5,434860,0.8336127996444702,0.3308267295360565,6.99411084603696e-11,0.003589490195736289,0.936400294303894,0.9974162578582764,0.9994890689849854,0.9999262094497681,0.9999997615814209
HEM_PA13,liver,D4,False,1,3,1,4,"[96, 96, 96]","[27, 458, 505]",none_same_size,"[27, 458, 505]",patch_upsampled_then_sliding_window_fused_full_volume,predictor_crop_to_nonzero_bbox,nearest,gt_background_valid,0.5,5809970,0.010025527328252792,0.08837954699993134,1.8676454079904144e-32,3.815054778603262e-22,2.1362065464225354e-18,2.9579672045088046e-11,4.3040159880547435e-07,0.00026945429272018373,0.9999978542327881
HEM_PA13,liver,D4,False,1,3,1,4,"[96, 96, 96]","[27, 458, 505]",none_same_size,"[27, 458, 505]",patch_upsampled_then_sliding_window_fused_full_volume,predictor_crop_to_nonzero_bbox,nearest,gt_background_all,0.5,5809970,0.010025527328252792,0.08837954699993134,1.8676454079904144e-32,3.815054778603262e-22,2.1362065464225354e-18,2.9579672045088046e-11,4.3040159880547435e-07,0.00026945429272018373,0.9999978542327881
HEM_PA13,liver,D4,False,1,3,1,4,"[96, 96, 96]","[27, 458, 505]",none_same_size,"[27, 458, 505]",patch_upsampled_then_sliding_window_fused_full_volume,predictor_crop_to_nonzero_bbox,nearest,d5_false_negative,0.5,52270,0.10794626921415329,0.2091875970363617,6.99411084603696e-11,1.2372581295494456e-05,0.0006092694820836186,0.008725427091121674,0.08648619800806046,0.6430855393409729,0.9966799020767212
HEM_PA13,liver,D5,True,0,4,0,5,"[192, 192, 192]","[27, 458, 505]",none_same_size,"[27, 458, 505]",final_output_sliding_window_fused_full_volume,predictor_crop_to_nonzero_bbox,nearest,gt_foreground,0.5,434860,0.8690048456192017,0.2945619225502014,6.578346894992038e-11,0.012842908501625061,0.9694036245346069,0.9954119920730591,0.9985160231590271,0.9996347427368164,0.9999916553497314
HEM_PA13,liver,D5,True,0,4,0,5,"[192, 192, 192]","[27, 458, 505]",none_same_size,"[27, 458, 505]",final_output_sliding_window_fused_full_volume,predictor_crop_to_nonzero_bbox,nearest,gt_background_valid,0.5,5809970,0.009010456502437592,0.08482822775840759,4.33234681800525e-39,3.7620950750477926e-22,1.2585267642682985e-18,1.4590650909696024e-10,1.0462190402904525e-06,0.00031228220905177295,0.9999812841415405
HEM_PA13,liver,D5,True,0,4,0,5,"[192, 192, 192]","[27, 458, 505]",none_same_size,"[27, 458, 505]",final_output_sliding_window_fused_full_volume,predictor_crop_to_nonzero_bbox,nearest,gt_background_all,0.5,5809970,0.009010456502437592,0.08482822775840759,4.33234681800525e-39,3.7620950750477926e-22,1.2585267642682985e-18,1.4590650909696024e-10,1.0462190402904525e-06,0.00031228220905177295,0.9999812841415405
HEM_PA13,liver,D5,True,0,4,0,5,"[192, 192, 192]","[27, 458, 505]",none_same_size,"[27, 458, 505]",final_output_sliding_window_fused_full_volume,predictor_crop_to_nonzero_bbox,nearest,d5_false_negative,0.5,52270,0.10450424998998642,0.14280246198177338,6.578346894992038e-11,1.174033332063118e-05,0.0016616180073469877,0.025935351848602295,0.16829468309879303,0.4310483932495117,0.4999725818634033
HEM_PA24,liver,D1,False,4,0,4,1,"[12, 12, 12]","[25, 451, 402]",none_same_size,"[25, 451, 402]",patch_upsampled_then_sliding_window_fused_full_volume,predictor_crop_to_nonzero_bbox,nearest,gt_foreground,0.5,299855,0.4708177149295807,0.09187599271535873,0.23616640269756317,0.3439560532569885,0.4077777862548828,0.45938122272491455,0.5159715414047241,0.656921923160553,0.8200174570083618
HEM_PA24,liver,D1,False,4,0,4,1,"[12, 12, 12]","[25, 451, 402]",none_same_size,"[25, 451, 402]",patch_upsampled_then_sliding_window_fused_full_volume,predictor_crop_to_nonzero_bbox,nearest,gt_background_valid,0.5,4232695,0.5239083766937256,0.105574831366539,0.14394988119602203,0.3935026228427887,0.4508328437805176,0.504355251789093,0.570406436920166,0.7503464221954346,0.9207448363304138
HEM_PA24,liver,D1,False,4,0,4,1,"[12, 12, 12]","[25, 451, 402]",none_same_size,"[25, 451, 402]",patch_upsampled_then_sliding_window_fused_full_volume,predictor_crop_to_nonzero_bbox,nearest,gt_background_all,0.5,4232695,0.5239083766937256,0.105574831366539,0.14394988119602203,0.3935026228427887,0.4508328437805176,0.504355251789093,0.570406436920166,0.7503464221954346,0.9207448363304138
HEM_PA24,liver,D1,False,4,0,4,1,"[12, 12, 12]","[25, 451, 402]",none_same_size,"[25, 451, 402]",patch_upsampled_then_sliding_window_fused_full_volume,predictor_crop_to_nonzero_bbox,nearest,d5_false_negative,0.5,19573,0.4596453607082367,0.08439434319734573,0.25078248977661133,0.3340162932872772,0.39713478088378906,0.451894611120224,0.5163645148277283,0.6124395728111267,0.770102858543396
HEM_PA24,liver,D2,False,3,1,3,2,"[24, 24, 24]","[25, 451, 402]",none_same_size,"[25, 451, 402]",patch_upsampled_then_sliding_window_fused_full_volume,predictor_crop_to_nonzero_bbox,nearest,gt_foreground,0.5,299855,0.686837911605835,0.4267207682132721,1.1882175537105365e-16,3.1475503874389688e-06,0.12909409403800964,0.9938790798187256,0.9999860525131226,1.0,1.0
HEM_PA24,liver,D2,False,3,1,3,2,"[24, 24, 24]","[25, 451, 402]",none_same_size,"[25, 451, 402]",patch_upsampled_then_sliding_window_fused_full_volume,predictor_crop_to_nonzero_bbox,nearest,gt_background_valid,0.5,4232695,0.0061637540347874165,0.07109293341636658,0.0,1.4831004392704883e-37,2.3178202879940894e-27,2.682262787070687e-21,4.960605045156263e-16,1.431402463225595e-08,1.0
HEM_PA24,liver,D2,False,3,1,3,2,"[24, 24, 24]","[25, 451, 402]",none_same_size,"[25, 451, 402]",patch_upsampled_then_sliding_window_fused_full_volume,predictor_crop_to_nonzero_bbox,nearest,gt_background_all,0.5,4232695,0.0061637540347874165,0.07109293341636658,0.0,1.4831004392704883e-37,2.3178202879940894e-27,2.682262787070687e-21,4.960605045156263e-16,1.431402463225595e-08,1.0
HEM_PA24,liver,D2,False,3,1,3,2,"[24, 24, 24]","[25, 451, 402]",none_same_size,"[25, 451, 402]",patch_upsampled_then_sliding_window_fused_full_volume,predictor_crop_to_nonzero_bbox,nearest,d5_false_negative,0.5,19573,0.05372205749154091,0.18480120599269867,1.1882175537105365e-16,9.900327085921035e-12,6.569691635149866e-08,2.6673949832911603e-05,0.0022585855331271887,0.4435122013092041,0.999990701675415
HEM_PA24,liver,D3,False,2,2,2,3,"[48, 48, 48]","[25, 451, 402]",none_same_size,"[25, 451, 402]",patch_upsampled_then_sliding_window_fused_full_volume,predictor_crop_to_nonzero_bbox,nearest,gt_foreground,0.5,299855,0.8319018483161926,0.33566704392433167,7.849910500269675e-13,0.003397308522835374,0.9417003393173218,0.9996559619903564,0.9999855756759644,0.9999995231628418,1.0
HEM_PA24,liver,D3,False,2,2,2,3,"[48, 48, 48]","[25, 451, 402]",none_same_size,"[25, 451, 402]",patch_upsampled_then_sliding_window_fused_full_volume,predictor_crop_to_nonzero_bbox,nearest,gt_background_valid,0.5,4232695,0.009400763548910618,0.0879417359828949,0.0,1.1569668309424934e-37,3.06480821332039e-20,5.616169421879258e-13,8.545289809092083e-09,9.017247066367418e-06,1.0
HEM_PA24,liver,D3,False,2,2,2,3,"[48, 48, 48]","[25, 451, 402]",none_same_size,"[25, 451, 402]",patch_upsampled_then_sliding_window_fused_full_volume,predictor_crop_to_nonzero_bbox,nearest,gt_background_all,0.5,4232695,0.009400763548910618,0.0879417359828949,0.0,1.1569668309424934e-37,3.06480821332039e-20,5.616169421879258e-13,8.545289809092083e-09,9.017247066367418e-06,1.0
HEM_PA24,liver,D3,False,2,2,2,3,"[48, 48, 48]","[25, 451, 402]",none_same_size,"[25, 451, 402]",patch_upsampled_then_sliding_window_fused_full_volume,predictor_crop_to_nonzero_bbox,nearest,d5_false_negative,0.5,19573,0.11818238347768784,0.2697887420654297,7.849910500269675e-13,3.1360152661363827e-06,0.0002697835152503103,0.00240691308863461,0.039324063807725906,0.948642373085022,0.9999984502792358
HEM_PA24,liver,D4,False,1,3,1,4,"[96, 96, 96]","[25, 451, 402]",none_same_size,"[25, 451, 402]",patch_upsampled_then_sliding_window_fused_full_volume,predictor_crop_to_nonzero_bbox,nearest,gt_foreground,0.5,299855,0.8757595419883728,0.29405730962753296,4.607646886256589e-08,0.013054758310317993,0.988294780254364,0.9995056390762329,0.9999352693557739,0.9999960660934448,1.0
HEM_PA24,liver,D4,False,1,3,1,4,"[96, 96, 96]","[25, 451, 402]",none_same_size,"[25, 451, 402]",patch_upsampled_then_sliding_window_fused_full_volume,predictor_crop_to_nonzero_bbox,nearest,gt_background_valid,0.5,4232695,0.009804591536521912,0.08945363759994507,0.0,4.97912161118139e-28,9.415202666139056e-17,6.888136727667415e-10,2.8854475431216997e-07,6.111808033892885e-05,0.9999920129776001
HEM_PA24,liver,D4,False,1,3,1,4,"[96, 96, 96]","[25, 451, 402]",none_same_size,"[25, 451, 402]",patch_upsampled_then_sliding_window_fused_full_volume,predictor_crop_to_nonzero_bbox,nearest,gt_background_all,0.5,4232695,0.009804591536521912,0.08945363759994507,0.0,4.97912161118139e-28,9.415202666139056e-17,6.888136727667415e-10,2.8854475431216997e-07,6.111808033892885e-05,0.9999920129776001
HEM_PA24,liver,D4,False,1,3,1,4,"[96, 96, 96]","[25, 451, 402]",none_same_size,"[25, 451, 402]",patch_upsampled_then_sliding_window_fused_full_volume,predictor_crop_to_nonzero_bbox,nearest,d5_false_negative,0.5,19573,0.13497225940227509,0.26831382513046265,4.607646886256589e-08,2.2723192159901373e-05,0.0008034394704736769,0.005362669937312603,0.08381503820419312,0.8738642930984497,0.9978935122489929
HEM_PA24,liver,D5,True,0,4,0,5,"[192, 192, 192]","[25, 451, 402]",none_same_size,"[25, 451, 402]",final_output_sliding_window_fused_full_volume,predictor_crop_to_nonzero_bbox,nearest,gt_foreground,0.5,299855,0.9282638430595398,0.2234901487827301,2.8149976571967272e-08,0.21319454908370972,0.9933639168739319,0.9987758994102478,0.9996553659439087,0.9999284744262695,0.999994158744812
HEM_PA24,liver,D5,True,0,4,0,5,"[192, 192, 192]","[25, 451, 402]",none_same_size,"[25, 451, 402]",final_output_sliding_window_fused_full_volume,predictor_crop_to_nonzero_bbox,nearest,gt_background_valid,0.5,4232695,0.008114255033433437,0.08109486103057861,0.0,7.331736731775051e-26,6.242910753950011e-17,2.8899311832475405e-09,6.562383987329667e-07,6.91928289597854e-05,0.9999072551727295
HEM_PA24,liver,D5,True,0,4,0,5,"[192, 192, 192]","[25, 451, 402]",none_same_size,"[25, 451, 402]",final_output_sliding_window_fused_full_volume,predictor_crop_to_nonzero_bbox,nearest,gt_background_all,0.5,4232695,0.008114255033433437,0.08109486103057861,0.0,7.331736731775051e-26,6.242910753950011e-17,2.8899311832475405e-09,6.562383987329667e-07,6.91928289597854e-05,0.9999072551727295
HEM_PA24,liver,D5,True,0,4,0,5,"[192, 192, 192]","[25, 451, 402]",none_same_size,"[25, 451, 402]",final_output_sliding_window_fused_full_volume,predictor_crop_to_nonzero_bbox,nearest,d5_false_negative,0.5,19573,0.11833881586790085,0.14361073076725006,2.8149976571967272e-08,5.850239176652394e-05,0.006140923127532005,0.04757877066731453,0.19850386679172516,0.4341040551662445,0.49998342990875244
HEM_PA29,liver,D1,False,4,0,4,1,"[12, 12, 12]","[23, 677, 1022]",none_same_size,"[23, 677, 1022]",patch_upsampled_then_sliding_window_fused_full_volume,predictor_crop_to_nonzero_bbox,nearest,gt_foreground,0.5,1412055,0.4691700339317322,0.10653991252183914,0.16634806990623474,0.2881895899772644,0.3950045108795166,0.4686853289604187,0.5446133017539978,0.6425074934959412,0.8810896873474121
HEM_PA29,liver,D1,False,4,0,4,1,"[12, 12, 12]","[23, 677, 1022]",none_same_size,"[23, 677, 1022]",patch_upsampled_then_sliding_window_fused_full_volume,predictor_crop_to_nonzero_bbox,nearest,gt_background_valid,0.5,14501507,0.46717536449432373,0.09930990636348724,0.1543530821800232,0.31271427869796753,0.39803460240364075,0.4601076543331146,0.5318670868873596,0.6406524777412415,0.9114037752151489
HEM_PA29,liver,D1,False,4,0,4,1,"[12, 12, 12]","[23, 677, 1022]",none_same_size,"[23, 677, 1022]",patch_upsampled_then_sliding_window_fused_full_volume,predictor_crop_to_nonzero_bbox,nearest,gt_background_all,0.5,14501507,0.46717536449432373,0.09930990636348724,0.1543530821800232,0.31271427869796753,0.39803460240364075,0.4601076543331146,0.5318670868873596,0.6406524777412415,0.9114037752151489
HEM_PA29,liver,D1,False,4,0,4,1,"[12, 12, 12]","[23, 677, 1022]",none_same_size,"[23, 677, 1022]",patch_upsampled_then_sliding_window_fused_full_volume,predictor_crop_to_nonzero_bbox,nearest,d5_false_negative,0.5,865988,0.4652281105518341,0.09863696247339249,0.16634806990623474,0.3012673854827881,0.39779818058013916,0.4623402953147888,0.5351988077163696,0.6260668039321899,0.8213088512420654
HEM_PA29,liver,D2,False,3,1,3,2,"[24, 24, 24]","[23, 677, 1022]",none_same_size,"[23, 677, 1022]",patch_upsampled_then_sliding_window_fused_full_volume,predictor_crop_to_nonzero_bbox,nearest,gt_foreground,0.5,1412055,0.2850048243999481,0.4250175654888153,5.873470959088414e-32,5.429781359911607e-23,4.414138165814905e-17,3.133905556751415e-05,0.8177425861358643,0.9999659061431885,1.0
HEM_PA29,liver,D2,False,3,1,3,2,"[24, 24, 24]","[23, 677, 1022]",none_same_size,"[23, 677, 1022]",patch_upsampled_then_sliding_window_fused_full_volume,predictor_crop_to_nonzero_bbox,nearest,gt_background_valid,0.5,14501507,0.006245145108550787,0.07173982262611389,0.0,8.569876912480592e-32,1.5477024174360575e-26,1.231866761802386e-22,9.77764210856876e-18,9.617074425705141e-08,1.0
HEM_PA29,liver,D2,False,3,1,3,2,"[24, 24, 24]","[23, 677, 1022]",none_same_size,"[23, 677, 1022]",patch_upsampled_then_sliding_window_fused_full_volume,predictor_crop_to_nonzero_bbox,nearest,gt_background_all,0.5,14501507,0.006245145108550787,0.07173982262611389,0.0,8.569876912480592e-32,1.5477024174360575e-26,1.231866761802386e-22,9.77764210856876e-18,9.617074425705141e-08,1.0
HEM_PA29,liver,D2,False,3,1,3,2,"[24, 24, 24]","[23, 677, 1022]",none_same_size,"[23, 677, 1022]",patch_upsampled_then_sliding_window_fused_full_volume,predictor_crop_to_nonzero_bbox,nearest,d5_false_negative,0.5,865988,0.03205164894461632,0.14594268798828125,5.873470959088414e-32,8.533241729268667e-24,6.588167230383819e-20,1.2807631135660323e-14,3.1495528673985973e-06,0.13482306897640228,0.9999996423721313
HEM_PA29,liver,D3,False,2,2,2,3,"[48, 48, 48]","[23, 677, 1022]",none_same_size,"[23, 677, 1022]",patch_upsampled_then_sliding_window_fused_full_volume,predictor_crop_to_nonzero_bbox,nearest,gt_foreground,0.5,1412055,0.34416651725769043,0.442320853471756,9.287415947170568e-23,1.2127913029993638e-15,1.8575891692906854e-12,0.0042354753240942955,0.956535816192627,0.9999457597732544,1.0
HEM_PA29,liver,D3,False,2,2,2,3,"[48, 48, 48]","[23, 677, 1022]",none_same_size,"[23, 677, 1022]",patch_upsampled_then_sliding_window_fused_full_volume,predictor_crop_to_nonzero_bbox,nearest,gt_background_valid,0.5,14501507,0.009566862136125565,0.08951164782047272,0.0,1.1852761318690538e-23,8.1178905610010035e-19,3.3411323130542244e-16,7.833881113250563e-12,6.779730483685853e-06,1.0
HEM_PA29,liver,D3,False,2,2,2,3,"[48, 48, 48]","[23, 677, 1022]",none_same_size,"[23, 677, 1022]",patch_upsampled_then_sliding_window_fused_full_volume,predictor_crop_to_nonzero_bbox,nearest,gt_background_all,0.5,14501507,0.009566862136125565,0.08951164782047272,0.0,1.1852761318690538e-23,8.1178905610010035e-19,3.3411323130542244e-16,7.833881113250563e-12,6.779730483685853e-06,1.0
HEM_PA29,liver,D3,False,2,2,2,3,"[48, 48, 48]","[23, 677, 1022]",none_same_size,"[23, 677, 1022]",patch_upsampled_then_sliding_window_fused_full_volume,predictor_crop_to_nonzero_bbox,nearest,d5_false_negative,0.5,865988,0.04290071874856949,0.15817776322364807,9.287415947170568e-23,3.768305851431145e-16,7.189118278547874e-14,2.0537435641010404e-10,0.0008383768144994974,0.2928132712841034,0.9999995231628418
HEM_PA29,liver,D4,False,1,3,1,4,"[96, 96, 96]","[23, 677, 1022]",none_same_size,"[23, 677, 1022]",patch_upsampled_then_sliding_window_fused_full_volume,predictor_crop_to_nonzero_bbox,nearest,gt_foreground,0.5,1412055,0.3592355251312256,0.4367818832397461,2.2557932883502454e-18,3.979167662688729e-15,2.146487414894649e-12,0.017637761309742928,0.9331035017967224,0.9993377327919006,1.0
HEM_PA29,liver,D4,False,1,3,1,4,"[96, 96, 96]","[23, 677, 1022]",none_same_size,"[23, 677, 1022]",patch_upsampled_then_sliding_window_fused_full_volume,predictor_crop_to_nonzero_bbox,nearest,gt_background_valid,0.5,14501507,0.009670983999967575,0.08836070448160172,1.870864146621836e-29,5.60132124331548e-19,9.024081232277442e-17,3.545659588415767e-15,3.293330941289696e-09,0.0001517988130217418,1.0
HEM_PA29,liver,D4,False,1,3,1,4,"[96, 96, 96]","[23, 677, 1022]",none_same_size,"[23, 677, 1022]",patch_upsampled_then_sliding_window_fused_full_volume,predictor_crop_to_nonzero_bbox,nearest,gt_background_all,0.5,14501507,0.009670983999967575,0.08836070448160172,1.870864146621836e-29,5.60132124331548e-19,9.024081232277442e-17,3.545659588415767e-15,3.293330941289696e-09,0.0001517988130217418,1.0
HEM_PA29,liver,D4,False,1,3,1,4,"[96, 96, 96]","[23, 677, 1022]",none_same_size,"[23, 677, 1022]",patch_upsampled_then_sliding_window_fused_full_volume,predictor_crop_to_nonzero_bbox,nearest,d5_false_negative,0.5,865988,0.038418617099523544,0.12082475423812866,2.2557932883502454e-18,1.7921184284827585e-15,1.047818177168057e-13,3.8796243995165014e-10,0.004309594165533781,0.2619289457798004,0.9990507960319519
HEM_PA29,liver,D5,True,0,4,0,5,"[192, 192, 192]","[23, 677, 1022]",none_same_size,"[23, 677, 1022]",final_output_sliding_window_fused_full_volume,predictor_crop_to_nonzero_bbox,nearest,gt_foreground,0.5,1412055,0.38029858469963074,0.44456082582473755,1.680697234093066e-19,1.1756542022181831e-15,6.954893475366597e-13,0.031346023082733154,0.9552484154701233,0.9981486797332764,0.999993085861206
HEM_PA29,liver,D5,True,0,4,0,5,"[192, 192, 192]","[23, 677, 1022]",none_same_size,"[23, 677, 1022]",final_output_sliding_window_fused_full_volume,predictor_crop_to_nonzero_bbox,nearest,gt_background_valid,0.5,14501507,0.00963535625487566,0.08891625702381134,1.3631634875592857e-35,1.6614100963947143e-19,2.2767934602285273e-17,7.815925052384132e-16,9.82771108937186e-09,0.0001719036663416773,0.999993085861206
HEM_PA29,liver,D5,True,0,4,0,5,"[192, 192, 192]","[23, 677, 1022]",none_same_size,"[23, 677, 1022]",final_output_sliding_window_fused_full_volume,predictor_crop_to_nonzero_bbox,nearest,gt_background_all,0.5,14501507,0.00963535625487566,0.08891625702381134,1.3631634875592857e-35,1.6614100963947143e-19,2.2767934602285273e-17,7.815925052384132e-16,9.82771108937186e-09,0.0001719036663416773,0.999993085861206
HEM_PA29,liver,D5,True,0,4,0,5,"[192, 192, 192]","[23, 677, 1022]",none_same_size,"[23, 677, 1022]",final_output_sliding_window_fused_full_volume,predictor_crop_to_nonzero_bbox,nearest,d5_false_negative,0.5,865988,0.037070777267217636,0.09532301872968674,1.680697234093066e-19,4.973123133325498e-16,2.723440301944692e-14,1.6188295148822363e-10,0.008429581299424171,0.2847539782524109,0.499997615814209
HEM_PA34,liver,D1,False,4,0,4,1,"[12, 12, 12]","[27, 460, 490]",none_same_size,"[27, 460, 490]",patch_upsampled_then_sliding_window_fused_full_volume,predictor_crop_to_nonzero_bbox,nearest,gt_foreground,0.5,347700,0.477304607629776,0.12268812954425812,0.14474840462207794,0.2821342945098877,0.3847954273223877,0.47346144914627075,0.5641127824783325,0.6882023215293884,0.8193060755729675
HEM_PA34,liver,D1,False,4,0,4,1,"[12, 12, 12]","[27, 460, 490]",none_same_size,"[27, 460, 490]",patch_upsampled_then_sliding_window_fused_full_volume,predictor_crop_to_nonzero_bbox,nearest,gt_background_valid,0.5,5738100,0.5094828605651855,0.10719922930002213,0.14804035425186157,0.35298535227775574,0.43233731389045715,0.5016244649887085,0.5706925988197327,0.7104962468147278,0.8901151418685913
HEM_PA34,liver,D1,False,4,0,4,1,"[12, 12, 12]","[27, 460, 490]",none_same_size,"[27, 460, 490]",patch_upsampled_then_sliding_window_fused_full_volume,predictor_crop_to_nonzero_bbox,nearest,gt_background_all,0.5,5738100,0.5094828605651855,0.10719922930002213,0.14804035425186157,0.35298535227775574,0.43233731389045715,0.5016244649887085,0.5706925988197327,0.7104962468147278,0.8901151418685913
HEM_PA34,liver,D1,False,4,0,4,1,"[12, 12, 12]","[27, 460, 490]",none_same_size,"[27, 460, 490]",patch_upsampled_then_sliding_window_fused_full_volume,predictor_crop_to_nonzero_bbox,nearest,d5_false_negative,0.5,11647,0.5046936273574829,0.1067252904176712,0.2252703607082367,0.3378538191318512,0.42079097032546997,0.5155467987060547,0.5772873759269714,0.675873875617981,0.7818650007247925
HEM_PA34,liver,D2,False,3,1,3,2,"[24, 24, 24]","[27, 460, 490]",none_same_size,"[27, 460, 490]",patch_upsampled_then_sliding_window_fused_full_volume,predictor_crop_to_nonzero_bbox,nearest,gt_foreground,0.5,347700,0.7618132829666138,0.3952096998691559,1.7189746188582875e-17,3.718278821907006e-05,0.6335961222648621,0.9997801780700684,0.9999986886978149,1.0,1.0
HEM_PA34,liver,D2,False,3,1,3,2,"[24, 24, 24]","[27, 460, 490]",none_same_size,"[27, 460, 490]",patch_upsampled_then_sliding_window_fused_full_volume,predictor_crop_to_nonzero_bbox,nearest,gt_background_valid,0.5,5738100,0.004216383211314678,0.057879794389009476,0.0,1.6168200739038854e-37,1.2734841917081517e-24,1.2155435645078993e-17,1.3769981248995533e-12,1.0885263890259012e-07,0.9999977350234985
HEM_PA34,liver,D2,False,3,1,3,2,"[24, 24, 24]","[27, 460, 490]",none_same_size,"[27, 460, 490]",patch_upsampled_then_sliding_window_fused_full_volume,predictor_crop_to_nonzero_bbox,nearest,gt_background_all,0.5,5738100,0.004216383211314678,0.057879794389009476,0.0,1.6168200739038854e-37,1.2734841917081517e-24,1.2155435645078993e-17,1.3769981248995533e-12,1.0885263890259012e-07,0.9999977350234985
HEM_PA34,liver,D2,False,3,1,3,2,"[24, 24, 24]","[27, 460, 490]",none_same_size,"[27, 460, 490]",patch_upsampled_then_sliding_window_fused_full_volume,predictor_crop_to_nonzero_bbox,nearest,d5_false_negative,0.5,11647,0.13139209151268005,0.28652316331863403,1.7189746188582875e-17,5.6500567028813786e-14,1.7427569218853023e-06,0.00018260795332025737,0.03431154787540436,0.9728885889053345,0.999977707862854
HEM_PA34,liver,D3,False,2,2,2,3,"[48, 48, 48]","[27, 460, 490]",none_same_size,"[27, 460, 490]",patch_upsampled_then_sliding_window_fused_full_volume,predictor_crop_to_nonzero_bbox,nearest,gt_foreground,0.5,347700,0.8788813352584839,0.27947530150413513,3.0916433302330404e-10,0.06217816099524498,0.9823244214057922,0.9998928308486938,0.9999887943267822,0.9999990463256836,1.0
HEM_PA34,liver,D3,False,2,2,2,3,"[48, 48, 48]","[27, 460, 490]",none_same_size,"[27, 460, 490]",patch_upsampled_then_sliding_window_fused_full_volume,predictor_crop_to_nonzero_bbox,nearest,gt_background_valid,0.5,5738100,0.005808649118989706,0.0669243261218071,0.0,6.8432729590747195e-31,1.816709316953878e-17,1.4308154661080152e-10,8.979725407698425e-08,1.149252875620732e-05,0.9999994039535522
HEM_PA34,liver,D3,False,2,2,2,3,"[48, 48, 48]","[27, 460, 490]",none_same_size,"[27, 460, 490]",patch_upsampled_then_sliding_window_fused_full_volume,predictor_crop_to_nonzero_bbox,nearest,gt_background_all,0.5,5738100,0.005808649118989706,0.0669243261218071,0.0,6.8432729590747195e-31,1.816709316953878e-17,1.4308154661080152e-10,8.979725407698425e-08,1.149252875620732e-05,0.9999994039535522
HEM_PA34,liver,D3,False,2,2,2,3,"[48, 48, 48]","[27, 460, 490]",none_same_size,"[27, 460, 490]",patch_upsampled_then_sliding_window_fused_full_volume,predictor_crop_to_nonzero_bbox,nearest,d5_false_negative,0.5,11647,0.1917467713356018,0.29927879571914673,3.0916433302330404e-10,3.951585767936194e-06,0.001315426081418991,0.029300708323717117,0.24267762899398804,0.9414263963699341,0.9999431371688843
HEM_PA34,liver,D4,False,1,3,1,4,"[96, 96, 96]","[27, 460, 490]",none_same_size,"[27, 460, 490]",patch_upsampled_then_sliding_window_fused_full_volume,predictor_crop_to_nonzero_bbox,nearest,gt_foreground,0.5,347700,0.9249168038368225,0.22006109356880188,3.0196923717085156e-07,0.2806924879550934,0.9962633848190308,0.9998096823692322,0.9999629259109497,0.9999953508377075,1.0
HEM_PA34,liver,D4,False,1,3,1,4,"[96, 96, 96]","[27, 460, 490]",none_same_size,"[27, 460, 490]",patch_upsampled_then_sliding_window_fused_full_volume,predictor_crop_to_nonzero_bbox,nearest,gt_background_valid,0.5,5738100,0.00704180309548974,0.07487505674362183,6.744435495810701e-38,1.539810259742369e-23,1.8063731120707832e-13,1.805688754075163e-08,9.457114629185526e-07,4.735486800200306e-05,0.9999996423721313
HEM_PA34,liver,D4,False,1,3,1,4,"[96, 96, 96]","[27, 460, 490]",none_same_size,"[27, 460, 490]",patch_upsampled_then_sliding_window_fused_full_volume,predictor_crop_to_nonzero_bbox,nearest,gt_background_all,0.5,5738100,0.00704180309548974,0.07487505674362183,6.744435495810701e-38,1.539810259742369e-23,1.8063731120707832e-13,1.805688754075163e-08,9.457114629185526e-07,4.735486800200306e-05,0.9999996423721313
HEM_PA34,liver,D4,False,1,3,1,4,"[96, 96, 96]","[27, 460, 490]",none_same_size,"[27, 460, 490]",patch_upsampled_then_sliding_window_fused_full_volume,predictor_crop_to_nonzero_bbox,nearest,d5_false_negative,0.5,11647,0.24965541064739227,0.3156477212905884,3.0196923717085156e-07,0.00011625754996202886,0.003884420730173588,0.06963858008384705,0.4419989585876465,0.9158068895339966,0.9969334602355957
HEM_PA34,liver,D5,True,0,4,0,5,"[192, 192, 192]","[27, 460, 490]",none_same_size,"[27, 460, 490]",final_output_sliding_window_fused_full_volume,predictor_crop_to_nonzero_bbox,nearest,gt_foreground,0.5,347700,0.9594724178314209,0.15746496617794037,1.1282857485639397e-05,0.7745916247367859,0.9966061115264893,0.9993658661842346,0.9997803568840027,0.9999490976333618,0.9999992847442627
HEM_PA34,liver,D5,True,0,4,0,5,"[192, 192, 192]","[27, 460, 490]",none_same_size,"[27, 460, 490]",final_output_sliding_window_fused_full_volume,predictor_crop_to_nonzero_bbox,nearest,gt_background_valid,0.5,5738100,0.006345015950500965,0.07155714184045792,0.0,1.4955355045457122e-22,1.2355185234277921e-12,6.496026827562673e-08,3.0489213713735808e-06,8.353125303983688e-05,0.9999521970748901
HEM_PA34,liver,D5,True,0,4,0,5,"[192, 192, 192]","[27, 460, 490]",none_same_size,"[27, 460, 490]",final_output_sliding_window_fused_full_volume,predictor_crop_to_nonzero_bbox,nearest,gt_background_all,0.5,5738100,0.006345015950500965,0.07155714184045792,0.0,1.4955355045457122e-22,1.2355185234277921e-12,6.496026827562673e-08,3.0489213713735808e-06,8.353125303983688e-05,0.9999521970748901
HEM_PA34,liver,D5,True,0,4,0,5,"[192, 192, 192]","[27, 460, 490]",none_same_size,"[27, 460, 490]",final_output_sliding_window_fused_full_volume,predictor_crop_to_nonzero_bbox,nearest,d5_false_negative,0.5,11647,0.17228025197982788,0.15584759414196014,1.1282857485639397e-05,0.001494170748628676,0.02846289798617363,0.12667156755924225,0.29956647753715515,0.46187883615493774,0.49994421005249023
HEM_PA56,liver,D1,False,4,0,4,1,"[12, 12, 12]","[71, 188, 304]",none_same_size,"[71, 188, 304]",patch_upsampled_then_sliding_window_fused_full_volume,predictor_crop_to_nonzero_bbox,nearest,gt_foreground,0.5,383171,0.39957931637763977,0.10985013842582703,0.17732010781764984,0.23292726278305054,0.315589040517807,0.39493700861930847,0.47258031368255615,0.5886918306350708,0.7713205814361572
HEM_PA56,liver,D1,False,4,0,4,1,"[12, 12, 12]","[71, 188, 304]",none_same_size,"[71, 188, 304]",patch_upsampled_then_sliding_window_fused_full_volume,predictor_crop_to_nonzero_bbox,nearest,gt_background_valid,0.5,3674621,0.5068016052246094,0.10299158096313477,0.16834598779678345,0.34540101885795593,0.44255998730659485,0.49515360593795776,0.566996157169342,0.6932727098464966,0.8878797292709351
HEM_PA56,liver,D1,False,4,0,4,1,"[12, 12, 12]","[71, 188, 304]",none_same_size,"[71, 188, 304]",patch_upsampled_then_sliding_window_fused_full_volume,predictor_crop_to_nonzero_bbox,nearest,gt_background_all,0.5,3674621,0.5068016052246094,0.10299158096313477,0.16834598779678345,0.34540101885795593,0.44255998730659485,0.49515360593795776,0.566996157169342,0.6932727098464966,0.8878797292709351
HEM_PA56,liver,D1,False,4,0,4,1,"[12, 12, 12]","[71, 188, 304]",none_same_size,"[71, 188, 304]",patch_upsampled_then_sliding_window_fused_full_volume,predictor_crop_to_nonzero_bbox,nearest,d5_false_negative,0.5,11039,0.4368145763874054,0.08751224726438522,0.18818165361881256,0.28984692692756653,0.37873852252960205,0.4382166564464569,0.4989625811576843,0.5836789608001709,0.7281025648117065
HEM_PA56,liver,D2,False,3,1,3,2,"[24, 24, 24]","[71, 188, 304]",none_same_size,"[71, 188, 304]",patch_upsampled_then_sliding_window_fused_full_volume,predictor_crop_to_nonzero_bbox,nearest,gt_foreground,0.5,383171,0.8775748014450073,0.2863842844963074,8.52652988214686e-08,0.03527841717004776,0.9847602844238281,0.9998685121536255,0.9999903440475464,0.9999990463256836,1.0
HEM_PA56,liver,D2,False,3,1,3,2,"[24, 24, 24]","[71, 188, 304]",none_same_size,"[71, 188, 304]",patch_upsampled_then_sliding_window_fused_full_volume,predictor_crop_to_nonzero_bbox,nearest,gt_background_valid,0.5,3674621,0.004290175624191761,0.055686865001916885,9.606661460537911e-34,5.911037504065337e-22,3.370355346781192e-17,3.94597650724398e-14,7.943780182262383e-12,1.0617363841447514e-06,0.9999967813491821
HEM_PA56,liver,D2,False,3,1,3,2,"[24, 24, 24]","[71, 188, 304]",none_same_size,"[71, 188, 304]",patch_upsampled_then_sliding_window_fused_full_volume,predictor_crop_to_nonzero_bbox,nearest,gt_background_all,0.5,3674621,0.004290175624191761,0.055686865001916885,9.606661460537911e-34,5.911037504065337e-22,3.370355346781192e-17,3.94597650724398e-14,7.943780182262383e-12,1.0617363841447514e-06,0.9999967813491821
HEM_PA56,liver,D2,False,3,1,3,2,"[24, 24, 24]","[71, 188, 304]",none_same_size,"[71, 188, 304]",patch_upsampled_then_sliding_window_fused_full_volume,predictor_crop_to_nonzero_bbox,nearest,d5_false_negative,0.5,11039,0.167228564620018,0.29161304235458374,8.52652988214686e-08,5.0858911890827585e-06,0.00038811852573417127,0.010034017264842987,0.16465362906455994,0.9163115620613098,0.9988331198692322
HEM_PA56,liver,D3,False,2,2,2,3,"[48, 48, 48]","[71, 188, 304]",none_same_size,"[71, 188, 304]",patch_upsampled_then_sliding_window_fused_full_volume,predictor_crop_to_nonzero_bbox,nearest,gt_foreground,0.5,383171,0.9460541009902954,0.18385624885559082,1.1062803423556034e-05,0.5350530743598938,0.9983976483345032,0.9999083280563354,0.9999841451644897,0.9999978542327881,1.0
HEM_PA56,liver,D3,False,2,2,2,3,"[48, 48, 48]","[71, 188, 304]",none_same_size,"[71, 188, 304]",patch_upsampled_then_sliding_window_fused_full_volume,predictor_crop_to_nonzero_bbox,nearest,gt_background_valid,0.5,3674621,0.005033192690461874,0.059424228966236115,2.2045244955485863e-23,2.2794488735780605e-13,3.153348415718682e-10,1.9686627439341464e-08,3.5727114777728275e-07,2.4135684725479223e-05,0.9999910593032837
HEM_PA56,liver,D3,False,2,2,2,3,"[48, 48, 48]","[71, 188, 304]",none_same_size,"[71, 188, 304]",patch_upsampled_then_sliding_window_fused_full_volume,predictor_crop_to_nonzero_bbox,nearest,gt_background_all,0.5,3674621,0.005033192690461874,0.059424228966236115,2.2045244955485863e-23,2.2794488735780605e-13,3.153348415718682e-10,1.9686627439341464e-08,3.5727114777728275e-07,2.4135684725479223e-05,0.9999910593032837
HEM_PA56,liver,D3,False,2,2,2,3,"[48, 48, 48]","[71, 188, 304]",none_same_size,"[71, 188, 304]",patch_upsampled_then_sliding_window_fused_full_volume,predictor_crop_to_nonzero_bbox,nearest,d5_false_negative,0.5,11039,0.2528232932090759,0.28959158062934875,1.1062803423556034e-05,0.0011140971910208464,0.02037203311920166,0.11845605820417404,0.42100390791893005,0.8831480145454407,0.9992614388465881
HEM_PA56,liver,D4,False,1,3,1,4,"[96, 96, 96]","[71, 188, 304]",none_same_size,"[71, 188, 304]",patch_upsampled_then_sliding_window_fused_full_volume,predictor_crop_to_nonzero_bbox,nearest,gt_foreground,0.5,383171,0.954923689365387,0.17060726881027222,1.1217624887649436e-05,0.6750607490539551,0.9983924031257629,0.9998025298118591,0.9999533891677856,0.9999890327453613,0.9999988079071045
HEM_PA56,liver,D4,False,1,3,1,4,"[96, 96, 96]","[71, 188, 304]",none_same_size,"[71, 188, 304]",patch_upsampled_then_sliding_window_fused_full_volume,predictor_crop_to_nonzero_bbox,nearest,gt_background_valid,0.5,3674621,0.005102650262415409,0.060947708785533905,6.810802405249881e-16,1.0367644937003817e-10,1.2241203606322415e-08,1.6301972038945678e-07,1.0678403441488626e-06,7.164541602833197e-05,0.9999735355377197
HEM_PA56,liver,D4,False,1,3,1,4,"[96, 96, 96]","[71, 188, 304]",none_same_size,"[71, 188, 304]",patch_upsampled_then_sliding_window_fused_full_volume,predictor_crop_to_nonzero_bbox,nearest,gt_background_all,0.5,3674621,0.005102650262415409,0.060947708785533905,6.810802405249881e-16,1.0367644937003817e-10,1.2241203606322415e-08,1.6301972038945678e-07,1.0678403441488626e-06,7.164541602833197e-05,0.9999735355377197
HEM_PA56,liver,D4,False,1,3,1,4,"[96, 96, 96]","[71, 188, 304]",none_same_size,"[71, 188, 304]",patch_upsampled_then_sliding_window_fused_full_volume,predictor_crop_to_nonzero_bbox,nearest,d5_false_negative,0.5,11039,0.24061240255832672,0.2914915680885315,1.1217624887649436e-05,0.0011943945428356528,0.018838107585906982,0.09271561354398727,0.40723341703414917,0.8676789402961731,0.9922555685043335
HEM_PA56,liver,D5,True,0,4,0,5,"[192, 192, 192]","[71, 188, 304]",none_same_size,"[71, 188, 304]",final_output_sliding_window_fused_full_volume,predictor_crop_to_nonzero_bbox,nearest,gt_foreground,0.5,383171,0.9667857885360718,0.14555442333221436,7.346610800595954e-05,0.8690263032913208,0.9978011250495911,0.999350368976593,0.9997305274009705,0.9998989105224609,0.9999854564666748
HEM_PA56,liver,D5,True,0,4,0,5,"[192, 192, 192]","[71, 188, 304]",none_same_size,"[71, 188, 304]",final_output_sliding_window_fused_full_volume,predictor_crop_to_nonzero_bbox,nearest,gt_background_valid,0.5,3674621,0.004354262258857489,0.05619518831372261,1.0619549183003192e-16,3.8727929196902267e-10,3.7694558585599225e-08,4.381846281376056e-07,3.4925910767924506e-06,0.000162948650540784,0.9998134970664978
HEM_PA56,liver,D5,True,0,4,0,5,"[192, 192, 192]","[71, 188, 304]",none_same_size,"[71, 188, 304]",final_output_sliding_window_fused_full_volume,predictor_crop_to_nonzero_bbox,nearest,gt_background_all,0.5,3674621,0.004354262258857489,0.05619518831372261,1.0619549183003192e-16,3.8727929196902267e-10,3.7694558585599225e-08,4.381846281376056e-07,3.4925910767924506e-06,0.000162948650540784,0.9998134970664978
HEM_PA56,liver,D5,True,0,4,0,5,"[192, 192, 192]","[71, 188, 304]",none_same_size,"[71, 188, 304]",final_output_sliding_window_fused_full_volume,predictor_crop_to_nonzero_bbox,nearest,d5_false_negative,0.5,11039,0.17529907822608948,0.15009896457195282,7.346610800595954e-05,0.005159497261047363,0.042765989899635315,0.1312611848115921,0.29148757457733154,0.45832401514053345,0.49997222423553467
HEM_PA66,liver,D1,False,4,0,4,1,"[12, 12, 12]","[71, 157, 319]",none_same_size,"[71, 157, 319]",patch_upsampled_then_sliding_window_fused_full_volume,predictor_crop_to_nonzero_bbox,nearest,gt_foreground,0.5,235933,0.3722662627696991,0.13743114471435547,0.09900975972414017,0.1650111824274063,0.24705179035663605,0.37803155183792114,0.4902097284793854,0.5854560136795044,0.7162438631057739
HEM_PA66,liver,D1,False,4,0,4,1,"[12, 12, 12]","[71, 157, 319]",none_same_size,"[71, 157, 319]",patch_upsampled_then_sliding_window_fused_full_volume,predictor_crop_to_nonzero_bbox,nearest,gt_background_valid,0.5,3319960,0.4881252646446228,0.10718002170324326,0.11858505010604858,0.31215575337409973,0.4198439419269562,0.4864751994609833,0.5570837259292603,0.6718806624412537,0.8159499764442444
HEM_PA66,liver,D1,False,4,0,4,1,"[12, 12, 12]","[71, 157, 319]",none_same_size,"[71, 157, 319]",patch_upsampled_then_sliding_window_fused_full_volume,predictor_crop_to_nonzero_bbox,nearest,gt_background_all,0.5,3319960,0.4881252646446228,0.10718002170324326,0.11858505010604858,0.31215575337409973,0.4198439419269562,0.4864751994609833,0.5570837259292603,0.6718806624412537,0.8159499764442444
HEM_PA66,liver,D1,False,4,0,4,1,"[12, 12, 12]","[71, 157, 319]",none_same_size,"[71, 157, 319]",patch_upsampled_then_sliding_window_fused_full_volume,predictor_crop_to_nonzero_bbox,nearest,d5_false_negative,0.5,8254,0.4143657386302948,0.13128511607646942,0.13171455264091492,0.21964459121227264,0.2997623682022095,0.4106304943561554,0.5181736946105957,0.6392794251441956,0.7162438631057739
HEM_PA66,liver,D2,False,3,1,3,2,"[24, 24, 24]","[71, 157, 319]",none_same_size,"[71, 157, 319]",patch_upsampled_then_sliding_window_fused_full_volume,predictor_crop_to_nonzero_bbox,nearest,gt_foreground,0.5,235933,0.8234659433364868,0.3379455804824829,1.3276040533583e-07,0.004829889163374901,0.9068515300750732,0.9990513920783997,0.9999346733093262,0.9999966621398926,1.0
HEM_PA66,liver,D2,False,3,1,3,2,"[24, 24, 24]","[71, 157, 319]",none_same_size,"[71, 157, 319]",patch_upsampled_then_sliding_window_fused_full_volume,predictor_crop_to_nonzero_bbox,nearest,gt_background_valid,0.5,3319960,0.003740377025678754,0.05267294868826866,4.3126954278561496e-30,3.0221087729617814e-23,1.3301289656569606e-18,3.186393740211408e-15,2.6695319132324924e-12,1.4711463336425368e-07,0.999998927116394
HEM_PA66,liver,D2,False,3,1,3,2,"[24, 24, 24]","[71, 157, 319]",none_same_size,"[71, 157, 319]",patch_upsampled_then_sliding_window_fused_full_volume,predictor_crop_to_nonzero_bbox,nearest,gt_background_all,0.5,3319960,0.003740377025678754,0.05267294868826866,4.3126954278561496e-30,3.0221087729617814e-23,1.3301289656569606e-18,3.186393740211408e-15,2.6695319132324924e-12,1.4711463336425368e-07,0.999998927116394
HEM_PA66,liver,D2,False,3,1,3,2,"[24, 24, 24]","[71, 157, 319]",none_same_size,"[71, 157, 319]",patch_upsampled_then_sliding_window_fused_full_volume,predictor_crop_to_nonzero_bbox,nearest,d5_false_negative,0.5,8254,0.08635003119707108,0.21674960851669312,1.3276040533583e-07,1.1661700227705296e-05,0.00016025424702093005,0.001268582884222269,0.022780656814575195,0.704937756061554,0.999503493309021
HEM_PA66,liver,D3,False,2,2,2,3,"[48, 48, 48]","[71, 157, 319]",none_same_size,"[71, 157, 319]",patch_upsampled_then_sliding_window_fused_full_volume,predictor_crop_to_nonzero_bbox,nearest,gt_foreground,0.5,235933,0.9210796356201172,0.23498332500457764,3.953775262743875e-07,0.16476240754127502,0.9982529282569885,0.9999194145202637,0.9999905824661255,0.9999994039535522,1.0
HEM_PA66,liver,D3,False,2,2,2,3,"[48, 48, 48]","[71, 157, 319]",none_same_size,"[71, 157, 319]",patch_upsampled_then_sliding_window_fused_full_volume,predictor_crop_to_nonzero_bbox,nearest,gt_background_valid,0.5,3319960,0.004484896082431078,0.05864569917321205,7.305333187498754e-24,5.329689868691784e-14,3.1895742991228104e-11,2.083789807372227e-09,1.3106200924539735e-07,2.176836278522387e-05,0.999998927116394
HEM_PA66,liver,D3,False,2,2,2,3,"[48, 48, 48]","[71, 157, 319]",none_same_size,"[71, 157, 319]",patch_upsampled_then_sliding_window_fused_full_volume,predictor_crop_to_nonzero_bbox,nearest,gt_background_all,0.5,3319960,0.004484896082431078,0.05864569917321205,7.305333187498754e-24,5.329689868691784e-14,3.1895742991228104e-11,2.083789807372227e-09,1.3106200924539735e-07,2.176836278522387e-05,0.999998927116394
HEM_PA66,liver,D3,False,2,2,2,3,"[48, 48, 48]","[71, 157, 319]",none_same_size,"[71, 157, 319]",patch_upsampled_then_sliding_window_fused_full_volume,predictor_crop_to_nonzero_bbox,nearest,d5_false_negative,0.5,8254,0.18200571835041046,0.30614373087882996,3.953775262743875e-07,7.172903133323416e-05,0.0016982625238597393,0.013686330057680607,0.199117511510849,0.9296277761459351,0.9996060729026794
HEM_PA66,liver,D4,False,1,3,1,4,"[96, 96, 96]","[71, 157, 319]",none_same_size,"[71, 157, 319]",patch_upsampled_then_sliding_window_fused_full_volume,predictor_crop_to_nonzero_bbox,nearest,gt_foreground,0.5,235933,0.9399543404579163,0.20565901696681976,2.1152293356863083e-06,0.3876633048057556,0.9983522891998291,0.9998599290847778,0.9999675750732422,0.9999946355819702,0.9999998807907104
HEM_PA66,liver,D4,False,1,3,1,4,"[96, 96, 96]","[71, 157, 319]",none_same_size,"[71, 157, 319]",patch_upsampled_then_sliding_window_fused_full_volume,predictor_crop_to_nonzero_bbox,nearest,gt_background_valid,0.5,3319960,0.004285825882107019,0.0577167272567749,8.907692949624291e-17,4.436265937934891e-11,3.5379554841341587e-09,5.3041937064790545e-08,5.331523880158784e-07,1.5826984963496216e-05,0.9999923706054688
HEM_PA66,liver,D4,False,1,3,1,4,"[96, 96, 96]","[71, 157, 319]",none_same_size,"[71, 157, 319]",patch_upsampled_then_sliding_window_fused_full_volume,predictor_crop_to_nonzero_bbox,nearest,gt_background_all,0.5,3319960,0.004285825882107019,0.0577167272567749,8.907692949624291e-17,4.436265937934891e-11,3.5379554841341587e-09,5.3041937064790545e-08,5.331523880158784e-07,1.5826984963496216e-05,0.9999923706054688
HEM_PA66,liver,D4,False,1,3,1,4,"[96, 96, 96]","[71, 157, 319]",none_same_size,"[71, 157, 319]",patch_upsampled_then_sliding_window_fused_full_volume,predictor_crop_to_nonzero_bbox,nearest,d5_false_negative,0.5,8254,0.1811808943748474,0.30246469378471375,2.1152293356863083e-06,0.00014452361210715026,0.002976850839331746,0.022368984296917915,0.17923974990844727,0.931765615940094,0.9977765679359436
HEM_PA66,liver,D5,True,0,4,0,5,"[192, 192, 192]","[71, 157, 319]",none_same_size,"[71, 157, 319]",final_output_sliding_window_fused_full_volume,predictor_crop_to_nonzero_bbox,nearest,gt_foreground,0.5,235933,0.9604513049125671,0.16116268932819366,0.00010229984764009714,0.7895136475563049,0.9973883032798767,0.9992252588272095,0.9996826648712158,0.9998940825462341,0.9999958276748657
HEM_PA66,liver,D5,True,0,4,0,5,"[192, 192, 192]","[71, 157, 319]",none_same_size,"[71, 157, 319]",final_output_sliding_window_fused_full_volume,predictor_crop_to_nonzero_bbox,nearest,gt_background_valid,0.5,3319960,0.0031047773081809282,0.04815005511045456,5.227125550196605e-16,2.361821294094568e-10,1.924835046906992e-08,2.3346417776792805e-07,1.8246294075652258e-06,5.518923353520222e-05,0.9999072551727295
HEM_PA66,liver,D5,True,0,4,0,5,"[192, 192, 192]","[71, 157, 319]",none_same_size,"[71, 157, 319]",final_output_sliding_window_fused_full_volume,predictor_crop_to_nonzero_bbox,nearest,gt_background_all,0.5,3319960,0.0031047773081809282,0.04815005511045456,5.227125550196605e-16,2.361821294094568e-10,1.924835046906992e-08,2.3346417776792805e-07,1.8246294075652258e-06,5.518923353520222e-05,0.9999072551727295
HEM_PA66,liver,D5,True,0,4,0,5,"[192, 192, 192]","[71, 157, 319]",none_same_size,"[71, 157, 319]",final_output_sliding_window_fused_full_volume,predictor_crop_to_nonzero_bbox,nearest,d5_false_negative,0.5,8254,0.16300109028816223,0.15299876034259796,0.00010229984764009714,0.002675313502550125,0.02729625254869461,0.11117464303970337,0.2838205099105835,0.457684725522995,0.4999508261680603
HEM_PA81,liver,D1,False,4,0,4,1,"[12, 12, 12]","[23, 649, 1024]",none_same_size,"[23, 649, 1024]",patch_upsampled_then_sliding_window_fused_full_volume,predictor_crop_to_nonzero_bbox,nearest,gt_foreground,0.5,1542439,0.44648095965385437,0.12695419788360596,0.07948198914527893,0.2450181543827057,0.3628896474838257,0.44278252124786377,0.5210011601448059,0.6726570129394531,0.9264183640480042
HEM_PA81,liver,D1,False,4,0,4,1,"[12, 12, 12]","[23, 649, 1024]",none_same_size,"[23, 649, 1024]",patch_upsampled_then_sliding_window_fused_full_volume,predictor_crop_to_nonzero_bbox,nearest,gt_background_valid,0.5,13742809,0.4709564745426178,0.10525207966566086,0.09072805196046829,0.30322766304016113,0.3999229669570923,0.4661044180393219,0.5386685132980347,0.6499216556549072,0.9349383115768433
HEM_PA81,liver,D1,False,4,0,4,1,"[12, 12, 12]","[23, 649, 1024]",none_same_size,"[23, 649, 1024]",patch_upsampled_then_sliding_window_fused_full_volume,predictor_crop_to_nonzero_bbox,nearest,gt_background_all,0.5,13742809,0.4709564745426178,0.10525207966566086,0.09072805196046829,0.30322766304016113,0.3999229669570923,0.4661044180393219,0.5386685132980347,0.6499216556549072,0.9349383115768433
HEM_PA81,liver,D1,False,4,0,4,1,"[12, 12, 12]","[23, 649, 1024]",none_same_size,"[23, 649, 1024]",patch_upsampled_then_sliding_window_fused_full_volume,predictor_crop_to_nonzero_bbox,nearest,d5_false_negative,0.5,558546,0.445090651512146,0.11061283946037292,0.07948198914527893,0.265139102935791,0.37700989842414856,0.44546136260032654,0.5079236626625061,0.6305623054504395,0.9264183640480042
HEM_PA81,liver,D2,False,3,1,3,2,"[24, 24, 24]","[23, 649, 1024]",none_same_size,"[23, 649, 1024]",patch_upsampled_then_sliding_window_fused_full_volume,predictor_crop_to_nonzero_bbox,nearest,gt_foreground,0.5,1542439,0.47017255425453186,0.4613693356513977,5.721656686525761e-31,1.300761443001619e-10,0.00015672549488954246,0.31522801518440247,0.9977847337722778,0.9999995231628418,1.0
HEM_PA81,liver,D2,False,3,1,3,2,"[24, 24, 24]","[23, 649, 1024]",none_same_size,"[23, 649, 1024]",patch_upsampled_then_sliding_window_fused_full_volume,predictor_crop_to_nonzero_bbox,nearest,gt_background_valid,0.5,13742809,0.007515388540923595,0.07568835467100143,0.0,7.530966306565658e-31,2.1036339287970115e-25,1.3405151682127986e-20,3.990069315533071e-14,7.206243481050478e-06,1.0
HEM_PA81,liver,D2,False,3,1,3,2,"[24, 24, 24]","[23, 649, 1024]",none_same_size,"[23, 649, 1024]",patch_upsampled_then_sliding_window_fused_full_volume,predictor_crop_to_nonzero_bbox,nearest,gt_background_all,0.5,13742809,0.007515388540923595,0.07568835467100143,0.0,7.530966306565658e-31,2.1036339287970115e-25,1.3405151682127986e-20,3.990069315533071e-14,7.206243481050478e-06,1.0
HEM_PA81,liver,D2,False,3,1,3,2,"[24, 24, 24]","[23, 649, 1024]",none_same_size,"[23, 649, 1024]",patch_upsampled_then_sliding_window_fused_full_volume,predictor_crop_to_nonzero_bbox,nearest,d5_false_negative,0.5,558546,0.058271415531635284,0.18803367018699646,5.721656686525761e-31,1.1428029558012111e-17,3.3567395973932435e-08,1.5406338206958026e-05,0.002524674404412508,0.5047299861907959,0.9999991655349731
HEM_PA81,liver,D3,False,2,2,2,3,"[48, 48, 48]","[23, 649, 1024]",none_same_size,"[23, 649, 1024]",patch_upsampled_then_sliding_window_fused_full_volume,predictor_crop_to_nonzero_bbox,nearest,gt_foreground,0.5,1542439,0.5558214783668518,0.4495254158973694,2.8301852826591716e-19,2.1113635284564225e-06,0.00989443063735962,0.7782991528511047,0.9985285401344299,0.9999947547912598,1.0
HEM_PA81,liver,D3,False,2,2,2,3,"[48, 48, 48]","[23, 649, 1024]",none_same_size,"[23, 649, 1024]",patch_upsampled_then_sliding_window_fused_full_volume,predictor_crop_to_nonzero_bbox,nearest,gt_background_valid,0.5,13742809,0.010082325898110867,0.08634866029024124,2.609532472207897e-38,4.400542798619483e-22,4.078174954995675e-18,2.284200186311071e-14,5.566314520422111e-09,0.0003153025172650814,0.9999991655349731
HEM_PA81,liver,D3,False,2,2,2,3,"[48, 48, 48]","[23, 649, 1024]",none_same_size,"[23, 649, 1024]",patch_upsampled_then_sliding_window_fused_full_volume,predictor_crop_to_nonzero_bbox,nearest,gt_background_all,0.5,13742809,0.010082325898110867,0.08634866029024124,2.609532472207897e-38,4.400542798619483e-22,4.078174954995675e-18,2.284200186311071e-14,5.566314520422111e-09,0.0003153025172650814,0.9999991655349731
HEM_PA81,liver,D3,False,2,2,2,3,"[48, 48, 48]","[23, 649, 1024]",none_same_size,"[23, 649, 1024]",patch_upsampled_then_sliding_window_fused_full_volume,predictor_crop_to_nonzero_bbox,nearest,d5_false_negative,0.5,558546,0.07373929768800735,0.1912228912115097,2.8301852826591716e-19,2.4650996521824453e-11,3.8785263313911855e-05,0.0015488826902583241,0.028042778372764587,0.5477585196495056,0.9998626708984375
HEM_PA81,liver,D4,False,1,3,1,4,"[96, 96, 96]","[23, 649, 1024]",none_same_size,"[23, 649, 1024]",patch_upsampled_then_sliding_window_fused_full_volume,predictor_crop_to_nonzero_bbox,nearest,gt_foreground,0.5,1542439,0.5981007218360901,0.4319077134132385,1.0898998587192187e-16,4.9385958845959976e-05,0.04189472272992134,0.8625532388687134,0.9936490654945374,0.9999228715896606,1.0
HEM_PA81,liver,D4,False,1,3,1,4,"[96, 96, 96]","[23, 649, 1024]",none_same_size,"[23, 649, 1024]",patch_upsampled_then_sliding_window_fused_full_volume,predictor_crop_to_nonzero_bbox,nearest,gt_background_valid,0.5,13742809,0.012612897902727127,0.09655565023422241,3.568719683186371e-27,1.7518707232798782e-18,2.940619930785521e-16,1.788146724874401e-13,6.930088716217142e-07,0.0017439245712012053,0.9999986886978149
HEM_PA81,liver,D4,False,1,3,1,4,"[96, 96, 96]","[23, 649, 1024]",none_same_size,"[23, 649, 1024]",patch_upsampled_then_sliding_window_fused_full_volume,predictor_crop_to_nonzero_bbox,nearest,gt_background_all,0.5,13742809,0.012612897902727127,0.09655565023422241,3.568719683186371e-27,1.7518707232798782e-18,2.940619930785521e-16,1.788146724874401e-13,6.930088716217142e-07,0.0017439245712012053,0.9999986886978149
HEM_PA81,liver,D4,False,1,3,1,4,"[96, 96, 96]","[23, 649, 1024]",none_same_size,"[23, 649, 1024]",patch_upsampled_then_sliding_window_fused_full_volume,predictor_crop_to_nonzero_bbox,nearest,d5_false_negative,0.5,558546,0.08896109461784363,0.175770103931427,1.0898998587192187e-16,1.922472875337533e-10,0.000484030315419659,0.007926039397716522,0.0785333588719368,0.5088320374488831,0.9956938028335571
HEM_PA81,liver,D5,True,0,4,0,5,"[192, 192, 192]","[23, 649, 1024]",none_same_size,"[23, 649, 1024]",final_output_sliding_window_fused_full_volume,predictor_crop_to_nonzero_bbox,nearest,gt_foreground,0.5,1542439,0.6280050277709961,0.4253638684749603,1.1562103127597769e-18,0.00022285063460003585,0.07179216295480728,0.9170823097229004,0.9918910264968872,0.9995204210281372,0.9999986886978149
HEM_PA81,liver,D5,True,0,4,0,5,"[192, 192, 192]","[23, 649, 1024]",none_same_size,"[23, 649, 1024]",final_output_sliding_window_fused_full_volume,predictor_crop_to_nonzero_bbox,nearest,gt_background_valid,0.5,13742809,0.012407082132995129,0.09735538065433502,3.3245392943409353e-32,4.7925934792648615e-19,7.047856089893124e-17,8.683769577976647e-14,1.1685093568303273e-06,0.0017469630111008883,0.9999139308929443
HEM_PA81,liver,D5,True,0,4,0,5,"[192, 192, 192]","[23, 649, 1024]",none_same_size,"[23, 649, 1024]",final_output_sliding_window_fused_full_volume,predictor_crop_to_nonzero_bbox,nearest,gt_background_all,0.5,13742809,0.012407082132995129,0.09735538065433502,3.3245392943409353e-32,4.7925934792648615e-19,7.047856089893124e-17,8.683769577976647e-14,1.1685093568303273e-06,0.0017469630111008883,0.9999139308929443
HEM_PA81,liver,D5,True,0,4,0,5,"[192, 192, 192]","[23, 649, 1024]",none_same_size,"[23, 649, 1024]",final_output_sliding_window_fused_full_volume,predictor_crop_to_nonzero_bbox,nearest,d5_false_negative,0.5,558546,0.08473801612854004,0.12887035310268402,1.1562103127597769e-18,9.138972217881403e-11,0.0017690538661554456,0.0176219642162323,0.1117807924747467,0.40230444073677063,0.4999988079071045
HEM_PA89,liver,D1,False,4,0,4,1,"[12, 12, 12]","[23, 483, 697]",none_same_size,"[23, 483, 697]",patch_upsampled_then_sliding_window_fused_full_volume,predictor_crop_to_nonzero_bbox,nearest,gt_foreground,0.5,658227,0.46220600605010986,0.10046793520450592,0.1665075272321701,0.3087272644042969,0.3923204243183136,0.4540095925331116,0.5270957946777344,0.644848644733429,0.8316571712493896
HEM_PA89,liver,D1,False,4,0,4,1,"[12, 12, 12]","[23, 483, 697]",none_same_size,"[23, 483, 697]",patch_upsampled_then_sliding_window_fused_full_volume,predictor_crop_to_nonzero_bbox,nearest,gt_background_valid,0.5,7084746,0.49840959906578064,0.0992327556014061,0.1685531884431839,0.3466885983943939,0.42736759781837463,0.4923328161239624,0.5617449879646301,0.6702408790588379,0.9133355617523193
HEM_PA89,liver,D1,False,4,0,4,1,"[12, 12, 12]","[23, 483, 697]",none_same_size,"[23, 483, 697]",patch_upsampled_then_sliding_window_fused_full_volume,predictor_crop_to_nonzero_bbox,nearest,gt_background_all,0.5,7084746,0.49840959906578064,0.0992327556014061,0.1685531884431839,0.3466885983943939,0.42736759781837463,0.4923328161239624,0.5617449879646301,0.6702408790588379,0.9133355617523193
HEM_PA89,liver,D1,False,4,0,4,1,"[12, 12, 12]","[23, 483, 697]",none_same_size,"[23, 483, 697]",patch_upsampled_then_sliding_window_fused_full_volume,predictor_crop_to_nonzero_bbox,nearest,d5_false_negative,0.5,177412,0.4856538772583008,0.11785776168107986,0.1665075272321701,0.31105852127075195,0.3957233130931854,0.4705563187599182,0.5753421783447266,0.6889291405677795,0.807971715927124
HEM_PA89,liver,D2,False,3,1,3,2,"[24, 24, 24]","[23, 483, 697]",none_same_size,"[23, 483, 697]",patch_upsampled_then_sliding_window_fused_full_volume,predictor_crop_to_nonzero_bbox,nearest,gt_foreground,0.5,658227,0.47022920846939087,0.46534571051597595,1.7530021391281642e-28,6.712117014000623e-20,1.6510311979800463e-05,0.2946426570415497,0.997731626033783,0.9999969005584717,1.0
HEM_PA89,liver,D2,False,3,1,3,2,"[24, 24, 24]","[23, 483, 697]",none_same_size,"[23, 483, 697]",patch_upsampled_then_sliding_window_fused_full_volume,predictor_crop_to_nonzero_bbox,nearest,gt_background_valid,0.5,7084746,0.01171778328716755,0.09854672104120255,0.0,3.6686621504841303e-31,9.581877686022579e-24,4.223171858160402e-18,5.512924101599981e-14,4.142663783568423e-06,1.0
HEM_PA89,liver,D2,False,3,1,3,2,"[24, 24, 24]","[23, 483, 697]",none_same_size,"[23, 483, 697]",patch_upsampled_then_sliding_window_fused_full_volume,predictor_crop_to_nonzero_bbox,nearest,gt_background_all,0.5,7084746,0.01171778328716755,0.09854672104120255,0.0,3.6686621504841303e-31,9.581877686022579e-24,4.223171858160402e-18,5.512924101599981e-14,4.142663783568423e-06,1.0
HEM_PA89,liver,D2,False,3,1,3,2,"[24, 24, 24]","[23, 483, 697]",none_same_size,"[23, 483, 697]",patch_upsampled_then_sliding_window_fused_full_volume,predictor_crop_to_nonzero_bbox,nearest,d5_false_negative,0.5,177412,0.018760986626148224,0.11476799100637436,1.7530021391281642e-28,1.1926632620438149e-23,1.1377288644876883e-17,6.848192235509032e-09,3.646581262728432e-06,0.014200132340192795,0.9999814033508301
HEM_PA89,liver,D3,False,2,2,2,3,"[48, 48, 48]","[23, 483, 697]",none_same_size,"[23, 483, 697]",patch_upsampled_then_sliding_window_fused_full_volume,predictor_crop_to_nonzero_bbox,nearest,gt_foreground,0.5,658227,0.5980545878410339,0.45607054233551025,2.9046699241392454e-20,2.3690393451212405e-14,0.0043021198362112045,0.9431914687156677,0.999442994594574,0.9999914169311523,1.0
HEM_PA89,liver,D3,False,2,2,2,3,"[48, 48, 48]","[23, 483, 697]",none_same_size,"[23, 483, 697]",patch_upsampled_then_sliding_window_fused_full_volume,predictor_crop_to_nonzero_bbox,nearest,gt_background_valid,0.5,7084746,0.020798897370696068,0.13149000704288483,5.807195515086777e-38,1.9234743702728548e-22,1.717489955390208e-15,4.678570725280551e-11,1.4050921315345022e-08,0.0006911379168741405,1.0
HEM_PA89,liver,D3,False,2,2,2,3,"[48, 48, 48]","[23, 483, 697]",none_same_size,"[23, 483, 697]",patch_upsampled_then_sliding_window_fused_full_volume,predictor_crop_to_nonzero_bbox,nearest,gt_background_all,0.5,7084746,0.020798897370696068,0.13149000704288483,5.807195515086777e-38,1.9234743702728548e-22,1.717489955390208e-15,4.678570725280551e-11,1.4050921315345022e-08,0.0006911379168741405,1.0
HEM_PA89,liver,D3,False,2,2,2,3,"[48, 48, 48]","[23, 483, 697]",none_same_size,"[23, 483, 697]",patch_upsampled_then_sliding_window_fused_full_volume,predictor_crop_to_nonzero_bbox,nearest,d5_false_negative,0.5,177412,0.03688928484916687,0.1558365672826767,2.9046699241392454e-20,3.708216937106231e-17,1.1189178923676213e-12,2.6740921384771354e-05,0.0010919729247689247,0.17874838411808014,0.9999821186065674
HEM_PA89,liver,D4,False,1,3,1,4,"[96, 96, 96]","[23, 483, 697]",none_same_size,"[23, 483, 697]",patch_upsampled_then_sliding_window_fused_full_volume,predictor_crop_to_nonzero_bbox,nearest,gt_foreground,0.5,658227,0.657509446144104,0.43001723289489746,1.9409764122235355e-18,6.568642250135218e-14,0.058506570756435394,0.9596151113510132,0.9973626136779785,0.9998469352722168,0.9999997615814209
HEM_PA89,liver,D4,False,1,3,1,4,"[96, 96, 96]","[23, 483, 697]",none_same_size,"[23, 483, 697]",patch_upsampled_then_sliding_window_fused_full_volume,predictor_crop_to_nonzero_bbox,nearest,gt_background_valid,0.5,7084746,0.021971063688397408,0.13312000036239624,3.5506170009706005e-28,2.233931111555622e-18,6.042660404166622e-13,1.3752647021192388e-08,5.825542075399426e-07,0.0033833016641438007,1.0
HEM_PA89,liver,D4,False,1,3,1,4,"[96, 96, 96]","[23, 483, 697]",none_same_size,"[23, 483, 697]",patch_upsampled_then_sliding_window_fused_full_volume,predictor_crop_to_nonzero_bbox,nearest,gt_background_all,0.5,7084746,0.021971063688397408,0.13312000036239624,3.5506170009706005e-28,2.233931111555622e-18,6.042660404166622e-13,1.3752647021192388e-08,5.825542075399426e-07,0.0033833016641438007,1.0
HEM_PA89,liver,D4,False,1,3,1,4,"[96, 96, 96]","[23, 483, 697]",none_same_size,"[23, 483, 697]",patch_upsampled_then_sliding_window_fused_full_volume,predictor_crop_to_nonzero_bbox,nearest,d5_false_negative,0.5,177412,0.04775930196046829,0.14009644091129303,1.9409764122235355e-18,1.8740619839869156e-16,4.2351816498253925e-12,0.00058893917594105,0.013931876979768276,0.3334803283214569,0.9937819838523865
HEM_PA89,liver,D5,True,0,4,0,5,"[192, 192, 192]","[23, 483, 697]",none_same_size,"[23, 483, 697]",final_output_sliding_window_fused_full_volume,predictor_crop_to_nonzero_bbox,nearest,gt_foreground,0.5,658227,0.7160433530807495,0.40674275159835815,5.35344022302217e-20,3.4834118147484064e-14,0.3313276469707489,0.9778648614883423,0.9953662157058716,0.9992769956588745,0.9999872446060181
HEM_PA89,liver,D5,True,0,4,0,5,"[192, 192, 192]","[23, 483, 697]",none_same_size,"[23, 483, 697]",final_output_sliding_window_fused_full_volume,predictor_crop_to_nonzero_bbox,nearest,gt_background_valid,0.5,7084746,0.019649332389235497,0.1273425668478012,2.2751018426408003e-31,3.216325341814172e-19,2.3743546191667964e-12,4.669560382808413e-08,1.3877499895897927e-06,0.0025482710916548967,0.9999967813491821
HEM_PA89,liver,D5,True,0,4,0,5,"[192, 192, 192]","[23, 483, 697]",none_same_size,"[23, 483, 697]",final_output_sliding_window_fused_full_volume,predictor_crop_to_nonzero_bbox,nearest,gt_background_all,0.5,7084746,0.019649332389235497,0.1273425668478012,2.2751018426408003e-31,3.216325341814172e-19,2.3743546191667964e-12,4.669560382808413e-08,1.3877499895897927e-06,0.0025482710916548967,0.9999967813491821
HEM_PA89,liver,D5,True,0,4,0,5,"[192, 192, 192]","[23, 483, 697]",none_same_size,"[23, 483, 697]",final_output_sliding_window_fused_full_volume,predictor_crop_to_nonzero_bbox,nearest,d5_false_negative,0.5,177412,0.06628097593784332,0.1220778226852417,5.35344022302217e-20,8.496362500781272e-17,2.529294915870617e-12,0.002478204667568207,0.06518878042697906,0.38402506709098816,0.499988317489624
HEM_PA97,liver,D1,False,4,0,4,1,"[12, 12, 12]","[23, 506, 1002]",none_same_size,"[23, 506, 1002]",patch_upsampled_then_sliding_window_fused_full_volume,predictor_crop_to_nonzero_bbox,nearest,gt_foreground,0.5,802157,0.4831388294696808,0.1109681949019432,0.14836591482162476,0.3023895025253296,0.4073275625705719,0.4772473871707916,0.5594764351844788,0.6714385747909546,0.8541139960289001
HEM_PA97,liver,D1,False,4,0,4,1,"[12, 12, 12]","[23, 506, 1002]",none_same_size,"[23, 506, 1002]",patch_upsampled_then_sliding_window_fused_full_volume,predictor_crop_to_nonzero_bbox,nearest,gt_background_valid,0.5,10859119,0.4865095913410187,0.10103324800729752,0.15154147148132324,0.3365521728992462,0.4151748716831207,0.47642144560813904,0.5501691102981567,0.669391930103302,0.9222457408905029
HEM_PA97,liver,D1,False,4,0,4,1,"[12, 12, 12]","[23, 506, 1002]",none_same_size,"[23, 506, 1002]",patch_upsampled_then_sliding_window_fused_full_volume,predictor_crop_to_nonzero_bbox,nearest,gt_background_all,0.5,10859119,0.4865095913410187,0.10103324800729752,0.15154147148132324,0.3365521728992462,0.4151748716831207,0.47642144560813904,0.5501691102981567,0.669391930103302,0.9222457408905029
HEM_PA97,liver,D1,False,4,0,4,1,"[12, 12, 12]","[23, 506, 1002]",none_same_size,"[23, 506, 1002]",patch_upsampled_then_sliding_window_fused_full_volume,predictor_crop_to_nonzero_bbox,nearest,d5_false_negative,0.5,147629,0.48365360498428345,0.12192869186401367,0.15323913097381592,0.2729437053203583,0.39987483620643616,0.48036807775497437,0.5750550031661987,0.6793220639228821,0.8541139960289001
HEM_PA97,liver,D2,False,3,1,3,2,"[24, 24, 24]","[23, 506, 1002]",none_same_size,"[23, 506, 1002]",patch_upsampled_then_sliding_window_fused_full_volume,predictor_crop_to_nonzero_bbox,nearest,gt_foreground,0.5,802157,0.6220034956932068,0.4502550959587097,7.387091116901849e-28,4.4494562700947426e-08,0.014893325045704842,0.9701045155525208,0.9998964071273804,0.9999997615814209,1.0
HEM_PA97,liver,D2,False,3,1,3,2,"[24, 24, 24]","[23, 506, 1002]",none_same_size,"[23, 506, 1002]",patch_upsampled_then_sliding_window_fused_full_volume,predictor_crop_to_nonzero_bbox,nearest,gt_background_valid,0.5,10859119,0.006424658000469208,0.07123726606369019,0.0,8.095769713039712e-31,8.89105158232939e-26,3.820285595358925e-21,1.8968163594446e-15,5.507238256541314e-07,1.0
HEM_PA97,liver,D2,False,3,1,3,2,"[24, 24, 24]","[23, 506, 1002]",none_same_size,"[23, 506, 1002]",patch_upsampled_then_sliding_window_fused_full_volume,predictor_crop_to_nonzero_bbox,nearest,gt_background_all,0.5,10859119,0.006424658000469208,0.07123726606369019,0.0,8.095769713039712e-31,8.89105158232939e-26,3.820285595358925e-21,1.8968163594446e-15,5.507238256541314e-07,1.0
HEM_PA97,liver,D2,False,3,1,3,2,"[24, 24, 24]","[23, 506, 1002]",none_same_size,"[23, 506, 1002]",patch_upsampled_then_sliding_window_fused_full_volume,predictor_crop_to_nonzero_bbox,nearest,d5_false_negative,0.5,147629,0.07204633951187134,0.21352215111255646,7.387091116901849e-28,6.962993138969713e-20,2.614100580444756e-08,1.7832022422226146e-05,0.004594143014401197,0.6820542812347412,0.9999812841415405
HEM_PA97,liver,D3,False,2,2,2,3,"[48, 48, 48]","[23, 506, 1002]",none_same_size,"[23, 506, 1002]",patch_upsampled_then_sliding_window_fused_full_volume,predictor_crop_to_nonzero_bbox,nearest,gt_foreground,0.5,802157,0.7330877184867859,0.4006103575229645,1.4934102501581744e-22,4.635623190551996e-05,0.4127417504787445,0.9940860271453857,0.9998724460601807,0.9999964237213135,1.0
HEM_PA97,liver,D3,False,2,2,2,3,"[48, 48, 48]","[23, 506, 1002]",none_same_size,"[23, 506, 1002]",patch_upsampled_then_sliding_window_fused_full_volume,predictor_crop_to_nonzero_bbox,nearest,gt_background_valid,0.5,10859119,0.012329095043241978,0.09808844327926636,0.0,4.283822181776513e-22,6.634801217627115e-18,1.499178521125258e-14,1.6155331516998217e-09,0.00022379988513421267,1.0
HEM_PA97,liver,D3,False,2,2,2,3,"[48, 48, 48]","[23, 506, 1002]",none_same_size,"[23, 506, 1002]",patch_upsampled_then_sliding_window_fused_full_volume,predictor_crop_to_nonzero_bbox,nearest,gt_background_all,0.5,10859119,0.012329095043241978,0.09808844327926636,0.0,4.283822181776513e-22,6.634801217627115e-18,1.499178521125258e-14,1.6155331516998217e-09,0.00022379988513421267,1.0
HEM_PA97,liver,D3,False,2,2,2,3,"[48, 48, 48]","[23, 506, 1002]",none_same_size,"[23, 506, 1002]",patch_upsampled_then_sliding_window_fused_full_volume,predictor_crop_to_nonzero_bbox,nearest,d5_false_negative,0.5,147629,0.10706745833158493,0.23805880546569824,1.4934102501581744e-22,1.4711780513439188e-13,3.0327852073241957e-05,0.0020449794828891754,0.050669293850660324,0.7877259254455566,0.9999831914901733
HEM_PA97,liver,D4,False,1,3,1,4,"[96, 96, 96]","[23, 506, 1002]",none_same_size,"[23, 506, 1002]",patch_upsampled_then_sliding_window_fused_full_volume,predictor_crop_to_nonzero_bbox,nearest,gt_foreground,0.5,802157,0.7660959959030151,0.37190279364585876,3.242958282791695e-17,0.00046816232497803867,0.6772750616073608,0.9876701831817627,0.9985566735267639,0.9998767375946045,1.0
HEM_PA97,liver,D4,False,1,3,1,4,"[96, 96, 96]","[23, 506, 1002]",none_same_size,"[23, 506, 1002]",patch_upsampled_then_sliding_window_fused_full_volume,predictor_crop_to_nonzero_bbox,nearest,gt_background_valid,0.5,10859119,0.012795556336641312,0.09827186912298203,1.942011844608858e-27,2.3824373284691048e-18,3.5280573967388755e-16,5.51150791672228e-12,2.8769295568054076e-07,0.0011161763686686754,0.9999996423721313
HEM_PA97,liver,D4,False,1,3,1,4,"[96, 96, 96]","[23, 506, 1002]",none_same_size,"[23, 506, 1002]",patch_upsampled_then_sliding_window_fused_full_volume,predictor_crop_to_nonzero_bbox,nearest,gt_background_all,0.5,10859119,0.012795556336641312,0.09827186912298203,1.942011844608858e-27,2.3824373284691048e-18,3.5280573967388755e-16,5.51150791672228e-12,2.8769295568054076e-07,0.0011161763686686754,0.9999996423721313
HEM_PA97,liver,D4,False,1,3,1,4,"[96, 96, 96]","[23, 506, 1002]",none_same_size,"[23, 506, 1002]",patch_upsampled_then_sliding_window_fused_full_volume,predictor_crop_to_nonzero_bbox,nearest,d5_false_negative,0.5,147629,0.1143822968006134,0.21123063564300537,3.242958282791695e-17,1.4456169551355091e-12,0.00033350219018757343,0.008349590003490448,0.10728433728218079,0.6387143731117249,0.9970434308052063
HEM_PA97,liver,D5,True,0,4,0,5,"[192, 192, 192]","[23, 506, 1002]",none_same_size,"[23, 506, 1002]",final_output_sliding_window_fused_full_volume,predictor_crop_to_nonzero_bbox,nearest,gt_foreground,0.5,802157,0.800881028175354,0.3471790850162506,8.261297312835673e-19,0.0009552424889989197,0.842911422252655,0.9871163964271545,0.9963144659996033,0.9992660880088806,0.9999879598617554
HEM_PA97,liver,D5,True,0,4,0,5,"[192, 192, 192]","[23, 506, 1002]",none_same_size,"[23, 506, 1002]",final_output_sliding_window_fused_full_volume,predictor_crop_to_nonzero_bbox,nearest,gt_background_valid,0.5,10859119,0.012684838846325874,0.0992642417550087,2.944450773239134e-29,4.231805607502712e-19,5.141551201198932e-17,2.379049908463049e-11,7.899033676039835e-07,0.001264288555830717,0.9999791383743286
HEM_PA97,liver,D5,True,0,4,0,5,"[192, 192, 192]","[23, 506, 1002]",none_same_size,"[23, 506, 1002]",final_output_sliding_window_fused_full_volume,predictor_crop_to_nonzero_bbox,nearest,gt_background_all,0.5,10859119,0.012684838846325874,0.0992642417550087,2.944450773239134e-29,4.231805607502712e-19,5.141551201198932e-17,2.379049908463049e-11,7.899033676039835e-07,0.001264288555830717,0.9999791383743286
HEM_PA97,liver,D5,True,0,4,0,5,"[192, 192, 192]","[23, 506, 1002]",none_same_size,"[23, 506, 1002]",final_output_sliding_window_fused_full_volume,predictor_crop_to_nonzero_bbox,nearest,d5_false_negative,0.5,147629,0.0998455062508583,0.14132951200008392,8.261297312835673e-19,7.918679275666085e-13,0.000639670412056148,0.021311717107892036,0.156232550740242,0.4271559715270996,0.499988317489624
HEM_PA99,liver,D1,False,4,0,4,1,"[12, 12, 12]","[23, 779, 1022]",none_same_size,"[23, 779, 1022]",patch_upsampled_then_sliding_window_fused_full_volume,predictor_crop_to_nonzero_bbox,nearest,gt_foreground,0.5,1371020,0.43232327699661255,0.10861483961343765,0.10423938930034637,0.2543247938156128,0.3565107583999634,0.4309409260749817,0.5061836838722229,0.6166121959686279,0.8153753280639648
HEM_PA99,liver,D1,False,4,0,4,1,"[12, 12, 12]","[23, 779, 1022]",none_same_size,"[23, 779, 1022]",patch_upsampled_then_sliding_window_fused_full_volume,predictor_crop_to_nonzero_bbox,nearest,gt_background_valid,0.5,16940154,0.45258674025535583,0.1082940325140953,0.08587943017482758,0.2763949930667877,0.3770155608654022,0.45378440618515015,0.5244026780128479,0.6305178999900818,0.8878275156021118
HEM_PA99,liver,D1,False,4,0,4,1,"[12, 12, 12]","[23, 779, 1022]",none_same_size,"[23, 779, 1022]",patch_upsampled_then_sliding_window_fused_full_volume,predictor_crop_to_nonzero_bbox,nearest,gt_background_all,0.5,16940154,0.45258674025535583,0.1082940325140953,0.08587943017482758,0.2763949930667877,0.3770155608654022,0.45378440618515015,0.5244026780128479,0.6305178999900818,0.8878275156021118
HEM_PA99,liver,D1,False,4,0,4,1,"[12, 12, 12]","[23, 779, 1022]",none_same_size,"[23, 779, 1022]",patch_upsampled_then_sliding_window_fused_full_volume,predictor_crop_to_nonzero_bbox,nearest,d5_false_negative,0.5,171620,0.42417505383491516,0.10354326665401459,0.10423938930034637,0.23805999755859375,0.3634836673736572,0.43214356899261475,0.4873971939086914,0.5907840728759766,0.8153753280639648
HEM_PA99,liver,D2,False,3,1,3,2,"[24, 24, 24]","[23, 779, 1022]",none_same_size,"[23, 779, 1022]",patch_upsampled_then_sliding_window_fused_full_volume,predictor_crop_to_nonzero_bbox,nearest,gt_foreground,0.5,1371020,0.7372452020645142,0.401620090007782,4.322789765269367e-16,2.4911189029808156e-05,0.431934118270874,0.996941864490509,0.9999812841415405,1.0,1.0
HEM_PA99,liver,D2,False,3,1,3,2,"[24, 24, 24]","[23, 779, 1022]",none_same_size,"[23, 779, 1022]",patch_upsampled_then_sliding_window_fused_full_volume,predictor_crop_to_nonzero_bbox,nearest,gt_background_valid,0.5,16940154,0.018318960443139076,0.12039472162723541,0.0,5.915093215710635e-31,6.181559412813899e-24,1.4550093739917956e-17,2.1767421198859438e-10,0.0017412675078958273,1.0
HEM_PA99,liver,D2,False,3,1,3,2,"[24, 24, 24]","[23, 779, 1022]",none_same_size,"[23, 779, 1022]",patch_upsampled_then_sliding_window_fused_full_volume,predictor_crop_to_nonzero_bbox,nearest,gt_background_all,0.5,16940154,0.018318960443139076,0.12039472162723541,0.0,5.915093215710635e-31,6.181559412813899e-24,1.4550093739917956e-17,2.1767421198859438e-10,0.0017412675078958273,1.0
HEM_PA99,liver,D2,False,3,1,3,2,"[24, 24, 24]","[23, 779, 1022]",none_same_size,"[23, 779, 1022]",patch_upsampled_then_sliding_window_fused_full_volume,predictor_crop_to_nonzero_bbox,nearest,d5_false_negative,0.5,171620,0.13032805919647217,0.28494277596473694,4.322789765269367e-16,1.331516341629424e-09,4.215233730064938e-06,0.000573592958971858,0.03327205404639244,0.9330106377601624,0.9999986886978149
HEM_PA99,liver,D3,False,2,2,2,3,"[48, 48, 48]","[23, 779, 1022]",none_same_size,"[23, 779, 1022]",patch_upsampled_then_sliding_window_fused_full_volume,predictor_crop_to_nonzero_bbox,nearest,gt_foreground,0.5,1371020,0.7979109287261963,0.35558438301086426,1.1676743048221003e-15,0.0023826509714126587,0.8150715827941895,0.9977914094924927,0.9999032020568848,0.9999990463256836,1.0
HEM_PA99,liver,D3,False,2,2,2,3,"[48, 48, 48]","[23, 779, 1022]",none_same_size,"[23, 779, 1022]",patch_upsampled_then_sliding_window_fused_full_volume,predictor_crop_to_nonzero_bbox,nearest,gt_background_valid,0.5,16940154,0.02197033166885376,0.13228990137577057,0.0,5.521429326614011e-23,1.2142830239724297e-17,3.4688169003871394e-11,4.6550655952160014e-07,0.008126402273774147,1.0
HEM_PA99,liver,D3,False,2,2,2,3,"[48, 48, 48]","[23, 779, 1022]",none_same_size,"[23, 779, 1022]",patch_upsampled_then_sliding_window_fused_full_volume,predictor_crop_to_nonzero_bbox,nearest,gt_background_all,0.5,16940154,0.02197033166885376,0.13228990137577057,0.0,5.521429326614011e-23,1.2142830239724297e-17,3.4688169003871394e-11,4.6550655952160014e-07,0.008126402273774147,1.0
HEM_PA99,liver,D3,False,2,2,2,3,"[48, 48, 48]","[23, 779, 1022]",none_same_size,"[23, 779, 1022]",patch_upsampled_then_sliding_window_fused_full_volume,predictor_crop_to_nonzero_bbox,nearest,d5_false_negative,0.5,171620,0.11959876120090485,0.2423141598701477,1.1676743048221003e-15,9.273165346712631e-07,0.0005193755496293306,0.008037054911255836,0.08130457252264023,0.7954568862915039,0.999975323677063
HEM_PA99,liver,D4,False,1,3,1,4,"[96, 96, 96]","[23, 779, 1022]",none_same_size,"[23, 779, 1022]",patch_upsampled_then_sliding_window_fused_full_volume,predictor_crop_to_nonzero_bbox,nearest,gt_foreground,0.5,1371020,0.828079342842102,0.3349968492984772,2.3020902675460753e-13,0.00592456292361021,0.9232068061828613,0.9977272152900696,0.9997746348381042,0.9999901056289673,1.0
HEM_PA99,liver,D4,False,1,3,1,4,"[96, 96, 96]","[23, 779, 1022]",none_same_size,"[23, 779, 1022]",patch_upsampled_then_sliding_window_fused_full_volume,predictor_crop_to_nonzero_bbox,nearest,gt_background_valid,0.5,16940154,0.024972492828965187,0.13919579982757568,6.2654023386270624e-34,5.816230521274999e-19,5.30151251302007e-16,3.0077554669105666e-08,2.069594665954355e-05,0.021469971165060997,0.9999998807907104
HEM_PA99,liver,D4,False,1,3,1,4,"[96, 96, 96]","[23, 779, 1022]",none_same_size,"[23, 779, 1022]",patch_upsampled_then_sliding_window_fused_full_volume,predictor_crop_to_nonzero_bbox,nearest,gt_background_all,0.5,16940154,0.024972492828965187,0.13919579982757568,6.2654023386270624e-34,5.816230521274999e-19,5.30151251302007e-16,3.0077554669105666e-08,2.069594665954355e-05,0.021469971165060997,0.9999998807907104
HEM_PA99,liver,D4,False,1,3,1,4,"[96, 96, 96]","[23, 779, 1022]",none_same_size,"[23, 779, 1022]",patch_upsampled_then_sliding_window_fused_full_volume,predictor_crop_to_nonzero_bbox,nearest,d5_false_negative,0.5,171620,0.12169323116540909,0.22961144149303436,2.3020902675460753e-13,2.1552217731368728e-05,0.0015804420690983534,0.014477305114269257,0.10272529721260071,0.7531668543815613,0.9983600974082947
HEM_PA99,liver,D5,True,0,4,0,5,"[192, 192, 192]","[23, 779, 1022]",none_same_size,"[23, 779, 1022]",final_output_sliding_window_fused_full_volume,predictor_crop_to_nonzero_bbox,nearest,gt_foreground,0.5,1371020,0.8678337931632996,0.2962329089641571,2.25458503456304e-14,0.022937923669815063,0.9745879173278809,0.9972405433654785,0.9992865920066833,0.9998575448989868,0.9999949932098389
HEM_PA99,liver,D5,True,0,4,0,5,"[192, 192, 192]","[23, 779, 1022]",none_same_size,"[23, 779, 1022]",final_output_sliding_window_fused_full_volume,predictor_crop_to_nonzero_bbox,nearest,gt_background_valid,0.5,16940154,0.024708788841962814,0.13954424858093262,4.544696784692104e-39,1.9836743639195747e-19,1.280962102781166e-16,5.932800206664979e-08,2.883255365304649e-05,0.017313707619905472,0.9999933242797852
HEM_PA99,liver,D5,True,0,4,0,5,"[192, 192, 192]","[23, 779, 1022]",none_same_size,"[23, 779, 1022]",final_output_sliding_window_fused_full_volume,predictor_crop_to_nonzero_bbox,nearest,gt_background_all,0.5,16940154,0.024708788841962814,0.13954424858093262,4.544696784692104e-39,1.9836743639195747e-19,1.280962102781166e-16,5.932800206664979e-08,2.883255365304649e-05,0.017313707619905472,0.9999933242797852
HEM_PA99,liver,D5,True,0,4,0,5,"[192, 192, 192]","[23, 779, 1022]",none_same_size,"[23, 779, 1022]",final_output_sliding_window_fused_full_volume,predictor_crop_to_nonzero_bbox,nearest,d5_false_negative,0.5,171620,0.11722446233034134,0.14259125292301178,2.25458503456304e-14,4.4583041017176583e-05,0.005807534791529179,0.04792937636375427,0.19315379858016968,0.43246719241142273,0.49999213218688965
HEP_PA28,liver,D1,False,4,0,4,1,"[12, 12, 12]","[23, 479, 715]",none_same_size,"[23, 479, 715]",patch_upsampled_then_sliding_window_fused_full_volume,predictor_crop_to_nonzero_bbox,nearest,gt_foreground,0.5,908370,0.4431937038898468,0.11180315911769867,0.14401677250862122,0.26804912090301514,0.3625021278858185,0.43423089385032654,0.5237987041473389,0.6320733428001404,0.8347054719924927
HEP_PA28,liver,D1,False,4,0,4,1,"[12, 12, 12]","[23, 479, 715]",none_same_size,"[23, 479, 715]",patch_upsampled_then_sliding_window_fused_full_volume,predictor_crop_to_nonzero_bbox,nearest,gt_background_valid,0.5,6968785,0.5007194876670837,0.09907873719930649,0.12369944900274277,0.34841081500053406,0.43029358983039856,0.4972291588783264,0.5679959058761597,0.66908860206604,0.885109007358551
HEP_PA28,liver,D1,False,4,0,4,1,"[12, 12, 12]","[23, 479, 715]",none_same_size,"[23, 479, 715]",patch_upsampled_then_sliding_window_fused_full_volume,predictor_crop_to_nonzero_bbox,nearest,gt_background_all,0.5,6968785,0.5007194876670837,0.09907873719930649,0.12369944900274277,0.34841081500053406,0.43029358983039856,0.4972291588783264,0.5679959058761597,0.66908860206604,0.885109007358551
HEP_PA28,liver,D1,False,4,0,4,1,"[12, 12, 12]","[23, 479, 715]",none_same_size,"[23, 479, 715]",patch_upsampled_then_sliding_window_fused_full_volume,predictor_crop_to_nonzero_bbox,nearest,d5_false_negative,0.5,506945,0.44097092747688293,0.10153938084840775,0.14538255333900452,0.26937392354011536,0.36761534214019775,0.43887796998023987,0.5218157172203064,0.5991978645324707,0.8192623853683472
HEP_PA28,liver,D2,False,3,1,3,2,"[24, 24, 24]","[23, 479, 715]",none_same_size,"[23, 479, 715]",patch_upsampled_then_sliding_window_fused_full_volume,predictor_crop_to_nonzero_bbox,nearest,gt_foreground,0.5,908370,0.2350037842988968,0.39317113161087036,9.230622616216218e-30,4.5569181278815924e-23,1.5163904854009758e-11,1.6439469618489966e-05,0.37007367610931396,0.9998297691345215,1.0
HEP_PA28,liver,D2,False,3,1,3,2,"[24, 24, 24]","[23, 479, 715]",none_same_size,"[23, 479, 715]",patch_upsampled_then_sliding_window_fused_full_volume,predictor_crop_to_nonzero_bbox,nearest,gt_background_valid,0.5,6968785,0.010794959962368011,0.09275823086500168,0.0,7.259153456440838e-30,3.0218493954961447e-23,1.4502514104288753e-18,1.6105363841601578e-13,2.2796539269620553e-05,1.0
HEP_PA28,liver,D2,False,3,1,3,2,"[24, 24, 24]","[23, 479, 715]",none_same_size,"[23, 479, 715]",patch_upsampled_then_sliding_window_fused_full_volume,predictor_crop_to_nonzero_bbox,nearest,gt_background_all,0.5,6968785,0.010794959962368011,0.09275823086500168,0.0,7.259153456440838e-30,3.0218493954961447e-23,1.4502514104288753e-18,1.6105363841601578e-13,2.2796539269620553e-05,1.0
HEP_PA28,liver,D2,False,3,1,3,2,"[24, 24, 24]","[23, 479, 715]",none_same_size,"[23, 479, 715]",patch_upsampled_then_sliding_window_fused_full_volume,predictor_crop_to_nonzero_bbox,nearest,d5_false_negative,0.5,506945,0.01439755316823721,0.09095551818609238,9.230622616216218e-30,2.6626179559196456e-24,6.211903061507849e-19,2.5562518768396103e-10,1.923168838402489e-06,0.01893063634634018,0.9993340373039246
HEP_PA28,liver,D3,False,2,2,2,3,"[48, 48, 48]","[23, 479, 715]",none_same_size,"[23, 479, 715]",patch_upsampled_then_sliding_window_fused_full_volume,predictor_crop_to_nonzero_bbox,nearest,gt_foreground,0.5,908370,0.3487091660499573,0.44167688488960266,3.5753391598473605e-21,1.368105275911162e-15,1.0784197712609966e-07,0.011539049446582794,0.9582871794700623,0.9999803304672241,1.0
HEP_PA28,liver,D3,False,2,2,2,3,"[48, 48, 48]","[23, 479, 715]",none_same_size,"[23, 479, 715]",patch_upsampled_then_sliding_window_fused_full_volume,predictor_crop_to_nonzero_bbox,nearest,gt_background_valid,0.5,6968785,0.019753294065594673,0.12621258199214935,5.3258753885868226e-37,3.1466938029152765e-21,1.0174928221750711e-15,1.1869934202213273e-10,6.358922632898611e-08,0.0018339563393965364,1.0
HEP_PA28,liver,D3,False,2,2,2,3,"[48, 48, 48]","[23, 479, 715]",none_same_size,"[23, 479, 715]",patch_upsampled_then_sliding_window_fused_full_volume,predictor_crop_to_nonzero_bbox,nearest,gt_background_all,0.5,6968785,0.019753294065594673,0.12621258199214935,5.3258753885868226e-37,3.1466938029152765e-21,1.0174928221750711e-15,1.1869934202213273e-10,6.358922632898611e-08,0.0018339563393965364,1.0
HEP_PA28,liver,D3,False,2,2,2,3,"[48, 48, 48]","[23, 479, 715]",none_same_size,"[23, 479, 715]",patch_upsampled_then_sliding_window_fused_full_volume,predictor_crop_to_nonzero_bbox,nearest,d5_false_negative,0.5,506945,0.028286313638091087,0.11947144567966461,3.5753391598473605e-21,2.5911942231480925e-16,4.223271309489879e-13,1.3899262967242976e-06,0.0011427151039242744,0.13403330743312836,0.9999808073043823
HEP_PA28,liver,D4,False,1,3,1,4,"[96, 96, 96]","[23, 479, 715]",none_same_size,"[23, 479, 715]",patch_upsampled_then_sliding_window_fused_full_volume,predictor_crop_to_nonzero_bbox,nearest,gt_foreground,0.5,908370,0.3948161005973816,0.4406610429286957,8.215575214669534e-18,1.751363099412439e-14,6.375225439114729e-06,0.07731926441192627,0.9517984986305237,0.9984257221221924,0.9999977350234985
HEP_PA28,liver,D4,False,1,3,1,4,"[96, 96, 96]","[23, 479, 715]",none_same_size,"[23, 479, 715]",patch_upsampled_then_sliding_window_fused_full_volume,predictor_crop_to_nonzero_bbox,nearest,gt_background_valid,0.5,6968785,0.021427903324365616,0.1282850056886673,1.4480011842238102e-26,1.9643096056604926e-17,1.9031480154286205e-14,1.975538843623781e-08,1.3748995115747675e-06,0.007166238967329264,0.9999992847442627
HEP_PA28,liver,D4,False,1,3,1,4,"[96, 96, 96]","[23, 479, 715]",none_same_size,"[23, 479, 715]",patch_upsampled_then_sliding_window_fused_full_volume,predictor_crop_to_nonzero_bbox,nearest,gt_background_all,0.5,6968785,0.021427903324365616,0.1282850056886673,1.4480011842238102e-26,1.9643096056604926e-17,1.9031480154286205e-14,1.975538843623781e-08,1.3748995115747675e-06,0.007166238967329264,0.9999992847442627
HEP_PA28,liver,D4,False,1,3,1,4,"[96, 96, 96]","[23, 479, 715]",none_same_size,"[23, 479, 715]",patch_upsampled_then_sliding_window_fused_full_volume,predictor_crop_to_nonzero_bbox,nearest,d5_false_negative,0.5,506945,0.035683903843164444,0.10356343537569046,8.215575214669534e-18,6.4092111677041715e-15,1.4058640319600246e-12,5.1116971008013934e-05,0.008345287293195724,0.2406436651945114,0.9931650757789612
HEP_PA28,liver,D5,True,0,4,0,5,"[192, 192, 192]","[23, 479, 715]",none_same_size,"[23, 479, 715]",final_output_sliding_window_fused_full_volume,predictor_crop_to_nonzero_bbox,nearest,gt_foreground,0.5,908370,0.43203499913215637,0.44766876101493835,1.0978562360617641e-18,7.935741568542397e-15,1.7994279915001243e-05,0.17318928241729736,0.963465690612793,0.9968155026435852,0.9999464750289917
HEP_PA28,liver,D5,True,0,4,0,5,"[192, 192, 192]","[23, 479, 715]",none_same_size,"[23, 479, 715]",final_output_sliding_window_fused_full_volume,predictor_crop_to_nonzero_bbox,nearest,gt_background_valid,0.5,6968785,0.020855579525232315,0.12807513773441315,7.713760850293667e-32,2.9263985371143356e-18,7.242048689795437e-15,6.719781708852679e-08,3.5838745588989696e-06,0.0060546379536390305,0.9999406337738037
HEP_PA28,liver,D5,True,0,4,0,5,"[192, 192, 192]","[23, 479, 715]",none_same_size,"[23, 479, 715]",final_output_sliding_window_fused_full_volume,predictor_crop_to_nonzero_bbox,nearest,gt_background_all,0.5,6968785,0.020855579525232315,0.12807513773441315,7.713760850293667e-32,2.9263985371143356e-18,7.242048689795437e-15,6.719781708852679e-08,3.5838745588989696e-06,0.0060546379536390305,0.9999406337738037
HEP_PA28,liver,D5,True,0,4,0,5,"[192, 192, 192]","[23, 479, 715]",none_same_size,"[23, 479, 715]",final_output_sliding_window_fused_full_volume,predictor_crop_to_nonzero_bbox,nearest,d5_false_negative,0.5,506945,0.04567590728402138,0.10454695671796799,1.0978562360617641e-18,2.6639264541695367e-15,8.393837382970892e-13,0.00016556876653339714,0.019957998767495155,0.3261434733867645,0.499997615814209
ICC_PA18,liver,D1,False,4,0,4,1,"[12, 12, 12]","[87, 456, 499]",none_same_size,"[87, 456, 499]",patch_upsampled_then_sliding_window_fused_full_volume,predictor_crop_to_nonzero_bbox,nearest,gt_foreground,0.5,999968,0.4438624680042267,0.0974438339471817,0.1673855185508728,0.27675700187683105,0.3797219693660736,0.44782817363739014,0.5047318935394287,0.6127939224243164,0.7328187227249146
ICC_PA18,liver,D1,False,4,0,4,1,"[12, 12, 12]","[87, 456, 499]",none_same_size,"[87, 456, 499]",patch_upsampled_then_sliding_window_fused_full_volume,predictor_crop_to_nonzero_bbox,nearest,gt_background_valid,0.5,18796360,0.49147355556488037,0.07702146470546722,0.1745801717042923,0.3670509159564972,0.43948641419410706,0.4929969906806946,0.5409494042396545,0.615288257598877,0.9184788465499878
ICC_PA18,liver,D1,False,4,0,4,1,"[12, 12, 12]","[87, 456, 499]",none_same_size,"[87, 456, 499]",patch_upsampled_then_sliding_window_fused_full_volume,predictor_crop_to_nonzero_bbox,nearest,gt_background_all,0.5,18796360,0.49147355556488037,0.07702146470546722,0.1745801717042923,0.3670509159564972,0.43948641419410706,0.4929969906806946,0.5409494042396545,0.615288257598877,0.9184788465499878
ICC_PA18,liver,D1,False,4,0,4,1,"[12, 12, 12]","[87, 456, 499]",none_same_size,"[87, 456, 499]",patch_upsampled_then_sliding_window_fused_full_volume,predictor_crop_to_nonzero_bbox,nearest,d5_false_negative,0.5,57773,0.4175010323524475,0.08004740625619888,0.17903712391853333,0.28369706869125366,0.36585935950279236,0.4184321165084839,0.46855664253234863,0.5505748391151428,0.6905784606933594
ICC_PA18,liver,D2,False,3,1,3,2,"[24, 24, 24]","[87, 456, 499]",none_same_size,"[87, 456, 499]",patch_upsampled_then_sliding_window_fused_full_volume,predictor_crop_to_nonzero_bbox,nearest,gt_foreground,0.5,999968,0.8785641193389893,0.2799520492553711,3.80631788430728e-15,0.042592957615852356,0.9730506539344788,0.9992814660072327,0.9999412298202515,0.9999955892562866,1.0
ICC_PA18,liver,D2,False,3,1,3,2,"[24, 24, 24]","[87, 456, 499]",none_same_size,"[87, 456, 499]",patch_upsampled_then_sliding_window_fused_full_volume,predictor_crop_to_nonzero_bbox,nearest,gt_background_valid,0.5,18796360,0.00694027915596962,0.07114331424236298,0.0,1.3279288892479936e-27,3.1813697231034466e-16,4.696848812657528e-12,2.243386143518933e-09,4.266155156074092e-05,0.9999992847442627
ICC_PA18,liver,D2,False,3,1,3,2,"[24, 24, 24]","[87, 456, 499]",none_same_size,"[87, 456, 499]",patch_upsampled_then_sliding_window_fused_full_volume,predictor_crop_to_nonzero_bbox,nearest,gt_background_all,0.5,18796360,0.00694027915596962,0.07114331424236298,0.0,1.3279288892479936e-27,3.1813697231034466e-16,4.696848812657528e-12,2.243386143518933e-09,4.266155156074092e-05,0.9999992847442627
ICC_PA18,liver,D2,False,3,1,3,2,"[24, 24, 24]","[87, 456, 499]",none_same_size,"[87, 456, 499]",patch_upsampled_then_sliding_window_fused_full_volume,predictor_crop_to_nonzero_bbox,nearest,d5_false_negative,0.5,57773,0.15436378121376038,0.2540711760520935,3.80631788430728e-15,2.2100055048213108e-06,0.001205632695928216,0.024243595078587532,0.17999885976314545,0.8076090812683105,0.9991297125816345
ICC_PA18,liver,D3,False,2,2,2,3,"[48, 48, 48]","[87, 456, 499]",none_same_size,"[87, 456, 499]",patch_upsampled_then_sliding_window_fused_full_volume,predictor_crop_to_nonzero_bbox,nearest,gt_foreground,0.5,999968,0.9039419293403625,0.24724581837654114,1.486217460211492e-08,0.13154637813568115,0.9852449893951416,0.9991952776908875,0.9998558759689331,0.999976634979248,0.9999995231628418
ICC_PA18,liver,D3,False,2,2,2,3,"[48, 48, 48]","[87, 456, 499]",none_same_size,"[87, 456, 499]",patch_upsampled_then_sliding_window_fused_full_volume,predictor_crop_to_nonzero_bbox,nearest,gt_background_valid,0.5,18796360,0.009263277053833008,0.08299148827791214,0.0,6.879920962392792e-26,3.1230718011698855e-10,7.446750771578081e-08,3.558936214176356e-06,0.0004460955096874386,0.9999961853027344
ICC_PA18,liver,D3,False,2,2,2,3,"[48, 48, 48]","[87, 456, 499]",none_same_size,"[87, 456, 499]",patch_upsampled_then_sliding_window_fused_full_volume,predictor_crop_to_nonzero_bbox,nearest,gt_background_all,0.5,18796360,0.009263277053833008,0.08299148827791214,0.0,6.879920962392792e-26,3.1230718011698855e-10,7.446750771578081e-08,3.558936214176356e-06,0.0004460955096874386,0.9999961853027344
ICC_PA18,liver,D3,False,2,2,2,3,"[48, 48, 48]","[87, 456, 499]",none_same_size,"[87, 456, 499]",patch_upsampled_then_sliding_window_fused_full_volume,predictor_crop_to_nonzero_bbox,nearest,d5_false_negative,0.5,57773,0.10730688273906708,0.16359104216098785,1.486217460211492e-08,0.00016810531087685376,0.0068313078954815865,0.03769693523645401,0.1348452866077423,0.468777596950531,0.9946526288986206
ICC_PA18,liver,D4,False,1,3,1,4,"[96, 96, 96]","[87, 456, 499]",none_same_size,"[87, 456, 499]",patch_upsampled_then_sliding_window_fused_full_volume,predictor_crop_to_nonzero_bbox,nearest,gt_foreground,0.5,999968,0.9206500053405762,0.2306113988161087,1.6634410258120624e-06,0.18474623560905457,0.9931007623672485,0.9992345571517944,0.9997879862785339,0.9999439716339111,0.9999969005584717
ICC_PA18,liver,D4,False,1,3,1,4,"[96, 96, 96]","[87, 456, 499]",none_same_size,"[87, 456, 499]",patch_upsampled_then_sliding_window_fused_full_volume,predictor_crop_to_nonzero_bbox,nearest,gt_background_valid,0.5,18796360,0.009668994694948196,0.08696194738149643,1.0444823315883963e-31,9.823889375950991e-21,3.642836077233369e-08,9.77983177108399e-07,8.72515192895662e-06,0.000788823061157018,0.9999878406524658
ICC_PA18,liver,D4,False,1,3,1,4,"[96, 96, 96]","[87, 456, 499]",none_same_size,"[87, 456, 499]",patch_upsampled_then_sliding_window_fused_full_volume,predictor_crop_to_nonzero_bbox,nearest,gt_background_all,0.5,18796360,0.009668994694948196,0.08696194738149643,1.0444823315883963e-31,9.823889375950991e-21,3.642836077233369e-08,9.77983177108399e-07,8.72515192895662e-06,0.000788823061157018,0.9999878406524658
ICC_PA18,liver,D4,False,1,3,1,4,"[96, 96, 96]","[87, 456, 499]",none_same_size,"[87, 456, 499]",patch_upsampled_then_sliding_window_fused_full_volume,predictor_crop_to_nonzero_bbox,nearest,d5_false_negative,0.5,57773,0.11015255749225616,0.1623518019914627,1.6634410258120624e-06,0.0009577624732628465,0.010402820073068142,0.04114539176225662,0.13772456347942352,0.47866398096084595,0.9758999943733215
ICC_PA18,liver,D5,True,0,4,0,5,"[192, 192, 192]","[87, 456, 499]",none_same_size,"[87, 456, 499]",final_output_sliding_window_fused_full_volume,predictor_crop_to_nonzero_bbox,nearest,gt_foreground,0.5,999968,0.9371657967567444,0.20624682307243347,6.059519364498556e-06,0.34346166253089905,0.9945074915885925,0.9984179735183716,0.9992857575416565,0.9997337460517883,0.9999823570251465
ICC_PA18,liver,D5,True,0,4,0,5,"[192, 192, 192]","[87, 456, 499]",none_same_size,"[87, 456, 499]",final_output_sliding_window_fused_full_volume,predictor_crop_to_nonzero_bbox,nearest,gt_background_valid,0.5,18796360,0.009565087035298347,0.08709512650966644,6.849831357207964e-39,2.42428563158232e-21,1.148586292742948e-07,3.0986536785349017e-06,2.43307113123592e-05,0.0012596583692356944,0.9999063014984131
ICC_PA18,liver,D5,True,0,4,0,5,"[192, 192, 192]","[87, 456, 499]",none_same_size,"[87, 456, 499]",final_output_sliding_window_fused_full_volume,predictor_crop_to_nonzero_bbox,nearest,gt_background_all,0.5,18796360,0.009565087035298347,0.08709512650966644,6.849831357207964e-39,2.42428563158232e-21,1.148586292742948e-07,3.0986536785349017e-06,2.43307113123592e-05,0.0012596583692356944,0.9999063014984131
ICC_PA18,liver,D5,True,0,4,0,5,"[192, 192, 192]","[87, 456, 499]",none_same_size,"[87, 456, 499]",final_output_sliding_window_fused_full_volume,predictor_crop_to_nonzero_bbox,nearest,d5_false_negative,0.5,57773,0.1423756182193756,0.14212915301322937,6.059519364498556e-06,0.003074867883697152,0.024744577705860138,0.08686458319425583,0.23142310976982117,0.4405931830406189,0.49998462200164795
MET_PA13,liver,D1,False,4,0,4,1,"[12, 12, 12]","[24, 456, 487]",none_same_size,"[24, 456, 487]",patch_upsampled_then_sliding_window_fused_full_volume,predictor_crop_to_nonzero_bbox,nearest,gt_foreground,0.5,228100,0.44182732701301575,0.10978765785694122,0.1261318027973175,0.24725334346294403,0.3663615882396698,0.4487508535385132,0.5202361941337585,0.6168370246887207,0.7153030633926392
MET_PA13,liver,D1,False,4,0,4,1,"[12, 12, 12]","[24, 456, 487]",none_same_size,"[24, 456, 487]",patch_upsampled_then_sliding_window_fused_full_volume,predictor_crop_to_nonzero_bbox,nearest,gt_background_valid,0.5,5101628,0.4902942180633545,0.09668577462434769,0.12151826173067093,0.35284942388534546,0.4214548170566559,0.4806250333786011,0.5468540191650391,0.6697800159454346,0.8425950407981873
MET_PA13,liver,D1,False,4,0,4,1,"[12, 12, 12]","[24, 456, 487]",none_same_size,"[24, 456, 487]",patch_upsampled_then_sliding_window_fused_full_volume,predictor_crop_to_nonzero_bbox,nearest,gt_background_all,0.5,5101628,0.4902942180633545,0.09668577462434769,0.12151826173067093,0.35284942388534546,0.4214548170566559,0.4806250333786011,0.5468540191650391,0.6697800159454346,0.8425950407981873
MET_PA13,liver,D1,False,4,0,4,1,"[12, 12, 12]","[24, 456, 487]",none_same_size,"[24, 456, 487]",patch_upsampled_then_sliding_window_fused_full_volume,predictor_crop_to_nonzero_bbox,nearest,d5_false_negative,0.5,27916,0.44990676641464233,0.10419406741857529,0.15220680832862854,0.2739717364311218,0.37242090702056885,0.45435410737991333,0.5314409136772156,0.6077535152435303,0.7080792188644409
MET_PA13,liver,D2,False,3,1,3,2,"[24, 24, 24]","[24, 456, 487]",none_same_size,"[24, 456, 487]",patch_upsampled_then_sliding_window_fused_full_volume,predictor_crop_to_nonzero_bbox,nearest,gt_foreground,0.5,228100,0.5869085788726807,0.45777881145477295,1.2430909587517965e-24,2.623906603105297e-08,0.004760921001434326,0.9304953813552856,0.9998925924301147,0.9999998807907104,1.0
MET_PA13,liver,D2,False,3,1,3,2,"[24, 24, 24]","[24, 456, 487]",none_same_size,"[24, 456, 487]",patch_upsampled_then_sliding_window_fused_full_volume,predictor_crop_to_nonzero_bbox,nearest,gt_background_valid,0.5,5101628,0.004635456018149853,0.06131855398416519,0.0,1.1810439411565224e-35,8.628921115393016e-27,4.257382088588401e-22,8.590309042543615e-17,4.373268761015403e-11,0.9999986886978149
MET_PA13,liver,D2,False,3,1,3,2,"[24, 24, 24]","[24, 456, 487]",none_same_size,"[24, 456, 487]",patch_upsampled_then_sliding_window_fused_full_volume,predictor_crop_to_nonzero_bbox,nearest,gt_background_all,0.5,5101628,0.004635456018149853,0.06131855398416519,0.0,1.1810439411565224e-35,8.628921115393016e-27,4.257382088588401e-22,8.590309042543615e-17,4.373268761015403e-11,0.9999986886978149
MET_PA13,liver,D2,False,3,1,3,2,"[24, 24, 24]","[24, 456, 487]",none_same_size,"[24, 456, 487]",patch_upsampled_then_sliding_window_fused_full_volume,predictor_crop_to_nonzero_bbox,nearest,d5_false_negative,0.5,27916,0.06251845508813858,0.20619133114814758,1.2430909587517965e-24,2.7861687668096196e-15,1.7318038114666479e-09,3.184317620252841e-06,0.0015116253634914756,0.6433290839195251,0.9999915361404419
MET_PA13,liver,D3,False,2,2,2,3,"[48, 48, 48]","[24, 456, 487]",none_same_size,"[24, 456, 487]",patch_upsampled_then_sliding_window_fused_full_volume,predictor_crop_to_nonzero_bbox,nearest,gt_foreground,0.5,228100,0.7663566470146179,0.3853386342525482,2.746375908103204e-27,5.8298228395869955e-05,0.6664366722106934,0.9985600709915161,0.9999799728393555,0.9999998807907104,1.0
MET_PA13,liver,D3,False,2,2,2,3,"[48, 48, 48]","[24, 456, 487]",none_same_size,"[24, 456, 487]",patch_upsampled_then_sliding_window_fused_full_volume,predictor_crop_to_nonzero_bbox,nearest,gt_background_valid,0.5,5101628,0.006917081773281097,0.07598104327917099,0.0,1.3295809338986957e-29,3.66889054062898e-21,8.88863404656658e-17,8.247763583213441e-11,1.3952202948530612e-07,0.9999996423721313
MET_PA13,liver,D3,False,2,2,2,3,"[48, 48, 48]","[24, 456, 487]",none_same_size,"[24, 456, 487]",patch_upsampled_then_sliding_window_fused_full_volume,predictor_crop_to_nonzero_bbox,nearest,gt_background_all,0.5,5101628,0.006917081773281097,0.07598104327917099,0.0,1.3295809338986957e-29,3.66889054062898e-21,8.88863404656658e-17,8.247763583213441e-11,1.3952202948530612e-07,0.9999996423721313
MET_PA13,liver,D3,False,2,2,2,3,"[48, 48, 48]","[24, 456, 487]",none_same_size,"[24, 456, 487]",patch_upsampled_then_sliding_window_fused_full_volume,predictor_crop_to_nonzero_bbox,nearest,d5_false_negative,0.5,27916,0.08317743986845016,0.22334493696689606,2.746375908103204e-27,4.959304849582228e-16,9.307738650932151e-07,0.000386986939702183,0.011597356759011745,0.7237110733985901,0.9999979734420776
MET_PA13,liver,D4,False,1,3,1,4,"[96, 96, 96]","[24, 456, 487]",none_same_size,"[24, 456, 487]",patch_upsampled_then_sliding_window_fused_full_volume,predictor_crop_to_nonzero_bbox,nearest,gt_foreground,0.5,228100,0.8167173266410828,0.3513280153274536,4.389785472272976e-19,0.0004982231184840202,0.9224221110343933,0.998588502407074,0.9998677968978882,0.9999908208847046,1.0
MET_PA13,liver,D4,False,1,3,1,4,"[96, 96, 96]","[24, 456, 487]",none_same_size,"[24, 456, 487]",patch_upsampled_then_sliding_window_fused_full_volume,predictor_crop_to_nonzero_bbox,nearest,gt_background_valid,0.5,5101628,0.00697750598192215,0.07572372257709503,7.171945088657319e-37,8.043352638466996e-23,1.6442970219906992e-18,1.436662068607028e-14,9.472534756582718e-09,6.262624992814381e-06,0.9999904632568359
MET_PA13,liver,D4,False,1,3,1,4,"[96, 96, 96]","[24, 456, 487]",none_same_size,"[24, 456, 487]",patch_upsampled_then_sliding_window_fused_full_volume,predictor_crop_to_nonzero_bbox,nearest,gt_background_all,0.5,5101628,0.00697750598192215,0.07572372257709503,7.171945088657319e-37,8.043352638466996e-23,1.6442970219906992e-18,1.436662068607028e-14,9.472534756582718e-09,6.262624992814381e-06,0.9999904632568359
MET_PA13,liver,D4,False,1,3,1,4,"[96, 96, 96]","[24, 456, 487]",none_same_size,"[24, 456, 487]",patch_upsampled_then_sliding_window_fused_full_volume,predictor_crop_to_nonzero_bbox,nearest,d5_false_negative,0.5,27916,0.11825525760650635,0.24501080811023712,4.389785472272976e-19,2.951255212435555e-11,3.653767998912372e-05,0.0019811494275927544,0.07088395208120346,0.7909656167030334,0.9956670999526978
MET_PA13,liver,D5,True,0,4,0,5,"[192, 192, 192]","[24, 456, 487]",none_same_size,"[24, 456, 487]",final_output_sliding_window_fused_full_volume,predictor_crop_to_nonzero_bbox,nearest,gt_foreground,0.5,228100,0.8688135743141174,0.29975658655166626,2.912885425114455e-17,0.00594067107886076,0.9760599732398987,0.9974549412727356,0.9993453621864319,0.9998594522476196,0.9999964237213135
MET_PA13,liver,D5,True,0,4,0,5,"[192, 192, 192]","[24, 456, 487]",none_same_size,"[24, 456, 487]",final_output_sliding_window_fused_full_volume,predictor_crop_to_nonzero_bbox,nearest,gt_background_valid,0.5,5101628,0.005805521737784147,0.06903059035539627,0.0,4.405611703252071e-22,2.190046078132387e-18,9.183748054565621e-14,5.5770321694126324e-08,1.1115554116258863e-05,0.9999203681945801
MET_PA13,liver,D5,True,0,4,0,5,"[192, 192, 192]","[24, 456, 487]",none_same_size,"[24, 456, 487]",final_output_sliding_window_fused_full_volume,predictor_crop_to_nonzero_bbox,nearest,gt_background_all,0.5,5101628,0.005805521737784147,0.06903059035539627,0.0,4.405611703252071e-22,2.190046078132387e-18,9.183748054565621e-14,5.5770321694126324e-08,1.1115554116258863e-05,0.9999203681945801
MET_PA13,liver,D5,True,0,4,0,5,"[192, 192, 192]","[24, 456, 487]",none_same_size,"[24, 456, 487]",final_output_sliding_window_fused_full_volume,predictor_crop_to_nonzero_bbox,nearest,d5_false_negative,0.5,27916,0.09639748930931091,0.14075762033462524,2.912885425114455e-17,1.2977433017091755e-10,0.00029945879941806197,0.016784142702817917,0.14709284901618958,0.42537400126457214,0.49985626339912415
MET_PA19,liver,D1,False,4,0,4,1,"[12, 12, 12]","[24, 456, 482]",none_same_size,"[24, 456, 482]",patch_upsampled_then_sliding_window_fused_full_volume,predictor_crop_to_nonzero_bbox,nearest,gt_foreground,0.5,234763,0.440552294254303,0.1083637923002243,0.11807003617286682,0.24469208717346191,0.36930733919143677,0.4437938928604126,0.5172888040542603,0.6130024790763855,0.7378310561180115
MET_PA19,liver,D1,False,4,0,4,1,"[12, 12, 12]","[24, 456, 482]",none_same_size,"[24, 456, 482]",patch_upsampled_then_sliding_window_fused_full_volume,predictor_crop_to_nonzero_bbox,nearest,gt_background_valid,0.5,5040245,0.49066150188446045,0.101144939661026,0.11289256811141968,0.3457692265510559,0.41947829723358154,0.4772307872772217,0.5517687797546387,0.680621325969696,0.8658323287963867
MET_PA19,liver,D1,False,4,0,4,1,"[12, 12, 12]","[24, 456, 482]",none_same_size,"[24, 456, 482]",patch_upsampled_then_sliding_window_fused_full_volume,predictor_crop_to_nonzero_bbox,nearest,gt_background_all,0.5,5040245,0.49066150188446045,0.101144939661026,0.11289256811141968,0.3457692265510559,0.41947829723358154,0.4772307872772217,0.5517687797546387,0.680621325969696,0.8658323287963867
MET_PA19,liver,D1,False,4,0,4,1,"[12, 12, 12]","[24, 456, 482]",none_same_size,"[24, 456, 482]",patch_upsampled_then_sliding_window_fused_full_volume,predictor_crop_to_nonzero_bbox,nearest,d5_false_negative,0.5,21466,0.4035504162311554,0.11684492230415344,0.1222439706325531,0.20939305424690247,0.3141346573829651,0.4070773720741272,0.4972694516181946,0.5887527465820312,0.7041285634040833
MET_PA19,liver,D2,False,3,1,3,2,"[24, 24, 24]","[24, 456, 482]",none_same_size,"[24, 456, 482]",patch_upsampled_then_sliding_window_fused_full_volume,predictor_crop_to_nonzero_bbox,nearest,gt_foreground,0.5,234763,0.604420006275177,0.4446704089641571,1.1040646318774747e-16,7.796309660079714e-07,0.017689436674118042,0.9138785004615784,0.9994673132896423,0.9999978542327881,1.0
MET_PA19,liver,D2,False,3,1,3,2,"[24, 24, 24]","[24, 456, 482]",none_same_size,"[24, 456, 482]",patch_upsampled_then_sliding_window_fused_full_volume,predictor_crop_to_nonzero_bbox,nearest,gt_background_valid,0.5,5040245,0.001981449779123068,0.03685923293232918,0.0,3.680091148048606e-37,3.572685404053458e-26,1.841466208101604e-21,8.32083345130854e-16,1.3354644057272935e-09,0.9999895095825195
MET_PA19,liver,D2,False,3,1,3,2,"[24, 24, 24]","[24, 456, 482]",none_same_size,"[24, 456, 482]",patch_upsampled_then_sliding_window_fused_full_volume,predictor_crop_to_nonzero_bbox,nearest,gt_background_all,0.5,5040245,0.001981449779123068,0.03685923293232918,0.0,3.680091148048606e-37,3.572685404053458e-26,1.841466208101604e-21,8.32083345130854e-16,1.3354644057272935e-09,0.9999895095825195
MET_PA19,liver,D2,False,3,1,3,2,"[24, 24, 24]","[24, 456, 482]",none_same_size,"[24, 456, 482]",patch_upsampled_then_sliding_window_fused_full_volume,predictor_crop_to_nonzero_bbox,nearest,d5_false_negative,0.5,21466,0.041030943393707275,0.15441349148750305,1.1040646318774747e-16,4.4157011380718814e-11,7.39388639203753e-08,9.687584679340944e-06,0.0011121907737106085,0.27287521958351135,0.9989784955978394
MET_PA19,liver,D3,False,2,2,2,3,"[48, 48, 48]","[24, 456, 482]",none_same_size,"[24, 456, 482]",patch_upsampled_then_sliding_window_fused_full_volume,predictor_crop_to_nonzero_bbox,nearest,gt_foreground,0.5,234763,0.7923213243484497,0.3623810112476349,4.206397452577448e-09,0.0013431109255179763,0.800200879573822,0.9979142546653748,0.9999102354049683,0.9999973773956299,1.0
MET_PA19,liver,D3,False,2,2,2,3,"[48, 48, 48]","[24, 456, 482]",none_same_size,"[24, 456, 482]",patch_upsampled_then_sliding_window_fused_full_volume,predictor_crop_to_nonzero_bbox,nearest,gt_background_valid,0.5,5040245,0.005032936576753855,0.06225898861885071,0.0,1.0056361518124362e-32,2.5607527823641317e-20,3.207147317968559e-16,1.4034629014503253e-09,1.1727789797078003e-06,1.0
MET_PA19,liver,D3,False,2,2,2,3,"[48, 48, 48]","[24, 456, 482]",none_same_size,"[24, 456, 482]",patch_upsampled_then_sliding_window_fused_full_volume,predictor_crop_to_nonzero_bbox,nearest,gt_background_all,0.5,5040245,0.005032936576753855,0.06225898861885071,0.0,1.0056361518124362e-32,2.5607527823641317e-20,3.207147317968559e-16,1.4034629014503253e-09,1.1727789797078003e-06,1.0
MET_PA19,liver,D3,False,2,2,2,3,"[48, 48, 48]","[24, 456, 482]",none_same_size,"[24, 456, 482]",patch_upsampled_then_sliding_window_fused_full_volume,predictor_crop_to_nonzero_bbox,nearest,d5_false_negative,0.5,21466,0.13818472623825073,0.2679990530014038,4.206397452577448e-09,2.3702389171376126e-06,0.0001551833702251315,0.004239408764988184,0.10082107782363892,0.8642744421958923,0.9995317459106445
MET_PA19,liver,D4,False,1,3,1,4,"[96, 96, 96]","[24, 456, 482]",none_same_size,"[24, 456, 482]",patch_upsampled_then_sliding_window_fused_full_volume,predictor_crop_to_nonzero_bbox,nearest,gt_foreground,0.5,234763,0.8552766442298889,0.3121415078639984,4.863601432703035e-08,0.00925133191049099,0.9678278565406799,0.9986472725868225,0.9998268485069275,0.9999833106994629,0.9999998807907104
MET_PA19,liver,D4,False,1,3,1,4,"[96, 96, 96]","[24, 456, 482]",none_same_size,"[24, 456, 482]",patch_upsampled_then_sliding_window_fused_full_volume,predictor_crop_to_nonzero_bbox,nearest,gt_background_valid,0.5,5040245,0.005024033132940531,0.062002282589673996,0.0,8.87129801222459e-25,4.766160095610117e-18,1.7741557395835154e-14,1.299623590966803e-07,1.6852405678946525e-05,0.9999889135360718
MET_PA19,liver,D4,False,1,3,1,4,"[96, 96, 96]","[24, 456, 482]",none_same_size,"[24, 456, 482]",patch_upsampled_then_sliding_window_fused_full_volume,predictor_crop_to_nonzero_bbox,nearest,gt_background_all,0.5,5040245,0.005024033132940531,0.062002282589673996,0.0,8.87129801222459e-25,4.766160095610117e-18,1.7741557395835154e-14,1.299623590966803e-07,1.6852405678946525e-05,0.9999889135360718
MET_PA19,liver,D4,False,1,3,1,4,"[96, 96, 96]","[24, 456, 482]",none_same_size,"[24, 456, 482]",patch_upsampled_then_sliding_window_fused_full_volume,predictor_crop_to_nonzero_bbox,nearest,d5_false_negative,0.5,21466,0.14707380533218384,0.2543344497680664,4.863601432703035e-08,1.9832328689517453e-05,0.0006519281887449324,0.01175311766564846,0.15948404371738434,0.793654203414917,0.9947880506515503
MET_PA19,liver,D5,True,0,4,0,5,"[192, 192, 192]","[24, 456, 482]",none_same_size,"[24, 456, 482]",final_output_sliding_window_fused_full_volume,predictor_crop_to_nonzero_bbox,nearest,gt_foreground,0.5,234763,0.8983213901519775,0.2588670253753662,5.82672221582925e-08,0.06215276941657066,0.980021595954895,0.9969028830528259,0.9991567134857178,0.9997701048851013,0.9999890327453613
MET_PA19,liver,D5,True,0,4,0,5,"[192, 192, 192]","[24, 456, 482]",none_same_size,"[24, 456, 482]",final_output_sliding_window_fused_full_volume,predictor_crop_to_nonzero_bbox,nearest,gt_background_valid,0.5,5040245,0.004055875353515148,0.05472206696867943,0.0,7.041144459201143e-24,3.2887021978464898e-18,3.714304525840456e-14,4.652890766010387e-07,3.0005969165358692e-05,0.999976634979248
MET_PA19,liver,D5,True,0,4,0,5,"[192, 192, 192]","[24, 456, 482]",none_same_size,"[24, 456, 482]",final_output_sliding_window_fused_full_volume,predictor_crop_to_nonzero_bbox,nearest,gt_background_all,0.5,5040245,0.004055875353515148,0.05472206696867943,0.0,7.041144459201143e-24,3.2887021978464898e-18,3.714304525840456e-14,4.652890766010387e-07,3.0005969165358692e-05,0.999976634979248
MET_PA19,liver,D5,True,0,4,0,5,"[192, 192, 192]","[24, 456, 482]",none_same_size,"[24, 456, 482]",final_output_sliding_window_fused_full_volume,predictor_crop_to_nonzero_bbox,nearest,d5_false_negative,0.5,21466,0.11933376640081406,0.1466113179922104,5.82672221582925e-08,8.457322110189125e-05,0.004330848343670368,0.04347944259643555,0.20397943258285522,0.43811213970184326,0.49993932247161865
MET_PA25,liver,D1,False,4,0,4,1,"[12, 12, 12]","[24, 456, 487]",none_same_size,"[24, 456, 487]",patch_upsampled_then_sliding_window_fused_full_volume,predictor_crop_to_nonzero_bbox,nearest,gt_foreground,0.5,217685,0.45589348673820496,0.12174248695373535,0.17538222670555115,0.2990383207798004,0.36225369572639465,0.42489349842071533,0.544400155544281,0.6803902387619019,0.8221507668495178
MET_PA25,liver,D1,False,4,0,4,1,"[12, 12, 12]","[24, 456, 487]",none_same_size,"[24, 456, 487]",patch_upsampled_then_sliding_window_fused_full_volume,predictor_crop_to_nonzero_bbox,nearest,gt_background_valid,0.5,5112043,0.5068128705024719,0.10640154778957367,0.15465950965881348,0.3461856544017792,0.436001718044281,0.499235600233078,0.5625799298286438,0.7100281119346619,0.9222089648246765
MET_PA25,liver,D1,False,4,0,4,1,"[12, 12, 12]","[24, 456, 487]",none_same_size,"[24, 456, 487]",patch_upsampled_then_sliding_window_fused_full_volume,predictor_crop_to_nonzero_bbox,nearest,gt_background_all,0.5,5112043,0.5068128705024719,0.10640154778957367,0.15465950965881348,0.3461856544017792,0.436001718044281,0.499235600233078,0.5625799298286438,0.7100281119346619,0.9222089648246765
MET_PA25,liver,D1,False,4,0,4,1,"[12, 12, 12]","[24, 456, 487]",none_same_size,"[24, 456, 487]",patch_upsampled_then_sliding_window_fused_full_volume,predictor_crop_to_nonzero_bbox,nearest,d5_false_negative,0.5,7777,0.4208061397075653,0.10604716837406158,0.22249121963977814,0.28792262077331543,0.34993794560432434,0.39526447653770447,0.47206664085388184,0.6424821615219116,0.7869803309440613
MET_PA25,liver,D2,False,3,1,3,2,"[24, 24, 24]","[24, 456, 487]",none_same_size,"[24, 456, 487]",patch_upsampled_then_sliding_window_fused_full_volume,predictor_crop_to_nonzero_bbox,nearest,gt_foreground,0.5,217685,0.726091742515564,0.40955254435539246,2.547248707535782e-13,3.075667336815968e-05,0.32947808504104614,0.9976992011070251,0.9999978542327881,1.0,1.0
MET_PA25,liver,D2,False,3,1,3,2,"[24, 24, 24]","[24, 456, 487]",none_same_size,"[24, 456, 487]",patch_upsampled_then_sliding_window_fused_full_volume,predictor_crop_to_nonzero_bbox,nearest,gt_background_valid,0.5,5112043,0.005536311771720648,0.06713497638702393,0.0,0.0,6.5184630082091785e-28,1.331642395985203e-19,4.2835478003197536e-13,2.9658998812465143e-08,0.9999997615814209
MET_PA25,liver,D2,False,3,1,3,2,"[24, 24, 24]","[24, 456, 487]",none_same_size,"[24, 456, 487]",patch_upsampled_then_sliding_window_fused_full_volume,predictor_crop_to_nonzero_bbox,nearest,gt_background_all,0.5,5112043,0.005536311771720648,0.06713497638702393,0.0,0.0,6.5184630082091785e-28,1.331642395985203e-19,4.2835478003197536e-13,2.9658998812465143e-08,0.9999997615814209
MET_PA25,liver,D2,False,3,1,3,2,"[24, 24, 24]","[24, 456, 487]",none_same_size,"[24, 456, 487]",patch_upsampled_then_sliding_window_fused_full_volume,predictor_crop_to_nonzero_bbox,nearest,d5_false_negative,0.5,7777,0.12643738090991974,0.28396451473236084,2.547248707535782e-13,4.5610648591321024e-10,2.8006002139591146e-07,6.165689410408959e-05,0.018733369186520576,0.9152334928512573,0.9998899698257446
MET_PA25,liver,D3,False,2,2,2,3,"[48, 48, 48]","[24, 456, 487]",none_same_size,"[24, 456, 487]",patch_upsampled_then_sliding_window_fused_full_volume,predictor_crop_to_nonzero_bbox,nearest,gt_foreground,0.5,217685,0.8652582168579102,0.3022114336490631,3.199529174935378e-08,0.018356628715991974,0.9807422161102295,0.9998900890350342,0.999996542930603,0.9999998807907104,1.0
MET_PA25,liver,D3,False,2,2,2,3,"[48, 48, 48]","[24, 456, 487]",none_same_size,"[24, 456, 487]",patch_upsampled_then_sliding_window_fused_full_volume,predictor_crop_to_nonzero_bbox,nearest,gt_background_valid,0.5,5112043,0.009560986422002316,0.08912202715873718,0.0,4.339863382967888e-39,4.471891544073251e-24,5.2984575060754935e-11,6.28014120707121e-08,5.371082806959748e-06,0.9999991655349731
MET_PA25,liver,D3,False,2,2,2,3,"[48, 48, 48]","[24, 456, 487]",none_same_size,"[24, 456, 487]",patch_upsampled_then_sliding_window_fused_full_volume,predictor_crop_to_nonzero_bbox,nearest,gt_background_all,0.5,5112043,0.009560986422002316,0.08912202715873718,0.0,4.339863382967888e-39,4.471891544073251e-24,5.2984575060754935e-11,6.28014120707121e-08,5.371082806959748e-06,0.9999991655349731
MET_PA25,liver,D3,False,2,2,2,3,"[48, 48, 48]","[24, 456, 487]",none_same_size,"[24, 456, 487]",patch_upsampled_then_sliding_window_fused_full_volume,predictor_crop_to_nonzero_bbox,nearest,d5_false_negative,0.5,7777,0.1692504584789276,0.3171575665473938,3.199529174935378e-08,7.4544800554576796e-06,0.00040916280704550445,0.006675508338958025,0.10761459171772003,0.971071183681488,0.9999860525131226
MET_PA25,liver,D4,False,1,3,1,4,"[96, 96, 96]","[24, 456, 487]",none_same_size,"[24, 456, 487]",patch_upsampled_then_sliding_window_fused_full_volume,predictor_crop_to_nonzero_bbox,nearest,gt_foreground,0.5,217685,0.9132012724876404,0.24720419943332672,3.650313544767414e-07,0.10363265872001648,0.9966697096824646,0.9998414516448975,0.9999737739562988,0.9999959468841553,0.9999998807907104
MET_PA25,liver,D4,False,1,3,1,4,"[96, 96, 96]","[24, 456, 487]",none_same_size,"[24, 456, 487]",patch_upsampled_then_sliding_window_fused_full_volume,predictor_crop_to_nonzero_bbox,nearest,gt_background_valid,0.5,5112043,0.009215479716658592,0.08675145357847214,0.0,1.4166460817642138e-27,7.275549149536557e-20,1.7695414911145235e-08,7.58697524361196e-07,4.673964576795697e-05,0.9999966621398926
MET_PA25,liver,D4,False,1,3,1,4,"[96, 96, 96]","[24, 456, 487]",none_same_size,"[24, 456, 487]",patch_upsampled_then_sliding_window_fused_full_volume,predictor_crop_to_nonzero_bbox,nearest,gt_background_all,0.5,5112043,0.009215479716658592,0.08675145357847214,0.0,1.4166460817642138e-27,7.275549149536557e-20,1.7695414911145235e-08,7.58697524361196e-07,4.673964576795697e-05,0.9999966621398926
MET_PA25,liver,D4,False,1,3,1,4,"[96, 96, 96]","[24, 456, 487]",none_same_size,"[24, 456, 487]",patch_upsampled_then_sliding_window_fused_full_volume,predictor_crop_to_nonzero_bbox,nearest,d5_false_negative,0.5,7777,0.25961756706237793,0.34489384293556213,3.650313544767414e-07,0.00020904914708808064,0.0030394054483622313,0.04525583237409592,0.48025861382484436,0.943410336971283,0.9984258413314819
MET_PA25,liver,D5,True,0,4,0,5,"[192, 192, 192]","[24, 456, 487]",none_same_size,"[24, 456, 487]",final_output_sliding_window_fused_full_volume,predictor_crop_to_nonzero_bbox,nearest,gt_foreground,0.5,217685,0.9577412009239197,0.1642264425754547,3.971949809056241e-07,0.7552587985992432,0.9966614246368408,0.999381422996521,0.9998207688331604,0.9999507665634155,0.9999960660934448
MET_PA25,liver,D5,True,0,4,0,5,"[192, 192, 192]","[24, 456, 487]",none_same_size,"[24, 456, 487]",final_output_sliding_window_fused_full_volume,predictor_crop_to_nonzero_bbox,nearest,gt_background_valid,0.5,5112043,0.008686929941177368,0.08491440117359161,0.0,1.559900025108642e-26,2.1423995959699316e-19,6.756538795116285e-08,2.3594641334057087e-06,7.220329280244187e-05,0.9999428987503052
MET_PA25,liver,D5,True,0,4,0,5,"[192, 192, 192]","[24, 456, 487]",none_same_size,"[24, 456, 487]",final_output_sliding_window_fused_full_volume,predictor_crop_to_nonzero_bbox,nearest,gt_background_all,0.5,5112043,0.008686929941177368,0.08491440117359161,0.0,1.559900025108642e-26,2.1423995959699316e-19,6.756538795116285e-08,2.3594641334057087e-06,7.220329280244187e-05,0.9999428987503052
MET_PA25,liver,D5,True,0,4,0,5,"[192, 192, 192]","[24, 456, 487]",none_same_size,"[24, 456, 487]",final_output_sliding_window_fused_full_volume,predictor_crop_to_nonzero_bbox,nearest,d5_false_negative,0.5,7777,0.15901176631450653,0.1565195918083191,3.971949809056241e-07,0.0005916874506510794,0.015601777471601963,0.10217493772506714,0.2881777882575989,0.45646071434020996,0.4998925030231476
