sequence,case,spleen_tn_count,spleen_tn_fg_prob_mean,spleen_tn_fg_prob_max,spleen_tn_fg_prob_p95,spleen_fn_count,spleen_fn_fg_prob_min,spleen_fn_fg_prob_mean,spleen_fn_fg_prob_max,spleen_fn_fg_prob_p90,spleen_fn_fg_prob_p95,right_kidney_tn_count,right_kidney_tn_fg_prob_mean,right_kidney_tn_fg_prob_max,right_kidney_tn_fg_prob_p95,right_kidney_fn_count,right_kidney_fn_fg_prob_min,right_kidney_fn_fg_prob_mean,right_kidney_fn_fg_prob_max,right_kidney_fn_fg_prob_p90,right_kidney_fn_fg_prob_p95,left_kidney_tn_count,left_kidney_tn_fg_prob_mean,left_kidney_tn_fg_prob_max,left_kidney_tn_fg_prob_p95,left_kidney_fn_count,left_kidney_fn_fg_prob_min,left_kidney_fn_fg_prob_mean,left_kidney_fn_fg_prob_max,left_kidney_fn_fg_prob_p90,left_kidney_fn_fg_prob_p95,gallbladder_tn_count,gallbladder_tn_fg_prob_mean,gallbladder_tn_fg_prob_max,gallbladder_tn_fg_prob_p95,gallbladder_fn_count,gallbladder_fn_fg_prob_min,gallbladder_fn_fg_prob_mean,gallbladder_fn_fg_prob_max,gallbladder_fn_fg_prob_p90,gallbladder_fn_fg_prob_p95,liver_tn_count,liver_tn_fg_prob_mean,liver_tn_fg_prob_max,liver_tn_fg_prob_p95,liver_fn_count,liver_fn_fg_prob_min,liver_fn_fg_prob_mean,liver_fn_fg_prob_max,liver_fn_fg_prob_p90,liver_fn_fg_prob_p95,stomach_tn_count,stomach_tn_fg_prob_mean,stomach_tn_fg_prob_max,stomach_tn_fg_prob_p95,stomach_fn_count,stomach_fn_fg_prob_min,stomach_fn_fg_prob_mean,stomach_fn_fg_prob_max,stomach_fn_fg_prob_p90,stomach_fn_fg_prob_p95,aorta_tn_count,aorta_tn_fg_prob_mean,aorta_tn_fg_prob_max,aorta_tn_fg_prob_p95,aorta_fn_count,aorta_fn_fg_prob_min,aorta_fn_fg_prob_mean,aorta_fn_fg_prob_max,aorta_fn_fg_prob_p90,aorta_fn_fg_prob_p95,inferior_vena_cava_tn_count,inferior_vena_cava_tn_fg_prob_mean,inferior_vena_cava_tn_fg_prob_max,inferior_vena_cava_tn_fg_prob_p95,inferior_vena_cava_fn_count,inferior_vena_cava_fn_fg_prob_min,inferior_vena_cava_fn_fg_prob_mean,inferior_vena_cava_fn_fg_prob_max,inferior_vena_cava_fn_fg_prob_p90,inferior_vena_cava_fn_fg_prob_p95,duodenum_tn_count,duodenum_tn_fg_prob_mean,duodenum_tn_fg_prob_max,duodenum_tn_fg_prob_p95,duodenum_fn_count,duodenum_fn_fg_prob_min,duodenum_fn_fg_prob_mean,duodenum_fn_fg_prob_max,duodenum_fn_fg_prob_p90,duodenum_fn_fg_prob_p95,pancreas_tn_count,pancreas_tn_fg_prob_mean,pancreas_tn_fg_prob_max,pancreas_tn_fg_prob_p95,pancreas_fn_count,pancreas_fn_fg_prob_min,pancreas_fn_fg_prob_mean,pancreas_fn_fg_prob_max,pancreas_fn_fg_prob_p90,pancreas_fn_fg_prob_p95,esophagus_tn_count,esophagus_tn_fg_prob_mean,esophagus_tn_fg_prob_max,esophagus_tn_fg_prob_p95,esophagus_fn_count,esophagus_fn_fg_prob_min,esophagus_fn_fg_prob_mean,esophagus_fn_fg_prob_max,esophagus_fn_fg_prob_p90,esophagus_fn_fg_prob_p95
P1,CYST_PA19.nii.gz,5994925,0.00017541516910952177,0.49976980686187744,1.5172560097198584e-08,0,nan,nan,nan,nan,nan,5996582,6.639478014651198e-05,0.4998031556606293,4.5475591292643e-08,0,nan,nan,nan,nan,nan,5989028,9.793828684107328e-05,0.49971336126327515,2.901492557327856e-08,0,nan,nan,nan,nan,nan,6014927,1.3528442764159676e-05,0.49736732244491577,1.074566138734721e-18,0,nan,nan,nan,nan,nan,5724765,0.0004844157453857511,0.4999864101409912,1.8138565792469308e-05,30549,1.0457628622282245e-22,0.0630037837841782,0.4999573230743408,0.26766669750213623,0.38228699564933777,5957598,0.0005927448071466111,0.49998635053634644,1.5180762602540199e-06,0,nan,nan,nan,nan,nan,6008267,4.670594992914155e-05,0.4990040957927704,7.339696905805937e-11,0,nan,nan,nan,nan,nan,6016173,7.890980926467163e-05,0.4991879463195801,8.928322664525368e-11,0,nan,nan,nan,nan,nan,6014863,8.621368112728119e-05,0.49996381998062134,3.5829705868906103e-10,0,nan,nan,nan,nan,nan,5999198,0.00024916562904831103,0.499758243560791,1.6393460811059413e-08,0,nan,nan,nan,nan,nan,6019285,1.8296973280967643e-05,0.49741244316101074,3.061246885420741e-17,0,nan,nan,nan,nan,nan
P1,CYST_PA20.nii.gz,3126031,0.0005616595826878573,0.4999706745147705,4.116250238439534e-07,0,nan,nan,nan,nan,nan,3160087,0.0001626744306113541,0.4999310374259949,9.390819855070731e-08,0,nan,nan,nan,nan,nan,3150863,0.0002596729375522713,0.4999285340309143,6.78673529819207e-07,0,nan,nan,nan,nan,nan,3162386,4.2131296227344067e-05,0.49734142422676086,1.8851959012063284e-18,0,nan,nan,nan,nan,nan,2903376,0.0014813033849906318,0.49998903274536133,0.00021116770221851766,26984,4.0921210360063393e-26,0.08562221796443664,0.49999332427978516,0.32418882846832275,0.4119327664375305,3110306,0.0012178486805873266,0.49990740418434143,1.2775026334566064e-05,0,nan,nan,nan,nan,nan,3161957,9.23625328893992e-05,0.49955883622169495,1.3914855934160641e-08,0,nan,nan,nan,nan,nan,3167953,8.714905940122614e-05,0.4994504451751709,7.255054890187296e-10,0,nan,nan,nan,nan,nan,3167337,0.0001457141962924463,0.4998715817928314,2.7470767882675773e-09,0,nan,nan,nan,nan,nan,3152531,0.000369235430606948,0.4997996985912323,5.993098284307052e-07,0,nan,nan,nan,nan,nan,3171851,1.2928294762893663e-05,0.49872973561286926,5.063125677927187e-16,0,nan,nan,nan,nan,nan
P1,CYST_PA37.nii.gz,5580116,0.0004119563519439094,0.4997303783893585,1.925547394421301e-06,0,nan,nan,nan,nan,nan,5578806,0.00018805411366031315,0.49932974576950073,5.746944680140587e-07,0,nan,nan,nan,nan,nan,5576970,0.0003486623066803626,0.4999396800994873,3.9288511288759764e-06,0,nan,nan,nan,nan,nan,5614229,1.6236697334582004e-06,0.4779951274394989,2.359089725545877e-16,0,nan,nan,nan,nan,nan,5334874,0.0009316838882009389,0.4999886751174927,4.1335399146191776e-05,22881,6.540079766637064e-07,0.11697147603149315,0.4999891519546509,0.3702552318572998,0.43397921323776245,5546321,0.0007862923826106432,0.4999922513961792,1.9136498394800583e-06,0,nan,nan,nan,nan,nan,5597451,9.097306924923656e-05,0.49915337562561035,3.275282551840064e-07,0,nan,nan,nan,nan,nan,5610362,5.4053292454912506e-05,0.49886253476142883,1.435509378033828e-09,0,nan,nan,nan,nan,nan,5603124,0.000191820943574294,0.4998273253440857,9.70277582723611e-08,0,nan,nan,nan,nan,nan,5594071,0.0003477952750198489,0.4998316168785095,7.510768682550406e-07,0,nan,nan,nan,nan,nan,5609900,3.688015035886125e-05,0.49989309906959534,2.0232780873020913e-16,0,nan,nan,nan,nan,nan
P1,CYST_PA38.nii.gz,4141157,0.00013337676666974577,0.4993095397949219,1.5873657943643593e-08,0,nan,nan,nan,nan,nan,4163206,6.036825285469619e-05,0.4994780421257019,1.993907261521599e-09,0,nan,nan,nan,nan,nan,4162019,6.947128288732062e-05,0.49929705262184143,2.6246521400707934e-08,0,nan,nan,nan,nan,nan,4184328,1.0126830267173676e-05,0.499920129776001,3.6962873279722335e-19,0,nan,nan,nan,nan,nan,3949662,0.00036053132198824047,0.49999988079071045,4.0036225982476026e-05,12696,1.3141337149136234e-05,0.12140314135149095,0.4999692440032959,0.36318498849868774,0.43290528655052185,4154917,0.0002856068700645632,0.4997692108154297,2.159948508051457e-06,0,nan,nan,nan,nan,nan,4176150,4.7664606913384407e-05,0.49949052929878235,5.446866291336505e-10,0,nan,nan,nan,nan,nan,4182588,4.9479788910350395e-05,0.49861589074134827,3.784491886538177e-10,0,nan,nan,nan,nan,nan,4185368,4.9644489558594436e-05,0.4989461600780487,1.0113301307512756e-08,0,nan,nan,nan,nan,nan,4179339,0.0001020510796483911,0.4995734691619873,1.9905439785361523e-07,0,nan,nan,nan,nan,nan,4188957,4.963324856699344e-06,0.49680423736572266,1.6574022427932877e-14,0,nan,nan,nan,nan,nan
P1,CYST_PA53.nii.gz,3690851,0.00012294130533822983,0.4996788203716278,2.029198364894569e-09,0,nan,nan,nan,nan,nan,3685736,0.00010557133062112178,0.499881774187088,1.490200673970321e-08,0,nan,nan,nan,nan,nan,3685111,9.804481371911317e-05,0.4999701976776123,3.7694558585599225e-08,0,nan,nan,nan,nan,nan,3711224,9.919571641949823e-06,0.49659818410873413,1.6472656956609696e-19,0,nan,nan,nan,nan,nan,3324451,0.001074042805928095,0.49976015090942383,0.0002305067318957299,15619,4.6644510121041094e-07,0.13810457631380546,0.4999115765094757,0.3865434527397156,0.444502055644989,3639702,0.0005124083352810772,0.49995851516723633,9.818327271204907e-06,0,nan,nan,nan,nan,nan,3699566,5.565717498688538e-05,0.49920395016670227,3.090852018772239e-09,0,nan,nan,nan,nan,nan,3709645,5.1190052663205925e-05,0.4995769262313843,6.738771207714933e-10,0,nan,nan,nan,nan,nan,3708868,9.354959756583844e-05,0.499336838722229,2.029198364894569e-09,0,nan,nan,nan,nan,nan,3709914,7.111573947790176e-05,0.49868395924568176,5.645572898060891e-08,0,nan,nan,nan,nan,nan,3715591,1.1296191321212535e-05,0.49943557381629944,3.885825987154021e-14,0,nan,nan,nan,nan,nan
P1,CYST_PA54.nii.gz,3719705,0.0002180350007299114,0.4988727867603302,2.500463169852196e-10,0,nan,nan,nan,nan,nan,3749938,0.0001256366314275515,0.49993062019348145,6.1527791750393135e-09,0,nan,nan,nan,nan,nan,3749342,0.00010882946998576131,0.49962952733039856,7.614509911491041e-08,0,nan,nan,nan,nan,nan,3763046,1.7454847534324165e-05,0.49566277861595154,7.704364264286734e-21,0,nan,nan,nan,nan,nan,3544548,0.00048720970773932754,0.49956586956977844,6.352188938762993e-05,13378,1.6024135902625858e-06,0.11811583897322432,0.4998876750469208,0.3646771311759949,0.43152591586112976,3735957,0.00034263801932620365,0.499862402677536,2.156816663045902e-06,0,nan,nan,nan,nan,nan,3758417,6.650124969710253e-05,0.4984612762928009,2.396411069582882e-09,0,nan,nan,nan,nan,nan,3767228,4.659195355207906e-05,0.499413400888443,5.547519665860534e-10,0,nan,nan,nan,nan,nan,3768527,9.561679152761057e-05,0.49991708993911743,5.6586241470313325e-08,0,nan,nan,nan,nan,nan,3762285,0.00018396442061779523,0.49989065527915955,3.0590220490012143e-07,0,nan,nan,nan,nan,nan,3774850,7.385364091864235e-06,0.49286559224128723,2.7661082314099118e-14,0,nan,nan,nan,nan,nan
P1,CYST_PA56.nii.gz,5369793,0.0004139420092940385,0.49996912479400635,1.3630183559598663e-07,0,nan,nan,nan,nan,nan,5429362,0.00016078347921593688,0.4996577501296997,2.438865180920402e-07,0,nan,nan,nan,nan,nan,5439882,0.00019615518365068474,0.49998319149017334,8.512471367794205e-07,0,nan,nan,nan,nan,nan,5454334,9.258143454960195e-06,0.49751827120780945,2.1579632576890583e-18,0,nan,nan,nan,nan,nan,5155350,0.0010505274193840853,0.4999338388442993,2.6977413654094562e-05,12344,5.2682813667104256e-09,0.11285541876640494,0.49985626339912415,0.37106263637542725,0.44024360179901123,5377851,0.0008490233808406758,0.4999764561653137,2.400595803919714e-06,0,nan,nan,nan,nan,nan,5440750,8.874999875437997e-05,0.4997783601284027,1.9115290683657804e-08,0,nan,nan,nan,nan,nan,5454761,8.562243781111827e-05,0.49980148673057556,1.223677964512504e-10,0,nan,nan,nan,nan,nan,5454022,7.356317869972956e-05,0.4994836449623108,1.4808476710495566e-12,0,nan,nan,nan,nan,nan,5437276,0.00017177124587848338,0.49989691376686096,3.756801802978771e-08,0,nan,nan,nan,nan,nan,5458177,2.515139381130532e-05,0.4998553693294525,2.638656920254099e-16,0,nan,nan,nan,nan,nan
P1,CYST_PA62.nii.gz,11927017,0.0005421065435367956,0.49998152256011963,6.294241217119634e-08,0,nan,nan,nan,nan,nan,12021556,1.1521261980699387e-05,0.49981236457824707,2.5804725023448327e-10,0,nan,nan,nan,nan,nan,12009507,9.071188539964482e-05,0.499930739402771,2.4417796673503744e-09,0,nan,nan,nan,nan,nan,12025596,1.769463624263876e-16,5.243712582203575e-12,4.994078728440569e-16,0,nan,nan,nan,nan,nan,10648125,0.0018258077560884328,0.49997591972351074,0.0003589536645449698,983182,6.9028777475627435e-22,0.019534453633171824,0.4999964237213135,0.022161295637488365,0.14748132228851318,12025573,2.1131311035792653e-05,0.495125949382782,2.989384888108372e-15,0,nan,nan,nan,nan,nan,12014176,9.936789777998553e-05,0.49989280104637146,1.367565525341348e-14,0,nan,nan,nan,nan,nan,12025596,3.4588731774825125e-16,3.510009123630642e-12,1.0883890563437824e-15,0,nan,nan,nan,nan,nan,12025596,1.3510506037200794e-16,2.4982151763941474e-12,4.491596549514453e-16,0,nan,nan,nan,nan,nan,12025354,4.134248026697054e-06,0.4978402853012085,8.089431461656953e-15,0,nan,nan,nan,nan,nan,12025596,2.138894888286944e-16,5.085201790905325e-12,6.178967707366192e-16,0,nan,nan,nan,nan,nan
P1,CYST_PA69.nii.gz,14903450,0.002167545066896638,0.4999997615814209,0.00018217165779788047,0,nan,nan,nan,nan,nan,15061687,0.00036517790283778777,0.4999946355819702,4.942035047861282e-07,0,nan,nan,nan,nan,nan,15088695,0.00020347828698956443,0.4999657869338989,9.492594443827329e-08,0,nan,nan,nan,nan,nan,15114358,2.3934388698658383e-16,4.745872965450371e-12,5.401452342279828e-16,0,nan,nan,nan,nan,nan,13725985,0.0031775461418485948,0.4999915361404419,0.0020714295096695423,299082,4.061115678350749e-17,0.1030053807786787,0.4999955892562866,0.34644603729248047,0.4226769208908081,15032635,0.0010422343596459872,0.49997633695602417,3.919997107004747e-05,0,nan,nan,nan,nan,nan,15114358,6.570776286759571e-09,0.007360312156379223,9.541598298956882e-15,0,nan,nan,nan,nan,nan,15114358,4.669666662786597e-16,5.6747412324753554e-11,1.1433267662697491e-15,0,nan,nan,nan,nan,nan,15114358,2.4070169220979783e-16,3.3676074082111818e-12,6.353114504948124e-16,0,nan,nan,nan,nan,nan,15067525,0.0005085196044420697,0.49999475479125977,1.9780381421696802e-07,0,nan,nan,nan,nan,nan,15114358,2.9817073446329147e-16,3.742369261705569e-12,7.440644458125154e-16,0,nan,nan,nan,nan,nan
P1,CYST_PA74.nii.gz,5274054,0.00017202180238792044,0.4995037615299225,3.4901850853863436e-10,0,nan,nan,nan,nan,nan,5313976,0.00015390604496725246,0.49957889318466187,4.248002838380671e-09,0,nan,nan,nan,nan,nan,5301728,0.00018652329926079064,0.499554306268692,1.33219216991165e-07,0,nan,nan,nan,nan,nan,5338728,4.265550209767508e-06,0.49294281005859375,4.644701030365893e-18,0,nan,nan,nan,nan,nan,5041696,0.000577950453495091,0.49993467330932617,1.1199203072465025e-05,15966,2.1241586267706225e-08,0.1226853105318981,0.4999857544898987,0.38935622572898865,0.4453314542770386,5286808,0.0004284658234769053,0.49979957938194275,1.1255348653094188e-07,0,nan,nan,nan,nan,nan,5327646,3.3658237910242805e-05,0.4995853304862976,2.0064278016818093e-10,0,nan,nan,nan,nan,nan,5332083,5.6994241216337645e-05,0.4994983971118927,6.534957037312994e-12,0,nan,nan,nan,nan,nan,5336793,2.3084616082521185e-05,0.4991379976272583,8.753774614900234e-13,0,nan,nan,nan,nan,nan,5321850,0.0001674568377072931,0.4999186396598816,1.3694551048715198e-09,0,nan,nan,nan,nan,nan,5337873,9.55999756757788e-06,0.4989224076271057,9.288480581529402e-18,0,nan,nan,nan,nan,nan
P1,FNH_PA10.nii.gz,19703154,0.0001432562699377532,0.49995696544647217,3.7853251342312433e-06,0,nan,nan,nan,nan,nan,19822526,8.346134974894941e-05,0.4999762177467346,5.111544965075154e-07,0,nan,nan,nan,nan,nan,19813715,6.274961764896411e-05,0.4999980926513672,1.0015836551247048e-06,0,nan,nan,nan,nan,nan,19874348,7.915745963271817e-06,0.4977078437805176,4.158467596963519e-15,0,nan,nan,nan,nan,nan,18839180,0.0004863477103301342,0.4998975098133087,0.00011168492346769199,65869,1.229492681886768e-06,0.12131327615547481,0.49999940395355225,0.3531342148780823,0.4258323013782501,19769186,0.00027026407293847415,0.4999675750732422,1.454081302654231e-05,0,nan,nan,nan,nan,nan,19869945,2.42286899293626e-05,0.49912089109420776,3.994371056137425e-09,0,nan,nan,nan,nan,nan,19860688,2.6939614665599307e-05,0.4998535215854645,3.867156372905356e-09,0,nan,nan,nan,nan,nan,19874180,5.833474509406462e-05,0.4999138116836548,9.407457213228554e-08,0,nan,nan,nan,nan,nan,19837703,9.677535599145602e-05,0.4998045861721039,1.0958281109196832e-06,0,nan,nan,nan,nan,nan,19889995,4.848694821806822e-06,0.49928992986679077,3.380978656764011e-12,0,nan,nan,nan,nan,nan
P1,FNH_PA32.nii.gz,4293009,0.00015520640705473472,0.49989083409309387,8.12975784469927e-08,0,nan,nan,nan,nan,nan,4292385,8.234277795277255e-05,0.4992353618144989,1.0041158127194194e-08,0,nan,nan,nan,nan,nan,4290194,8.290983599008308e-05,0.49986353516578674,2.2133724186801373e-08,0,nan,nan,nan,nan,nan,4317861,2.0598581688479832e-05,0.4979097843170166,7.042342765674335e-18,0,nan,nan,nan,nan,nan,4020493,0.0009000195835713135,0.4999527931213379,6.728374137310311e-05,23350,1.4124485687716515e-06,0.08276561833395747,0.49995267391204834,0.30624648928642273,0.3999726474285126,4304144,0.00020325683164074327,0.499992311000824,6.164902970340336e-07,0,nan,nan,nan,nan,nan,4316972,3.895566502835524e-05,0.4995054006576538,8.777634175061166e-10,0,nan,nan,nan,nan,nan,4323780,2.99275206948751e-05,0.4999629855155945,9.11695330341189e-10,0,nan,nan,nan,nan,nan,4322639,3.470330803092549e-05,0.4989214539527893,2.2297952373406815e-09,0,nan,nan,nan,nan,nan,4310711,9.900557599967971e-05,0.4990009367465973,4.582672374908725e-08,0,nan,nan,nan,nan,nan,4324841,5.992691796856913e-06,0.49624013900756836,1.1867555854314874e-14,0,nan,nan,nan,nan,nan
P1,HCC_10020116_20180118.nii.gz,3225314,0.0006114176428017239,0.4999617338180542,3.870619366352912e-06,0,nan,nan,nan,nan,nan,3283491,0.0002573116618914944,0.4999173879623413,1.946482598214061e-06,0,nan,nan,nan,nan,nan,3284568,0.00037732387917700446,0.49998795986175537,1.9988918211311102e-05,0,nan,nan,nan,nan,nan,3310654,6.649279371727459e-06,0.49674251675605774,1.9477745960878026e-18,0,nan,nan,nan,nan,nan,3032797,0.001842198455531633,0.4999844431877136,0.000724781071767211,37685,1.2122143295666826e-13,0.14265975031612488,0.49993640184402466,0.40294429659843445,0.4511430859565735,3287181,0.0006910552916016074,0.4999995231628418,6.159912300063297e-05,0,nan,nan,nan,nan,nan,3292721,0.00017697359620426567,0.4994252324104309,2.9143466235836968e-06,0,nan,nan,nan,nan,nan,3309463,6.735234901946055e-05,0.49886414408683777,1.4307885010111931e-07,0,nan,nan,nan,nan,nan,3306238,9.301643454071678e-05,0.49958544969558716,3.790822863947163e-11,0,nan,nan,nan,nan,nan,3297194,0.0004370757696595757,0.4996797740459442,2.0942670744261704e-06,0,nan,nan,nan,nan,nan,3311609,1.663022980797077e-12,1.4699163557452266e-06,9.614291308382401e-18,0,nan,nan,nan,nan,nan
P1,HCC_10074592_20130816.nii.gz,4549005,0.00036001910932111623,0.49997133016586304,1.2076693565177266e-06,0,nan,nan,nan,nan,nan,4585203,0.0002699187055305904,0.4999732971191406,8.889060154615436e-07,0,nan,nan,nan,nan,nan,4580989,0.0003275047541623772,0.49977895617485046,3.789143192989286e-06,0,nan,nan,nan,nan,nan,4601296,4.5734710095924985e-05,0.4997045397758484,3.522009316797684e-18,0,nan,nan,nan,nan,nan,4329374,0.0010594788530461333,0.4998988211154938,9.461262379772961e-05,16970,8.568767917438436e-09,0.12022255692555932,0.49993813037872314,0.3797551989555359,0.4430839419364929,4561798,0.0009661659528957792,0.4999810457229614,2.2888792955200188e-05,0,nan,nan,nan,nan,nan,4594415,0.00013033821391036018,0.49990639090538025,1.6241032199104666e-06,0,nan,nan,nan,nan,nan,4605563,7.747401685374164e-05,0.49914196133613586,3.209707344353774e-08,0,nan,nan,nan,nan,nan,4602464,0.00018459797635724638,0.4999050199985504,2.105879248759379e-09,0,nan,nan,nan,nan,nan,4591403,0.0003429332314379213,0.4999741315841675,9.014727879730344e-07,0,nan,nan,nan,nan,nan,4610604,3.196240373628835e-05,0.496631920337677,1.2281577664585708e-12,0,nan,nan,nan,nan,nan
P1,HCC_10076307_20130925.nii.gz,4197057,0.00033738527600546116,0.4998241066932678,1.3313963336258894e-06,0,nan,nan,nan,nan,nan,4257210,0.00011343179623482019,0.49981921911239624,1.2814671990213355e-08,0,nan,nan,nan,nan,nan,4252047,0.0003292075213816956,0.499539315700531,3.578676569304662e-06,0,nan,nan,nan,nan,nan,4271632,1.535151084232836e-05,0.4946933388710022,8.112878260079238e-18,0,nan,nan,nan,nan,nan,4001268,0.0009676322929830335,0.49988308548927307,0.00017630278307478875,25231,3.587386637748935e-11,0.11519391899650448,0.49986156821250916,0.37788698077201843,0.441591739654541,4239335,0.0008862154853620842,0.4998750388622284,9.823685104493052e-06,0,nan,nan,nan,nan,nan,4255693,0.00010141074140402156,0.4999130666255951,2.6901196292783425e-07,0,nan,nan,nan,nan,nan,4272519,6.291680907525385e-05,0.49876561760902405,9.162013370200839e-09,0,nan,nan,nan,nan,nan,4271105,0.0001462270268456803,0.4991934299468994,1.676987548826503e-09,0,nan,nan,nan,nan,nan,4262536,0.0003234701630579006,0.4999966621398926,6.037620323695592e-07,0,nan,nan,nan,nan,nan,4277120,4.261570307461615e-05,0.49891528487205505,2.932438227789755e-15,0,nan,nan,nan,nan,nan
P1,HCC_10136895_20170421.nii.gz,4297020,0.0011803575148389694,0.4999827742576599,2.8058007046638522e-06,0,nan,nan,nan,nan,nan,4385787,0.0001849022818251118,0.49996888637542725,1.2668098179346998e-06,0,nan,nan,nan,nan,nan,4387901,0.0003836424265599896,0.4999903440475464,1.0201207487625652e-06,0,nan,nan,nan,nan,nan,4413225,8.253815922833069e-16,2.9548588575956103e-10,1.9777426879361087e-17,0,nan,nan,nan,nan,nan,4093867,0.0018658520316140364,0.4999621510505676,0.0005406502750702202,27633,3.235798658351996e-06,0.13746197787784775,0.49997174739837646,0.40049344301223755,0.4527572691440582,4354236,0.0011958670574105628,0.4999573230743408,9.289447916671634e-05,0,nan,nan,nan,nan,nan,4399445,0.00013770438091989637,0.4993950426578522,5.60050182230043e-07,0,nan,nan,nan,nan,nan,4408333,7.193016236330833e-05,0.49958211183547974,2.3602542142953098e-08,0,nan,nan,nan,nan,nan,4411317,7.485256632181088e-05,0.4999707341194153,3.823637406696889e-09,0,nan,nan,nan,nan,nan,4395953,0.00045952474308474375,0.49994802474975586,7.250134331115987e-06,0,nan,nan,nan,nan,nan,4413225,4.29711895182917e-17,1.4652206531406975e-11,1.5748814105127752e-17,0,nan,nan,nan,nan,nan
P1,HCC_10140276_20170721.nii.gz,3628432,0.0006632973330033507,0.499997615814209,5.3782914619660005e-06,0,nan,nan,nan,nan,nan,3654951,0.00023971688688959384,0.4997406303882599,1.0978324098687153e-06,0,nan,nan,nan,nan,nan,3656804,0.0003046611455462535,0.4994885325431824,3.723622967299889e-06,0,nan,nan,nan,nan,nan,3671240,1.246328707497542e-05,0.49991607666015625,9.248570109590454e-17,0,nan,nan,nan,nan,nan,3417373,0.0016152142337713914,0.4999943971633911,0.00032503585680387914,32141,1.331166822637897e-05,0.11634448294898489,0.4999402165412903,0.3720245361328125,0.4364185035228729,3603373,0.001831829160607833,0.4999921917915344,7.606729195686057e-05,0,nan,nan,nan,nan,nan,3659230,6.308419199439615e-05,0.4998118281364441,2.969269417008036e-07,0,nan,nan,nan,nan,nan,3667453,5.532225644045353e-05,0.498891681432724,8.473627133298578e-09,0,nan,nan,nan,nan,nan,3668585,7.3203949008926e-05,0.49938035011291504,1.4166088302403068e-09,0,nan,nan,nan,nan,nan,3655884,0.0004145782362848396,0.49994248151779175,8.386002718907548e-07,0,nan,nan,nan,nan,nan,3670656,3.0813946591804355e-05,0.4999716281890869,1.3285134277396526e-11,0,nan,nan,nan,nan,nan
P1,HCC_10142924_20170911.nii.gz,3381602,0.00040464083404533914,0.4999507665634155,2.0869373429377447e-07,0,nan,nan,nan,nan,nan,3448695,0.0001951483506841268,0.49993789196014404,1.1977717804256827e-06,0,nan,nan,nan,nan,nan,3447979,0.00010764555302123393,0.4997800290584564,5.840822723257588e-07,0,nan,nan,nan,nan,nan,3462014,1.3740811318974711e-05,0.4979900121688843,1.0339890005810854e-18,0,nan,nan,nan,nan,nan,3246310,0.0008267390912741934,0.49994975328445435,7.319699216168374e-05,22247,3.409798803567626e-24,0.07909289135359239,0.4998699724674225,0.3141481578350067,0.4049704074859619,3400758,0.0014364552410436745,0.4999496340751648,3.386494790902361e-05,0,nan,nan,nan,nan,nan,3456410,3.7832576297630466e-05,0.498322993516922,1.417018613558696e-09,0,nan,nan,nan,nan,nan,3464513,4.520030948922065e-05,0.49883103370666504,9.649415294576968e-11,0,nan,nan,nan,nan,nan,3464128,2.0686181792848416e-05,0.499502569437027,3.724499875179532e-11,0,nan,nan,nan,nan,nan,3448429,0.0003047961487519986,0.49972930550575256,5.82961604322918e-07,0,nan,nan,nan,nan,nan,3466245,1.336164531194716e-05,0.49740612506866455,6.23768667824782e-16,0,nan,nan,nan,nan,nan
P1,HCC_10147777_20171222.nii.gz,3466648,0.0002133072350982444,0.49999696016311646,1.4005535149408388e-06,0,nan,nan,nan,nan,nan,3465339,0.00038768127209926854,0.4996286928653717,3.2631558042339748e-06,0,nan,nan,nan,nan,nan,3465702,0.0003012207238370502,0.4997469186782837,4.213980844269827e-07,0,nan,nan,nan,nan,nan,3488661,1.65892978971165e-05,0.4999905228614807,2.6175561383979124e-17,0,nan,nan,nan,nan,nan,3191207,0.0020051601247243244,0.49999678134918213,0.000546968833077699,22086,1.1342053767293692e-06,0.1237827543935039,0.49997931718826294,0.3835247755050659,0.4408385753631592,3412154,0.0015706377874571114,0.4999237656593323,6.184104859130457e-05,0,nan,nan,nan,nan,nan,3479126,0.00013932945163307737,0.4999035894870758,6.334622639769805e-07,0,nan,nan,nan,nan,nan,3485052,6.77989273883599e-05,0.49890780448913574,2.2710082703270018e-08,0,nan,nan,nan,nan,nan,3487404,0.00010446509641109659,0.4994732439517975,1.2749833189218407e-08,0,nan,nan,nan,nan,nan,3468507,0.0005128021278854064,0.4999922513961792,5.296301424095873e-06,0,nan,nan,nan,nan,nan,3490961,8.500525897604391e-06,0.4980011284351349,1.7028557671604954e-15,0,nan,nan,nan,nan,nan
P1,HCC_PA0.nii.gz,23910217,0.0006653851848524869,0.4999878406524658,4.853670543525368e-05,0,nan,nan,nan,nan,nan,24179400,1.2776086635897867e-17,3.30942673439083e-12,1.79903842296403e-18,0,nan,nan,nan,nan,nan,24123640,0.000256818739423488,0.49993896484375,3.6937769891665084e-06,0,nan,nan,nan,nan,nan,24151596,2.6208332778888986e-05,0.4996674954891205,2.2923600517810172e-11,0,nan,nan,nan,nan,nan,22758630,0.0008670187570282537,0.49997949600219727,0.0003315428039059043,40407,5.099277041153982e-05,0.16788668870172818,0.4999908208847046,0.407900333404541,0.4542885422706604,24044356,0.0004519367649670491,0.499935507774353,6.380391278071329e-05,0,nan,nan,nan,nan,nan,24112046,9.538166944564764e-05,0.4999427795410156,1.0957139693346107e-06,0,nan,nan,nan,nan,nan,24130725,4.905198237761297e-05,0.49985769391059875,3.96506891320314e-07,0,nan,nan,nan,nan,nan,24146124,0.00012709464252734617,0.49994730949401855,3.042860953428317e-06,0,nan,nan,nan,nan,nan,24103992,0.00016212790884445583,0.4999971389770508,6.841324193374021e-06,0,nan,nan,nan,nan,nan,24170750,2.0069550136699783e-05,0.49853017926216125,6.295288290658618e-09,0,nan,nan,nan,nan,nan
P1,HEM_PA101.nii.gz,14417493,0.0015923583453349105,0.499991774559021,2.0468951333896257e-05,0,nan,nan,nan,nan,nan,14426399,0.0005217644707834861,0.49998098611831665,4.1695503227856534e-07,0,nan,nan,nan,nan,nan,14470596,0.0007871113575535675,0.4999964237213135,1.035098193824524e-05,0,nan,nan,nan,nan,nan,14550214,1.0872772018573449e-16,1.985935504586478e-12,2.5757178724105723e-16,0,nan,nan,nan,nan,nan,13405139,0.0015436037744561142,0.4999966025352478,0.00020394207967910916,382760,1.225771950567138e-16,0.06137495501306275,0.49998676776885986,0.2554333508014679,0.3735588490962982,14531997,0.00012642890813383976,0.49980631470680237,5.826481519477511e-10,0,nan,nan,nan,nan,nan,14550075,1.2079869568358311e-05,0.499490886926651,1.0851769380012047e-14,0,nan,nan,nan,nan,nan,14550214,2.0207266327688342e-16,1.5008823177342645e-12,6.45490933636237e-16,0,nan,nan,nan,nan,nan,14550214,1.2886125235777388e-16,1.42496409637205e-12,3.591478194571153e-16,0,nan,nan,nan,nan,nan,14517672,0.00029766892202034046,0.49998342990875244,4.32960467477983e-09,0,nan,nan,nan,nan,nan,14550214,1.4925469080198435e-16,5.922522021417631e-12,3.676737089970423e-16,0,nan,nan,nan,nan,nan
P1,HEM_PA107.nii.gz,11689468,0.0009833325909481454,0.49998533725738525,5.092054834676674e-06,0,nan,nan,nan,nan,nan,11731949,0.0002337289066157904,0.4999939203262329,9.825816249531272e-08,0,nan,nan,nan,nan,nan,11760555,0.00018698281627989722,0.49989941716194153,3.9916176917606516e-14,0,nan,nan,nan,nan,nan,11773125,7.37353708482936e-17,1.280254006107151e-12,1.3685119576049625e-16,0,nan,nan,nan,nan,nan,10914765,0.0017019339759779678,0.49999260902404785,0.00040661540697328746,332920,1.919073496783744e-18,0.05752399877350213,0.4999985694885254,0.24332790076732635,0.3667635917663574,11763927,0.0001399942406550237,0.4997898042201996,2.489971119915002e-12,0,nan,nan,nan,nan,nan,11772621,1.3576350750879885e-06,0.48100709915161133,3.782781379801925e-15,0,nan,nan,nan,nan,nan,11773125,1.7562637309231524e-16,1.2990986324873388e-12,3.6914884334446525e-16,0,nan,nan,nan,nan,nan,11773125,8.198861814992896e-17,7.215679876521053e-13,1.9773426964791026e-16,0,nan,nan,nan,nan,nan,11753593,0.00017074896266057156,0.4999953508377075,1.1352148604829027e-12,0,nan,nan,nan,nan,nan,11773125,1.1189240767573123e-16,1.7724368847615857e-11,1.8963701848396337e-16,0,nan,nan,nan,nan,nan
P1,HEM_PA13.nii.gz,6120238,0.0005984215311810599,0.4999963641166687,7.544360300926201e-07,0,nan,nan,nan,nan,nan,6211579,0.00018794430548831002,0.4999118149280548,6.375273642333923e-08,0,nan,nan,nan,nan,nan,6216712,0.0001689325758642579,0.4999082386493683,1.5116294207473402e-06,0,nan,nan,nan,nan,nan,6241226,1.1065616569633501e-05,0.4978156089782715,8.821543743188119e-18,0,nan,nan,nan,nan,nan,5776750,0.000914370425458462,0.49998700618743896,5.4333650041371584e-05,33017,2.2668245319018565e-12,0.10322558390801886,0.4999978542327881,0.35685959458351135,0.4297318160533905,6164021,0.0005791019912565515,0.49986305832862854,3.021549446202698e-06,0,nan,nan,nan,nan,nan,6230497,5.159203533123113e-05,0.4984087347984314,3.173654405941306e-08,0,nan,nan,nan,nan,nan,6235336,8.900480174229974e-05,0.4995512366294861,3.7186012047385475e-09,0,nan,nan,nan,nan,nan,6232187,0.0001298482372592136,0.4997921884059906,8.353326919063875e-10,0,nan,nan,nan,nan,nan,6218705,0.00025114603474186964,0.4998078942298889,6.76109721098328e-07,0,nan,nan,nan,nan,nan,6241335,2.2186114159009154e-05,0.4981553852558136,1.3204028799160272e-12,0,nan,nan,nan,nan,nan
P1,HEM_PA24.nii.gz,4548991,0.00025453872016463757,0.49982017278671265,5.8724893392536615e-08,0,nan,nan,nan,nan,nan,4544345,0.00014634726244240403,0.4999855160713196,3.8972950733295875e-07,0,nan,nan,nan,nan,nan,4535203,0.0003014823293312442,0.49996960163116455,1.4348263732699706e-07,0,nan,nan,nan,nan,nan,4577650,1.5746795796060426e-08,0.03289467468857765,4.271535867805458e-18,0,nan,nan,nan,nan,nan,4260921,0.000962098455537448,0.49995851516723633,2.888605376938358e-05,18980,2.9555355922639137e-06,0.13367768081378548,0.49998700618743896,0.3854277729988098,0.44140639901161194,4524827,0.0005471344910138781,0.4997187554836273,3.0931548735679826e-06,0,nan,nan,nan,nan,nan,4566285,7.419626094770152e-05,0.49909523129463196,1.7072682156893393e-09,0,nan,nan,nan,nan,nan,4570781,4.0840689512253204e-05,0.4996321499347687,2.279500199708906e-10,0,nan,nan,nan,nan,nan,4568494,0.00014711288642207615,0.49990180134773254,1.2148252181987118e-08,0,nan,nan,nan,nan,nan,4562746,0.0002463035708003098,0.4999430179595947,2.3330827048084757e-07,0,nan,nan,nan,nan,nan,4575130,1.1166809047709182e-05,0.4994441568851471,7.297671086892916e-18,0,nan,nan,nan,nan,nan
P1,HEM_PA29.nii.gz,15706835,0.0012803141812706119,0.49999094009399414,1.004112527880352e-05,0,nan,nan,nan,nan,nan,15783067,0.00011459208847086805,0.4998789131641388,2.2815981992607703e-08,0,nan,nan,nan,nan,nan,15831634,0.00015796012759724314,0.4999277591705322,2.4226800781983714e-14,0,nan,nan,nan,nan,nan,15843044,1.8525106247939987e-16,1.8698147197238058e-11,4.2706845335190187e-16,0,nan,nan,nan,nan,nan,14310633,0.0017091291457420118,0.49998509883880615,0.0003162329667247832,514475,1.7612616530754045e-19,0.0848578561040095,0.49999499320983887,0.315570592880249,0.40598341822624207,15761425,0.00048452797115039204,0.4999999403953552,5.96904359273509e-10,0,nan,nan,nan,nan,nan,15840057,3.491254682125833e-05,0.4996607303619385,5.4796851734970065e-14,0,nan,nan,nan,nan,nan,15843044,4.4009761619805457e-16,2.4472706847133985e-12,1.1519717962876633e-15,0,nan,nan,nan,nan,nan,15843044,6.029739838365956e-15,5.514386725025133e-09,6.582669433379104e-16,0,nan,nan,nan,nan,nan,15789480,0.00034657302946116466,0.4999675750732422,3.7618878678813417e-08,0,nan,nan,nan,nan,nan,15843044,2.41518808728555e-16,1.2466798426924441e-11,6.408998562434411e-16,0,nan,nan,nan,nan,nan
P1,HEM_PA34.nii.gz,6055819,0.00023004027645580564,0.4997485876083374,5.930186475211485e-08,0,nan,nan,nan,nan,nan,6065993,0.00011468432243899426,0.49994349479675293,1.3696764256110328e-07,0,nan,nan,nan,nan,nan,6048759,0.00018023239407588925,0.49988511204719543,5.670530072166002e-07,0,nan,nan,nan,nan,nan,6091724,7.397951700609848e-06,0.4975963234901428,1.9923095866773513e-18,0,nan,nan,nan,nan,nan,5726412,0.0005970626144708808,0.4999464750289917,2.461313306412194e-05,19858,1.0592873422865523e-07,0.11062973047049104,0.4998954236507416,0.36604806780815125,0.436120867729187,6037206,0.0006656276710771077,0.49998390674591064,1.000984866550425e-06,0,nan,nan,nan,nan,nan,6087792,1.8204010508257964e-05,0.49893665313720703,6.37668954098225e-12,0,nan,nan,nan,nan,nan,6090047,2.8804195835478236e-05,0.49865785241127014,3.220805783535341e-12,0,nan,nan,nan,nan,nan,6090530,4.037926083318846e-05,0.4991048574447632,4.310431785808921e-12,0,nan,nan,nan,nan,nan,6077136,0.0001479595306596068,0.49972859025001526,1.132192739561333e-08,0,nan,nan,nan,nan,nan,6095142,3.748205753941743e-06,0.49444153904914856,1.9953540249218527e-17,0,nan,nan,nan,nan,nan
P1,HEM_PA56.nii.gz,4243781,9.637461218777185e-05,0.49992799758911133,3.674403448172825e-09,0,nan,nan,nan,nan,nan,4249425,7.699553826620506e-05,0.4999300241470337,2.6775943240409106e-08,0,nan,nan,nan,nan,nan,4245006,9.734774441001674e-05,0.4997226893901825,3.6919246326760913e-07,0,nan,nan,nan,nan,nan,4277542,8.397958030285431e-06,0.49767205119132996,4.2971496447201335e-20,0,nan,nan,nan,nan,nan,3883150,0.000703510797789752,0.49999403953552246,5.4818421631352976e-05,17982,6.095221124269301e-06,0.13294873771736915,0.4999655485153198,0.3816055357456207,0.4394977390766144,4241733,0.0002706123030750126,0.49986591935157776,1.6826895716803847e-06,0,nan,nan,nan,nan,nan,4269703,3.370226535799521e-05,0.499341756105423,1.8874485308018052e-10,0,nan,nan,nan,nan,nan,4272793,3.1937973975563384e-05,0.4974679946899414,1.973801955212906e-10,0,nan,nan,nan,nan,nan,4275768,4.376038571842443e-05,0.49826285243034363,1.7087563586315468e-09,0,nan,nan,nan,nan,nan,4268138,7.92616506950591e-05,0.4999428391456604,9.476411122477657e-08,0,nan,nan,nan,nan,nan,4278920,3.6165741786347347e-06,0.49325382709503174,5.768339369427108e-16,0,nan,nan,nan,nan,nan
P1,HEM_PA66.nii.gz,3584928,9.471434892270841e-05,0.4986812174320221,4.2414121992351284e-08,0,nan,nan,nan,nan,nan,3572430,6.489776286827113e-05,0.49963507056236267,3.1470662187338405e-10,0,nan,nan,nan,nan,nan,3572870,0.00010107087214883557,0.4999401569366455,1.6045430584199494e-07,0,nan,nan,nan,nan,nan,3598298,6.634326604729442e-06,0.4995864927768707,7.467325320002008e-21,0,nan,nan,nan,nan,nan,3356928,0.0004768716657604575,0.49953213334083557,2.963556289614644e-05,6301,2.6897845600615256e-05,0.17515653372693735,0.49996787309646606,0.4168829917907715,0.46120384335517883,3582401,0.0002205555191428573,0.49994540214538574,6.954379614398931e-07,0,nan,nan,nan,nan,nan,3591086,4.254212305858043e-05,0.4993106722831726,8.941156703912156e-10,0,nan,nan,nan,nan,nan,3587319,4.27162444586174e-05,0.4995870292186737,2.2984412983984015e-10,0,nan,nan,nan,nan,nan,3592382,7.317071128532219e-05,0.49894899129867554,2.64657362691878e-09,0,nan,nan,nan,nan,nan,3587662,0.00023920768872773398,0.49956241250038147,2.610727278806735e-07,0,nan,nan,nan,nan,nan,3600033,4.598750957463476e-06,0.495339035987854,1.1417091450987302e-15,0,nan,nan,nan,nan,nan
P1,HEM_PA81.nii.gz,15050544,0.001234555754216058,0.49999070167541504,3.8133105135784717e-06,0,nan,nan,nan,nan,nan,15126798,0.0002718579776671122,0.49998724460601807,1.6299475547043585e-08,0,nan,nan,nan,nan,nan,15131027,0.00017888564446871135,0.4999433159828186,1.070127873033927e-14,0,nan,nan,nan,nan,nan,15167488,1.8365220593360668e-16,7.362787463049969e-12,4.473817327951585e-16,0,nan,nan,nan,nan,nan,13446507,0.0024109530972994202,0.49999940395355225,0.0011021253885701299,166487,8.271374138727177e-15,0.14462190376250797,0.49998533725738525,0.4005933403968811,0.45031607151031494,15138553,0.0002682171151478124,0.4999352693557739,2.811222435394889e-11,0,nan,nan,nan,nan,nan,15149620,4.117927654133525e-05,0.49997198581695557,4.533593118971613e-12,0,nan,nan,nan,nan,nan,15167488,4.3380094980149804e-16,5.804935959002888e-12,1.1828619232037252e-15,0,nan,nan,nan,nan,nan,15167488,8.940313128306915e-16,5.701462565954607e-11,7.221520211044019e-16,0,nan,nan,nan,nan,nan,15115371,0.0003372721366709691,0.4999903440475464,4.513436380193525e-08,0,nan,nan,nan,nan,nan,15167488,1.5377610341014094e-16,3.4727776210274897e-12,4.2108882426076014e-16,0,nan,nan,nan,nan,nan
P1,HEM_PA89.nii.gz,7388506,0.0006804321340772469,0.4999813437461853,3.4669562865019543e-07,0,nan,nan,nan,nan,nan,7421878,0.00019137404964222077,0.4999861717224121,2.238028713463791e-07,0,nan,nan,nan,nan,nan,7409737,0.0004559530702791585,0.49998992681503296,1.1946451650146628e-06,0,nan,nan,nan,nan,nan,7432243,7.802276606308639e-17,2.1528651257540776e-12,7.2212688804867e-17,0,nan,nan,nan,nan,nan,6700138,0.0014485824399828773,0.49997973442077637,9.785118163563311e-05,326538,1.7664367534814776e-18,0.0616638681473671,0.49999862909317017,0.24452082812786102,0.36028873920440674,7426994,0.00016412391186195813,0.4998658001422882,6.08479602424647e-14,0,nan,nan,nan,nan,nan,7414271,7.461477852947532e-05,0.4994162619113922,3.3644278474298517e-09,0,nan,nan,nan,nan,nan,7425887,8.98925026008828e-05,0.4998592436313629,6.027301596191192e-13,0,nan,nan,nan,nan,nan,7432243,3.132467316134042e-07,0.09650346636772156,5.3852498090208034e-14,0,nan,nan,nan,nan,nan,7410968,0.0004160500028976153,0.4999709129333496,9.698015901449253e-07,0,nan,nan,nan,nan,nan,7432243,1.0111286623140389e-16,9.187463290150077e-12,1.2491038701459517e-16,0,nan,nan,nan,nan,nan
P1,HEM_PA97.nii.gz,11156114,0.0014792432836150836,0.4999839663505554,2.8912372727063484e-05,0,nan,nan,nan,nan,nan,11302582,0.0003673393463730477,0.4999939799308777,5.949455044174101e-07,0,nan,nan,nan,nan,nan,11296025,0.000363292915682415,0.499925434589386,6.800682058383245e-06,0,nan,nan,nan,nan,nan,11338632,8.734701324521741e-17,2.593664519268124e-11,1.1114292524816059e-16,0,nan,nan,nan,nan,nan,10423665,0.0018490564373008502,0.4999889135360718,0.0005178845603950322,138390,1.9246892259623664e-18,0.12708749552787546,0.4999997019767761,0.3891383409500122,0.44592392444610596,11279138,0.0006506917971256927,0.49994713068008423,2.658129687915789e-06,0,nan,nan,nan,nan,nan,11316515,8.346012687248674e-05,0.4995556175708771,3.5122005130616696e-12,0,nan,nan,nan,nan,nan,11338304,1.5458528599819837e-05,0.4997729957103729,4.7981803365313835e-15,0,nan,nan,nan,nan,nan,11338399,6.361498384089725e-06,0.49812284111976624,5.010147472845575e-16,0,nan,nan,nan,nan,nan,11309465,0.0003204321503695684,0.4999673366546631,3.407233180041658e-07,0,nan,nan,nan,nan,nan,11338632,1.0999701526630488e-16,1.7209220160019356e-11,1.459147659334725e-16,0,nan,nan,nan,nan,nan
P1,HEM_PA99.nii.gz,17993724,0.0022011323713318626,0.4999936819076538,0.0001267885381821543,0,nan,nan,nan,nan,nan,18246910,0.0001004443764019343,0.4999568462371826,1.112490616528251e-14,0,nan,nan,nan,nan,nan,18231562,0.00022166672021833463,0.4999281167984009,1.6574187768764181e-13,0,nan,nan,nan,nan,nan,18264162,1.8892920775624873e-16,2.520105435097064e-12,4.570882009751007e-16,0,nan,nan,nan,nan,nan,16608349,0.00396820835567766,0.4999939203262329,0.00492590107023716,218343,3.0388532533543583e-16,0.11303707410400819,0.4999995231628418,0.3615700900554657,0.4312363862991333,18185425,0.000593617220429688,0.49998801946640015,7.627793507936076e-08,0,nan,nan,nan,nan,nan,18259521,4.343927819446489e-05,0.4991919994354248,5.546693611141115e-14,0,nan,nan,nan,nan,nan,18264162,3.621998588474535e-16,3.209448548938121e-12,1.1763207112685538e-15,0,nan,nan,nan,nan,nan,18264162,1.7503541218848484e-16,5.024538944631285e-12,4.959696602320333e-16,0,nan,nan,nan,nan,nan,18241419,0.0001809332495773773,0.4999614357948303,2.5267181680277417e-09,0,nan,nan,nan,nan,nan,18264162,6.734900679423426e-12,4.669556801673025e-06,9.45135138534991e-16,0,nan,nan,nan,nan,nan
P1,HEP_PA28.nii.gz,7683018,0.0004798509180736213,0.49998313188552856,1.8603756757329393e-07,0,nan,nan,nan,nan,nan,7697367,0.000256646584536199,0.49996405839920044,1.193948378386267e-06,0,nan,nan,nan,nan,nan,7685827,0.00030241501122321853,0.4998152256011963,2.6577663447824307e-06,0,nan,nan,nan,nan,nan,7724090,1.3341261279948207e-16,6.941929236309319e-12,2.4977574893408786e-16,0,nan,nan,nan,nan,nan,6648648,0.0029531633102643047,0.4999995827674866,0.0009924251353368163,598264,1.5953297714968926e-20,0.04214097871504909,0.4999966621398926,0.1604749858379364,0.31288599967956543,7697591,0.00027215998809158426,0.49983638525009155,8.750132237701769e-14,0,nan,nan,nan,nan,nan,7713425,0.00010054156843217909,0.49973443150520325,8.462285983057427e-09,0,nan,nan,nan,nan,nan,7724090,9.20760206401919e-09,0.014411051757633686,9.383083706174765e-16,0,nan,nan,nan,nan,nan,7724090,1.4392892515589016e-16,1.112119402645051e-12,3.5486826490045177e-16,0,nan,nan,nan,nan,nan,7714961,0.00017001405138095945,0.4999884366989136,3.544804894062281e-09,0,nan,nan,nan,nan,nan,7724090,1.5031039555286535e-16,4.3963365933819e-12,3.3333171106268234e-16,0,nan,nan,nan,nan,nan
P1,ICC_PA18.nii.gz,19624653,0.0003892800395451185,0.4999259114265442,1.7718404023980838e-06,0,nan,nan,nan,nan,nan,19785641,0.00010141550601567885,0.4999961853027344,1.267928269044205e-06,0,nan,nan,nan,nan,nan,19797639,8.929280917973079e-05,0.4999690055847168,8.733008485251048e-07,0,nan,nan,nan,nan,nan,19874669,2.8124628285483763e-06,0.4976215660572052,4.0470087676013067e-13,0,nan,nan,nan,nan,nan,18782459,0.000678775111834208,0.49998533725738525,0.00020933969062753022,55912,5.501378268490953e-07,0.12457332609551618,0.49998438358306885,0.3688921332359314,0.4348755478858948,19737964,0.00021979687769843227,0.49991360306739807,1.2386483831505757e-05,0,nan,nan,nan,nan,nan,19811632,7.264705626872117e-05,0.49998247623443604,9.276508876610023e-07,0,nan,nan,nan,nan,nan,19845452,6.840939124359006e-05,0.4999580383300781,1.0213398837777277e-07,0,nan,nan,nan,nan,nan,19842752,7.284362833415366e-05,0.49988630414009094,1.2829801221414527e-07,0,nan,nan,nan,nan,nan,19825435,0.00012983120196988256,0.4999176263809204,6.317781640063913e-07,0,nan,nan,nan,nan,nan,19866581,1.9292006851077486e-05,0.4997701048851013,4.730026925692243e-10,0,nan,nan,nan,nan,nan
P1,MET_PA13.nii.gz,5380952,0.0002756424567893679,0.4999645948410034,6.376123451445892e-08,0,nan,nan,nan,nan,nan,5394486,0.00013468845774666473,0.4998001754283905,3.026689299190366e-08,0,nan,nan,nan,nan,nan,5381791,0.000203493587092075,0.4999361038208008,3.598837849949632e-07,0,nan,nan,nan,nan,nan,5424265,1.7141403637723086e-05,0.49689528346061707,8.619800182050723e-18,0,nan,nan,nan,nan,nan,5184149,0.000644739579695115,0.4999059736728668,7.398390607704641e-06,14820,1.2116895757151996e-13,0.1099021770145319,0.49995267391204834,0.35754531621932983,0.4257444441318512,5372302,0.0005878252521605207,0.49971917271614075,3.6750567034005144e-08,0,nan,nan,nan,nan,nan,5416942,3.326565087104685e-05,0.4979008138179779,1.7659615991760802e-09,0,nan,nan,nan,nan,nan,5419898,2.3769741894647396e-05,0.49957531690597534,9.191856260512554e-13,0,nan,nan,nan,nan,nan,5420239,9.467871513802892e-05,0.49992597103118896,1.266485939559192e-12,0,nan,nan,nan,nan,nan,5411540,0.0002690158925238718,0.4999786615371704,1.70174985214544e-08,0,nan,nan,nan,nan,nan,5426502,8.330975234844835e-06,0.4997749626636505,9.254011965404318e-18,0,nan,nan,nan,nan,nan
P1,MET_PA19.nii.gz,5290247,0.0002923083616034142,0.4998168349266052,1.9721481692158704e-07,0,nan,nan,nan,nan,nan,5296323,9.90130234271152e-05,0.49953991174697876,4.088045812977725e-08,0,nan,nan,nan,nan,nan,5305346,0.00020725127652942884,0.49983590841293335,1.9071512724622153e-06,0,nan,nan,nan,nan,nan,5318784,4.161112120413397e-18,2.7718081193998934e-13,5.6301026825365326e-18,0,nan,nan,nan,nan,nan,5063363,0.0006564917936331034,0.4999321699142456,1.467876154492842e-05,13445,5.2038384268371374e-08,0.13992231257458634,0.4999315142631531,0.39674949645996094,0.44829243421554565,5249032,0.000840701487049924,0.4999384880065918,1.3621952348330524e-06,0,nan,nan,nan,nan,nan,5309609,7.015874761208717e-05,0.49980494379997253,1.1678329414621658e-09,0,nan,nan,nan,nan,nan,5316362,4.368505547690952e-05,0.49962642788887024,9.494845881752312e-11,0,nan,nan,nan,nan,nan,5313045,9.553902394110425e-05,0.49993813037872314,1.4126875125426708e-13,0,nan,nan,nan,nan,nan,5300061,0.00022653610732403535,0.4999215602874756,1.36211664170105e-08,0,nan,nan,nan,nan,nan,5316218,1.9451850606900244e-05,0.49872249364852905,1.33247149979268e-16,0,nan,nan,nan,nan,nan
P1,MET_PA25.nii.gz,5239898,0.0003210427388844056,0.499957799911499,1.9555681518568235e-08,0,nan,nan,nan,nan,nan,5274843,0.0001680577902692759,0.49990299344062805,1.1904650421001861e-07,0,nan,nan,nan,nan,nan,5300208,0.00016694681569583508,0.4999063313007355,8.139750207192264e-07,0,nan,nan,nan,nan,nan,5307420,4.618428387146433e-06,0.4981174170970917,1.945038282621477e-18,0,nan,nan,nan,nan,nan,5057831,0.00100243833247728,0.4998878538608551,2.8857117285951972e-05,11429,2.1930257787516894e-07,0.1348604119559668,0.4999857544898987,0.3922450542449951,0.4469098746776581,5236203,0.0007395346540269521,0.4999901056289673,5.634291937894886e-06,0,nan,nan,nan,nan,nan,5292379,6.940131674167616e-05,0.49986663460731506,5.4549271766290985e-09,0,nan,nan,nan,nan,nan,5303490,4.8104386106493334e-05,0.4997490644454956,6.177071354418473e-11,0,nan,nan,nan,nan,nan,5299840,8.15031933384047e-05,0.49972590804100037,1.780488603775332e-11,0,nan,nan,nan,nan,nan,5290748,0.00031297653335685024,0.49987199902534485,1.4001665249452344e-07,0,nan,nan,nan,nan,nan,5305943,2.5046311998956097e-05,0.4996752440929413,2.6775892226636906e-14,0,nan,nan,nan,nan,nan
PreArtery,CYST_PA19.nii.gz,11906909,4.9439176069476556e-05,0.4994558095932007,2.7472790975480166e-07,15487,9.583244198196894e-10,0.059368998730872515,0.49981623888015747,0.24160584807395935,0.3595142364501953,11929145,1.8547812447553014e-05,0.4990158975124359,3.4297167417207675e-07,10330,1.8511936428211584e-09,0.0746008643882579,0.49975037574768066,0.2863609194755554,0.38651177287101746,11919751,2.445562378717362e-05,0.4976857602596283,8.993400797407958e-07,7930,1.097874786637476e-07,0.10436070543443936,0.49994564056396484,0.34865930676460266,0.4217695891857147,11993604,5.075975185766293e-06,0.4982815086841583,4.996883847451991e-14,6458,1.75296112283888e-29,0.021226752359253278,0.49973931908607483,0.032840531319379807,0.16544057428836823,10961707,0.0006493689223701356,0.49994921684265137,0.000357234530383721,96463,7.612760422048837e-10,0.10179645276300922,0.49999457597732544,0.3286214768886566,0.41117963194847107,11867263,0.00013172578359253116,0.49925413727760315,1.7170743376482278e-05,79252,1.2328838394637387e-08,0.03309419758718259,0.49990013241767883,0.09999344497919083,0.2365170270204544,11972384,2.7069895978759804e-05,0.4984153211116791,4.516178933045012e-07,8926,9.779756560135411e-09,0.05273084645281814,0.49910181760787964,0.20111118257045746,0.3396802544593811,12007820,4.0265858487654156e-05,0.49972936511039734,1.2026490026073589e-07,1353,3.5125882646980244e-08,0.06815480530087249,0.4993886649608612,0.26424309611320496,0.38124924898147583,12002540,4.0608322719903624e-05,0.4999089539051056,2.479808358657465e-07,7964,6.967128696883096e-13,0.04200525363512035,0.4987207055091858,0.16279089450836182,0.2966558337211609,11980457,6.859790125622082e-05,0.49984824657440186,9.916365115714143e-07,10564,4.036319889433315e-13,0.04631894155652077,0.4996378719806671,0.18987715244293213,0.32855889201164246,12019011,2.7292536243976885e-06,0.4998877942562103,1.2316275777024543e-10,4281,3.3521084942100127e-14,0.029141392665425297,0.499555379152298,0.08142059296369553,0.22815528512001038
PreArtery,CYST_PA20.nii.gz,9851415,3.139340177054873e-05,0.49983662366867065,9.397542299893757e-08,9734,1.1549113665410005e-08,0.08397375707977783,0.49992597103118896,0.31712138652801514,0.40838879346847534,9910019,2.3169844707807883e-05,0.49973443150520325,8.953243479936646e-09,7173,1.1559029558169676e-12,0.06296532731981064,0.49989059567451477,0.2595132291316986,0.37490150332450867,9906740,1.8529457352616802e-05,0.4987204670906067,5.474776187952557e-08,6413,1.814714067904788e-08,0.08046685657497231,0.49985936284065247,0.30166247487068176,0.39629828929901123,9943237,3.835267362637483e-06,0.4935119152069092,2.182272544928343e-19,8443,2.50234849893894e-28,0.018956870401877234,0.49908003211021423,0.019509611651301384,0.1442604809999466,9169264,0.0006924556115765912,0.49999481439590454,0.00018926736083813012,49385,3.337305827244563e-07,0.12799626169454667,0.4999743103981018,0.3738913834095001,0.43537309765815735,9835221,6.661522323681818e-05,0.4979898929595947,1.3355092050915118e-05,35020,3.932173336940181e-11,0.05362561401323791,0.49998563528060913,0.20688070356845856,0.33407118916511536,9928396,4.4986948190140356e-05,0.4997289478778839,1.337834447667774e-07,11897,2.984933855643135e-09,0.06022029066588885,0.4997446537017822,0.24471047520637512,0.3596118688583374,9965137,3.996207326294144e-05,0.49946317076683044,7.979298111138178e-09,605,2.984065425315485e-11,0.06452036392013831,0.4989784359931946,0.28861892223358154,0.39393043518066406,9937484,2.21916265957453e-05,0.49883341789245605,3.344879218047936e-08,15862,2.2531910724417435e-15,0.033736965242656056,0.4999408721923828,0.10929643362760544,0.26417112350463867,9922131,1.5121334320584944e-05,0.4992862939834595,2.509648311388446e-07,15039,1.2116392058422e-16,0.037701607540971425,0.49998557567596436,0.13186094164848328,0.28258344531059265,9979681,4.081427299138462e-06,0.4999511241912842,2.1723393917039147e-11,2727,1.9070995776522835e-16,0.014165408623321114,0.49258485436439514,0.009910834953188896,0.08265392482280731
PreArtery,CYST_PA37.nii.gz,11797360,3.0194529206503857e-05,0.4997444152832031,2.7068489316661726e-07,5564,6.410085795494069e-10,0.08519935729951608,0.4984942376613617,0.3069564700126648,0.40592753887176514,11768176,2.307717254713979e-05,0.49995243549346924,5.582375592894095e-07,12458,1.0595843491501e-07,0.0740437172058741,0.499969482421875,0.2878643870353699,0.38469234108924866,11775319,1.2790035829438525e-05,0.4993950426578522,6.269974051065219e-07,12272,6.389389994865269e-08,0.07194206974453156,0.49990609288215637,0.2783844470977783,0.3822474777698517,11855810,1.1065987874778679e-05,0.49717870354652405,1.286359629655131e-14,3754,3.795857384750714e-18,0.03361724403143283,0.4985637366771698,0.10660354048013687,0.2810765206813812,11066329,0.0007892131166966855,0.499985933303833,0.000495420244988054,47591,7.151805334615347e-07,0.13710356688939454,0.4999958276748657,0.38308948278427124,0.44072699546813965,11765189,0.00016590390650175665,0.4997774064540863,5.053084532846697e-05,30704,4.447277181934828e-12,0.06753457993204356,0.4998251795768738,0.2681756615638733,0.3805698752403259,11815968,2.6115993645496304e-05,0.49948936700820923,5.64743686481961e-07,8362,8.133123685638566e-08,0.0714409474620007,0.49950969219207764,0.26849448680877686,0.37635356187820435,11852117,5.2675193248142145e-05,0.499413400888443,1.8080383767937747e-07,1864,2.5042730111835e-09,0.07925538044687358,0.4997648000717163,0.3104415833950043,0.40951889753341675,11832815,8.489341914683881e-05,0.4999462962150574,1.607576223250362e-06,10848,2.5034027628656474e-10,0.040039266202986264,0.4997235834598541,0.14268049597740173,0.2938481867313385,11802780,0.00018382716421796297,0.49999284744262695,5.729926670028362e-06,11061,3.069851881379315e-12,0.0624647133951648,0.49987462162971497,0.24753500521183014,0.3710656762123108,11863666,1.2395887027284929e-05,0.4999425411224365,2.2354085249531863e-10,3150,8.913324071879725e-12,0.03282837466974806,0.49782902002334595,0.1088092252612114,0.2679876685142517
PreArtery,CYST_PA56.nii.gz,14068498,6.47373831204774e-05,0.49981623888015747,8.274894298665458e-07,34841,3.938910969237915e-20,0.08233751669363201,0.49991893768310547,0.3022344410419464,0.39970362186431885,14323705,1.9192047056313553e-05,0.4996379315853119,4.977061962563312e-07,12314,2.7794104795475505e-09,0.06837826496207923,0.49991369247436523,0.26853251457214355,0.3768651485443115,14352510,3.044842030810924e-05,0.4995909631252289,6.919242423464311e-07,6781,7.176125027541502e-09,0.0966754946986066,0.4999493360519409,0.3407796621322632,0.42044565081596375,14397893,1.1363123935380738e-05,0.4985550343990326,2.569011409853106e-12,6587,3.5157559372459013e-13,0.03160416155636768,0.4996485114097595,0.10048496723175049,0.26075422763824463,13322855,0.0007782294005810608,0.49999624490737915,0.00021497644775081426,78832,8.499544492224231e-06,0.11797780457552388,0.4999961853027344,0.35702577233314514,0.42859363555908203,14187991,0.00018089198240182281,0.49981361627578735,5.449633317766711e-05,69402,2.2537327026839193e-07,0.0660671167937858,0.49998629093170166,0.2443092167377472,0.3646419048309326,14360510,5.528745463928086e-05,0.4998697340488434,2.455156391079072e-06,7283,2.6975317268806975e-07,0.09328490291416006,0.4999392628669739,0.3200899362564087,0.40287986397743225,14402323,7.84029411436107e-05,0.4999944567680359,1.14031035991502e-06,979,4.525142571765173e-08,0.07976409944930866,0.49997377395629883,0.3035723865032196,0.4059615433216095,14392631,0.00013617219147864741,0.4999615550041199,2.8155968720966484e-06,7079,1.569164909120957e-09,0.06129685252082209,0.4998510181903839,0.2472439557313919,0.3738853633403778,14342645,0.00010812645618111399,0.4999544620513916,4.559246463031741e-06,18178,5.667656621799466e-11,0.0654450811008591,0.4999969005584717,0.25596219301223755,0.3760932385921478,14425503,1.5331581881144792e-05,0.49786126613616943,1.721330189496939e-09,4530,2.3906516766203367e-09,0.039499774512611954,0.49665209650993347,0.1482292115688324,0.2911798655986786
PreArtery,CYST_PA69.nii.gz,9868159,4.626191482868697e-05,0.49986007809638977,4.922308116661611e-10,6483,6.271892515635909e-16,0.04544213358346733,0.4996355473995209,0.18141914904117584,0.3272574841976166,9866532,4.144297966886208e-06,0.4994177520275116,6.242174332982131e-09,8161,3.7415787326321604e-15,0.042943972858241385,0.4982133209705353,0.16766154766082764,0.3124541938304901,9857160,8.329768194146433e-06,0.4888443350791931,3.5179104074245515e-09,5779,4.9338470808901747e-11,0.06746175188702265,0.49994540214538574,0.26831942796707153,0.3762388825416565,9925310,6.722679988966313e-07,0.46330827474594116,9.187710130585742e-19,3477,1.0284639995577906e-34,0.01932766304533246,0.4948314130306244,0.021010050550103188,0.15467827022075653,9247438,0.00023326750209281535,0.49938592314720154,8.959008118836209e-05,52618,1.9752544631046476e-06,0.10067554758501539,0.4999602437019348,0.322798490524292,0.4079137444496155,9831467,3.156862594716218e-05,0.49861660599708557,5.1927213462477084e-06,22122,1.155733286850591e-08,0.05575232035015245,0.49995410442352295,0.21779578924179077,0.34413236379623413,9902373,2.3432579069038988e-05,0.49973055720329285,3.4090250622398344e-09,3063,6.411408947151753e-13,0.0556932980879794,0.49792876839637756,0.22274740040302277,0.3531830310821533,9919358,2.4470583017859696e-05,0.49918195605278015,8.658451733367656e-10,2329,7.380315859945946e-17,0.04072900168578429,0.4992658495903015,0.14512740075588226,0.3074551522731781,9917420,1.1843885026738856e-05,0.4993238151073456,8.280395924487038e-09,8919,2.99688859416942e-18,0.02840180260175319,0.4997312128543854,0.07981356233358383,0.2193402796983719,9893187,6.194268503479676e-06,0.49799948930740356,1.0129927119351123e-07,13278,1.0211669069931255e-16,0.03239452335356991,0.4990881681442261,0.10427425056695938,0.24728287756443024,9932506,7.014018770520242e-07,0.47658246755599976,5.066098907567651e-13,4242,3.5966362333431167e-22,0.017677449528603267,0.4990572929382324,0.014315661042928696,0.13101300597190857
PreArtery,CYST_PA74.nii.gz,11826721,4.524954318300854e-05,0.4998984634876251,5.368750066736538e-07,36764,8.796887697448685e-12,0.061089056916930326,0.49993181228637695,0.23910066485404968,0.3582560420036316,12016284,4.666774199335202e-06,0.4994620382785797,2.2535475352469803e-07,15765,5.331935448715797e-10,0.05594549797782564,0.4999504089355469,0.22606396675109863,0.34542936086654663,11990185,1.4476567137359489e-05,0.4974380433559418,5.251184234111861e-07,16232,4.761950123111092e-08,0.06992978834378312,0.49989989399909973,0.26232755184173584,0.3735746145248413,12096917,1.4446628806730194e-05,0.49978676438331604,1.293227000096972e-13,2478,2.8364692791274007e-31,0.02833506767938162,0.49920305609703064,0.08632842451334,0.22864839434623718,11009871,0.0007077401305362302,0.499901682138443,0.00026482611428946257,86520,1.1815724974439945e-05,0.1246361825354082,0.49997079372406006,0.360246866941452,0.4288906157016754,11898367,0.0002533103561875059,0.4997968375682831,6.435785326175392e-05,96317,8.21467534142475e-16,0.023002679953371585,0.49996519088745117,0.05208022892475128,0.16965477168560028,12066878,2.512843908402361e-05,0.49994343519210815,4.125360248963261e-07,11022,1.8531401968502337e-09,0.04849958090042494,0.4998341202735901,0.18356071412563324,0.3267030417919159,12094887,3.5975792349186656e-05,0.49950873851776123,4.4049130565326777e-07,3884,1.1128802046567188e-10,0.04531175941906257,0.49902141094207764,0.17172324657440186,0.3203544318675995,12095063,1.5756647633302895e-05,0.49783942103385925,5.100309863337316e-07,15478,7.974961836743066e-12,0.016446591771296756,0.49942049384117126,0.019709976390004158,0.105398990213871,12047631,3.70097250410319e-05,0.49996185302734375,3.171332764395629e-06,19097,1.6674611691414043e-09,0.054091357305706904,0.499904066324234,0.21510297060012817,0.3523534834384918,12118931,1.2868436341083838e-06,0.4520907998085022,1.5879554615683134e-11,4138,1.8844951987784242e-10,0.016521326782083446,0.49513718485832214,0.029160140082240105,0.10613617300987244
PreArtery,FNH_PA10.nii.gz,13581783,3.605594457575858e-05,0.4993187487125397,5.858164513483644e-07,31814,1.3439585900464285e-16,0.06420843624165372,0.4999806880950928,0.2528966963291168,0.3714601993560791,13757972,5.221173656335892e-06,0.49814391136169434,3.292874453109107e-07,16585,1.1852462587780277e-11,0.052221520120400655,0.4996958374977112,0.21023544669151306,0.3386399745941162,13748525,1.2611825585582142e-05,0.499700129032135,1.4134814136923524e-06,12420,3.969962580896436e-09,0.07582865107364241,0.4998861849308014,0.2901422083377838,0.3884469270706177,13834094,3.108433220869279e-06,0.49149081110954285,9.951551207529869e-17,4315,1.0298502080462534e-26,0.019591000412372092,0.4988648593425751,0.028913257643580437,0.1445600390434265,12570865,0.0003208163923885716,0.4996822774410248,0.00015630843699909747,94492,7.336495286835998e-07,0.11638088745910737,0.49999117851257324,0.3548195958137512,0.42525631189346313,13678465,6.224527992728475e-05,0.4999654293060303,1.647980388952419e-05,81904,1.467563848223108e-08,0.04717317310568475,0.49990114569664,0.17115578055381775,0.3064132630825043,13834773,6.3214687339119855e-06,0.49894970655441284,1.5947200893151603e-08,4369,1.4160136951879565e-10,0.04891324433555943,0.497342586517334,0.19094082713127136,0.3349400758743286,13824045,3.3622316431634257e-05,0.4994688928127289,2.9418817604209835e-08,4053,2.536201500549784e-12,0.04415243139756639,0.49862998723983765,0.16963766515254974,0.3111509382724762,13836446,2.352630843924894e-05,0.499755859375,1.0619515933285584e-07,9044,1.4275845262867737e-11,0.028017304915438457,0.49594932794570923,0.07503578811883926,0.2130981832742691,13795167,3.895758005153799e-05,0.499803751707077,1.348324758509989e-06,8803,1.3239628282590843e-09,0.05188460017209634,0.4986754059791565,0.20372150838375092,0.33068913221359253,13859061,1.1464632704672178e-06,0.49857670068740845,3.3588190822414488e-12,1217,9.468243339900528e-16,0.02377046497133761,0.49816539883613586,0.049874573945999146,0.18800321221351624
PreArtery,HCC_10020116_20180118.nii.gz,2527127,2.8755090095259105e-05,0.4956818222999573,1.5581841372735994e-12,8680,3.912598870940486e-20,0.029354165164460575,0.49947449564933777,0.08257893472909927,0.24257324635982513,2576979,1.600904869438413e-05,0.49540337920188904,1.3196364031901886e-13,4711,5.264269001883121e-22,0.033296029800487174,0.4996701180934906,0.10450655221939087,0.2632938623428345,2575780,1.8194552646847714e-05,0.49645617604255676,7.612907637621902e-08,3875,1.7556005260654928e-11,0.06557572227093818,0.49966156482696533,0.2612675726413727,0.37887704372406006,2604721,3.546503509693179e-06,0.49091675877571106,2.0032885398727304e-22,3242,1.84099845715941e-33,0.007171231074888982,0.49768713116645813,6.535347438330064e-06,0.0036048300098627806,2366347,0.00024077827848108485,0.49913740158081055,1.5936620911816135e-05,22641,3.148669591723774e-08,0.08378057324650734,0.49997103214263916,0.30528295040130615,0.40167179703712463,2579945,0.00011042285925854102,0.4973430633544922,4.4682707311949343e-07,6502,7.349269526280011e-10,0.05931121551136432,0.49978217482566833,0.23881343007087708,0.3670901358127594,2592955,2.118459877389407e-05,0.4998972713947296,8.464105527572485e-10,2779,8.354895009339558e-13,0.03592450101960202,0.49652910232543945,0.13203969597816467,0.2780424654483795,2604490,3.305933444808062e-05,0.49847450852394104,1.6398436775144631e-10,951,1.4314735114496815e-21,0.03632978756469652,0.48793718218803406,0.13550212979316711,0.2793494462966919,2600965,1.9939606009899543e-05,0.4988340437412262,1.4165856265790921e-09,4000,7.021342635155084e-17,0.026638520823523307,0.49765706062316895,0.07355399429798126,0.19385215640068054,2596410,9.344647361867463e-05,0.4991697669029236,2.8901423476668242e-08,2845,3.5703263262520935e-12,0.045229140949957225,0.4996006190776825,0.18847469985485077,0.32615160942077637,2607509,1.3299528625841854e-05,0.49483522772789,1.2415511155833015e-16,821,1.5649404046955116e-33,0.011378208375702576,0.499120831489563,0.00019421798060648143,0.04259635880589485
PreArtery,HCC_10074592_20130816.nii.gz,3260910,1.0730753828760971e-05,0.4971122443675995,2.2724623425411997e-15,4469,1.2065082507181114e-27,0.03175504022689717,0.4993310570716858,0.10634808242321014,0.2507987916469574,3295604,2.0854621558784602e-05,0.49981528520584106,1.8514805574104676e-12,1323,1.6930282791482142e-17,0.048689578960973326,0.4981271028518677,0.19703112542629242,0.3165052831172943,3293369,3.1779333716757714e-05,0.49739933013916016,5.6682441851307885e-08,1368,2.7305380179143413e-09,0.09327191639180432,0.4999380111694336,0.3269667625427246,0.4096294939517975,3301816,7.332432518704169e-06,0.49886080622673035,8.405714317558457e-23,2036,5.979206583140805e-38,0.02290262386601672,0.49778759479522705,0.043635591864585876,0.15800930559635162,3115529,0.00025394750233088763,0.4997572898864746,1.8649256162461825e-05,11823,1.9577389309688442e-07,0.10452064458020069,0.49986669421195984,0.35509228706359863,0.42685797810554504,3285599,5.3354163043384496e-05,0.49926140904426575,1.6717609696570435e-07,8337,1.5279923160083086e-10,0.051492559439628,0.499889999628067,0.20973214507102966,0.33751416206359863,3304461,2.1116581352789238e-05,0.49859192967414856,4.850358448216241e-10,1609,1.0873106885342376e-12,0.052828207275269636,0.49809446930885315,0.2106466442346573,0.34558120369911194,3313164,2.2841192640304327e-05,0.4990374445915222,1.650678482789658e-10,924,9.810657061043448e-13,0.04225638482657476,0.4991222620010376,0.1681479662656784,0.3088475167751312,3308659,3.5242051749195795e-05,0.49521416425704956,3.629291089879416e-09,3944,4.51381892475379e-14,0.027724665165630397,0.496404230594635,0.0738871619105339,0.22949481010437012,3307543,3.7129489253930856e-05,0.4971502423286438,6.148844988729252e-08,1961,1.0367428443514015e-10,0.0549090333134451,0.49855461716651917,0.22265827655792236,0.3512386679649353,3316263,1.4548064449751047e-06,0.4788699448108673,8.879596932938315e-18,1406,3.403145806311464e-39,0.01971817761646423,0.4995894134044647,0.03964602202177048,0.1471554934978485
PreArtery,HCC_10076307_20130925.nii.gz,3099806,1.755000839919515e-05,0.4964439570903778,2.9353975847246083e-12,7122,1.6701216627531507e-17,0.03541220474109852,0.49966323375701904,0.12605074048042297,0.284859836101532,3151591,9.154954369603383e-06,0.4938663840293884,2.5261497690350467e-16,2412,1.3008375649434557e-22,0.029491937661906595,0.49895867705345154,0.09079291671514511,0.2403980791568756,3150942,5.199265733955244e-06,0.4793964624404907,2.454331876622362e-12,2500,2.6591633232093297e-16,0.038427335792847475,0.49786216020584106,0.14262598752975464,0.2795253098011017,3165349,1.8871578389965542e-06,0.4951302707195282,2.1166097341940495e-22,1931,6.6552910532236e-38,0.01570293414067729,0.4870598316192627,0.007307394407689571,0.09808103740215302,2953661,0.0001329870547121756,0.49978819489479065,7.695999556744937e-06,23362,1.1971444280334254e-08,0.07982755101275736,0.49999284744262695,0.29480162262916565,0.39661863446235657,3136809,0.00012098720104781295,0.4996076226234436,2.2858097281641676e-07,4795,2.500039952835209e-09,0.07057665009597006,0.4997164309024811,0.28029948472976685,0.3874559700489044,3151662,2.5680153280642016e-05,0.49979934096336365,5.388327006805582e-10,2823,5.189592245519181e-13,0.0342551272230545,0.49992066621780396,0.10865408927202225,0.2685003876686096,3165910,2.640367389126613e-05,0.49993008375167847,4.04089262051599e-11,425,4.82827668769675e-15,0.03234762571250752,0.46782681345939636,0.11478330194950104,0.2542056143283844,3163429,7.518634878220421e-06,0.495564341545105,1.4924462776733094e-09,4040,1.4120932585790744e-16,0.025175215098704504,0.49829724431037903,0.058312445878982544,0.196379616856575,3159378,3.226121888821454e-05,0.49943605065345764,3.5817104837576608e-09,2960,1.1644356269144285e-12,0.04483995342803375,0.4999734163284302,0.18016424775123596,0.3147646486759186,3171360,4.528481514790683e-06,0.4830371141433716,3.729805557000477e-16,418,0.0,0.013228700010137125,0.4872850477695465,0.001897966954857111,0.0385095439851284
PreArtery,HCC_10081574_20140213.nii.gz,3319506,2.500584544614544e-05,0.4987213611602783,2.5056869353370405e-15,2895,1.4062517729089167e-21,0.03467309047652788,0.49888846278190613,0.11373371630907059,0.27788737416267395,3332808,2.97868398094254e-06,0.4915851056575775,9.778640977465766e-14,3711,5.931782482969828e-19,0.03206471122714273,0.49840956926345825,0.10082195699214935,0.26587390899658203,3335858,1.5762165382173772e-05,0.49798765778541565,5.243466216775516e-10,2372,2.2446356839206372e-13,0.05455235419234093,0.4987848699092865,0.22788973152637482,0.3490341603755951,3355600,3.7979065105653443e-06,0.4800587594509125,2.7609857159140396e-23,825,8.593036613531032e-36,0.013809689629857447,0.4696813225746155,0.00589024368673563,0.08320947736501694,3147552,0.00016439054523982203,0.49979129433631897,1.5029351743578445e-05,16802,1.3363128914534173e-07,0.09645740704994235,0.49988093972206116,0.3279096186161041,0.4127914607524872,3293414,0.0001364228977512626,0.4993484318256378,7.630530376445677e-07,14150,7.514212863046765e-11,0.05123437795300638,0.4998353123664856,0.20636878907680511,0.3436942994594574,3346111,1.4766851653365168e-05,0.498390257358551,9.766400188571112e-11,1163,8.099043083322627e-14,0.04170813277566163,0.4960148334503174,0.14855556190013885,0.2913374900817871,3349595,2.3596342292665182e-05,0.49913913011550903,8.090936948201843e-11,817,5.777660251268801e-13,0.043340247592179866,0.4965928792953491,0.17069275677204132,0.33540165424346924,3348734,6.118710541828012e-06,0.4976200461387634,8.641164228606613e-09,4776,1.0257382644001181e-13,0.027469824397021614,0.4998672306537628,0.08185352385044098,0.20510564744472504,3347288,3.384693813409384e-05,0.4998774826526642,7.036167914975522e-08,2095,1.0508078435167434e-10,0.05506448406654559,0.4999106228351593,0.22745873034000397,0.34766530990600586,3357673,1.7406231302153293e-06,0.4580831825733185,3.3285383372676427e-19,428,1.3179580494808295e-25,0.015886383094111275,0.3969641327857971,0.01103536318987608,0.12282633781433105
PreArtery,HCC_10136895_20170421.nii.gz,3286967,4.026883628789568e-05,0.4988398253917694,4.5555437200306415e-10,30619,7.415203400037897e-15,0.03464808979737666,0.49995851516723633,0.11878897249698639,0.26860901713371277,3461417,6.967532886010283e-06,0.49713557958602905,2.099943245822359e-14,2388,1.495907195179667e-15,0.04289316909436102,0.49911999702453613,0.16031992435455322,0.3125346302986145,3455738,5.780555637714669e-05,0.4998347759246826,1.3287774436321342e-06,2326,5.305956563006475e-09,0.09261910749351296,0.49911001324653625,0.33437836170196533,0.41157910227775574,3486025,4.041535509607697e-09,0.01406928151845932,5.289624632207607e-22,2354,0.0,0.0013721875006453884,0.46433132886886597,6.976715646173082e-12,1.753217127031803e-08,3246490,0.0003647827098755959,0.4998423457145691,5.484696157509461e-05,17921,9.179874638221008e-09,0.10765012070462822,0.49981677532196045,0.35075026750564575,0.42715689539909363,3416011,0.00019636247185641324,0.4996689260005951,4.3003083192161284e-06,12733,1.9739851420119692e-10,0.05335615495997473,0.4998502731323242,0.2158677875995636,0.3460129201412201,3476784,9.564429655998824e-06,0.4919474422931671,3.546073434890218e-10,1919,6.791639733244592e-13,0.03829168832027092,0.49872449040412903,0.15103112161159515,0.26877930760383606,3478948,3.7412818940770605e-05,0.49865731596946716,9.86684275949834e-11,626,2.4750571384068998e-11,0.05148047039797848,0.49659818410873413,0.20834645628929138,0.33126646280288696,3468748,4.475493969527359e-05,0.4989294707775116,2.7229097199210628e-08,5723,4.951902674978287e-18,0.037874945032595524,0.4995407462120056,0.14120905101299286,0.2858610451221466,3467965,0.00011903819601259299,0.49984174966812134,2.398132323833124e-07,6149,4.119858100504192e-12,0.027342821714108075,0.4993721842765808,0.07237449288368225,0.20662619173526764,3486579,7.5555577248250386e-06,0.49800869822502136,1.9186080422530603e-17,1085,2.1123901615854483e-26,0.012520722550577415,0.4997662305831909,0.002675336552783847,0.05153339356184006
PreArtery,HCC_10140276_20170721.nii.gz,2457123,9.28360356353397e-06,0.4965570867061615,1.6802566104903954e-17,3880,2.5372029679592395e-27,0.029498003149437037,0.49963775277137756,0.08998345583677292,0.24165168404579163,2470245,6.671543375909e-06,0.4954841434955597,3.5571036123381036e-17,2293,2.1961678304466255e-35,0.026229564390874698,0.4945724904537201,0.06241009756922722,0.2134484350681305,2473160,1.2388638676667773e-05,0.4949309229850769,7.215824549748444e-15,1780,4.514426608538406e-23,0.02886993930933557,0.4981217384338379,0.0727100670337677,0.22938650846481323,2486485,1.496600027574625e-06,0.44062790274620056,2.854063934276226e-26,811,0.0,0.008015176101460585,0.4881419539451599,6.438937998609617e-05,0.016855955123901367,2318225,0.0002779662032800524,0.4997509717941284,4.098979843547568e-06,11869,2.7455628881511984e-09,0.09356985400944656,0.49987736344337463,0.32835274934768677,0.4127444326877594,2441629,8.607176694998102e-05,0.49771860241889954,6.404868457821067e-08,12019,4.076178956001486e-13,0.04335713048148252,0.4995507597923279,0.1662263125181198,0.3028731942176819,2477543,1.6009343241316326e-05,0.49916312098503113,7.433680407342713e-12,1288,3.22029898678234e-14,0.041374735993539864,0.49778977036476135,0.1572333127260208,0.30501264333724976,2483673,1.6676594118689298e-05,0.49746623635292053,2.75035826361944e-13,592,1.6524787274680072e-17,0.03619705258770262,0.4997774660587311,0.11190833151340485,0.29533490538597107,2478634,1.0026851963567132e-05,0.49254482984542847,3.531529994653393e-13,5472,1.3297730081905114e-21,0.009977953416073267,0.49631422758102417,0.0013790492666885257,0.026802711188793182,2477804,3.2959258116015046e-05,0.498725026845932,7.236264365495515e-11,2535,2.0816241806732172e-19,0.03985366165347218,0.4986565411090851,0.14702238142490387,0.3169887065887451,2487060,2.94892359961191e-06,0.4863090217113495,1.1498553322677157e-17,629,2.7536988317343862e-34,0.006289707640717264,0.4834701716899872,5.904327190364711e-05,0.004668480716645718
PreArtery,HCC_10142924_20170911.nii.gz,2891044,8.134924705502007e-05,0.4995793104171753,2.60946732971723e-12,16668,9.638702054493695e-20,0.020795739790235253,0.4997353255748749,0.03020240180194378,0.16284438967704773,2958357,3.3254148934785525e-06,0.4736372232437134,2.587725093833494e-16,5378,4.969263800976285e-22,0.01636597937212245,0.4989876449108124,0.015850605443120003,0.11221538484096527,2958754,3.293139355288196e-06,0.4841606318950653,1.3993524272144916e-15,3150,1.9570701513124666e-21,0.028288524399304973,0.4987950921058655,0.07932686060667038,0.23042452335357666,2969370,3.2760872239308344e-06,0.4778785705566406,3.838981340066286e-24,1254,0.0,0.018823601762285914,0.49495989084243774,0.01848648488521576,0.14906759560108185,2769296,0.0003338846961246937,0.49975454807281494,2.030369250860531e-05,22825,2.365416307270607e-08,0.06981686808407744,0.4999227523803711,0.26599472761154175,0.3803772032260895,2903113,6.81978569281076e-05,0.49981921911239624,3.7792883631482255e-06,16024,1.782195701779954e-12,0.058103264735222045,0.4998569190502167,0.2280840277671814,0.3478427529335022,2968184,1.4323015351096452e-05,0.49932602047920227,1.7992236867048206e-10,1228,4.848082181476039e-14,0.037611679752440084,0.49909019470214844,0.12561117112636566,0.2929304838180542,2973127,1.5019293219587524e-05,0.49110111594200134,6.067193188824538e-12,973,4.2872900395594136e-21,0.02232817696572225,0.49820706248283386,0.03095056302845478,0.18833747506141663,2969955,3.5936085859353365e-06,0.48104968667030334,3.925439075354309e-13,4424,1.244764730540425e-26,0.01241505984713324,0.4979937970638275,0.0024245374370366335,0.05455874651670456,2965530,3.31346423855505e-05,0.499363511800766,2.626511508285745e-10,3461,1.5721507483443947e-14,0.035799384962400156,0.49555498361587524,0.12642349302768707,0.28637638688087463,2976224,2.501747176818932e-06,0.4931636452674866,8.350682892369781e-16,580,8.416769760701244e-30,0.008664920969112276,0.47377774119377136,0.00013158144429326057,0.008548630401492119
PreArtery,HCC_10147777_20171222.nii.gz,2984982,8.777163318376564e-06,0.49855080246925354,4.1938845855870634e-16,2749,4.209568343074387e-20,0.03344248968188516,0.4958208203315735,0.1164715364575386,0.26381123065948486,2979677,1.617596412112184e-05,0.4971334636211395,5.297251179370299e-11,3568,7.329385811963658e-19,0.03688940780209607,0.4986805021762848,0.12992560863494873,0.2828567922115326,2975862,1.8683723191916434e-05,0.49890151619911194,1.6426424664928163e-09,3294,6.178658010944852e-17,0.04369028511326509,0.4997749626636505,0.17173194885253906,0.3097425699234009,3005570,2.984706074435674e-06,0.4906579256057739,8.001547901427895e-24,713,1.339129331066824e-36,0.009941866176826235,0.4914638102054596,0.0035559635143727064,0.04095188528299332,2804236,0.00015942968356987336,0.4994136393070221,1.7341393686365336e-05,15304,2.054774768112111e-07,0.09899765650291811,0.4997340738773346,0.3392224907875061,0.4168347120285034,2929463,9.3750948568304e-05,0.49942272901535034,7.885510200367207e-08,17995,1.081337818766015e-12,0.04123434513399846,0.49970704317092896,0.1526838093996048,0.29531577229499817,2995665,2.3716147019714766e-05,0.4990637004375458,2.254212927432775e-10,1108,3.8482452359260566e-13,0.04209398670511193,0.4978099763393402,0.1579994112253189,0.30358338356018066,3001958,2.1395245034691797e-05,0.4967220425605774,5.734423352832252e-11,859,4.417266997161402e-19,0.0325841732428319,0.49279019236564636,0.1165214255452156,0.23943322896957397,3000373,6.809615704638774e-06,0.47718918323516846,5.453689722045851e-10,4414,1.6717670904276412e-16,0.022991167446622912,0.499674528837204,0.047151830047369,0.17761920392513275,2993714,4.049672954015749e-05,0.49538254737854004,1.9759271552288737e-08,2851,5.848123837948714e-15,0.043979461759408804,0.4998287558555603,0.17424893379211426,0.3232561945915222,3007357,2.77165937664804e-06,0.4935872554779053,7.87502412930084e-18,702,6.0484489534487095e-28,0.02350745453929007,0.4826465845108032,0.050006940960884094,0.19592849910259247
PreArtery,HCC_PA0.nii.gz,17135403,0.00022477602496408708,0.4999227523803711,2.1079220459796488e-05,26218,6.80465518598794e-06,0.12679895459760698,0.49999040365219116,0.3678295910358429,0.4325886368751526,17388756,9.44363355522486e-18,2.7720804818276434e-11,1.6882089387838424e-19,0,nan,nan,nan,nan,nan,17327993,0.00032443251911638604,0.49998772144317627,6.12539452049532e-06,2387,4.633336720871739e-05,0.11900219071704925,0.49976032972335815,0.368745356798172,0.43482157588005066,17354482,4.737595903130219e-06,0.4989328682422638,6.809503481919332e-12,10233,2.9408845375916705e-19,0.02122578140871146,0.4983765780925751,0.03631272539496422,0.16535156965255737,16054252,0.0009232523579676044,0.49995720386505127,0.00033543084282428026,51886,1.5221625289996155e-05,0.15278843531458952,0.499972939491272,0.4011650085449219,0.4506942331790924,17139365,0.0004082445814059159,0.4999741315841675,0.000104273043689318,120626,3.3050449699985876e-22,0.018291429347115987,0.49992644786834717,0.02501341514289379,0.13038790225982666,17322795,4.469228028186668e-05,0.4999297857284546,2.0576749193423893e-06,3855,1.0510253787288093e-06,0.09794152156921852,0.4996553063392639,0.3422292172908783,0.42165321111679077,17344438,3.515661829341654e-05,0.4993981122970581,7.557763836985032e-08,800,6.426477057175362e-07,0.08998736953689984,0.4962525963783264,0.32508885860443115,0.4038766622543335,17347028,3.247418384380295e-05,0.49859514832496643,6.475939358097094e-07,12742,2.6406926368878827e-14,0.05236109859535146,0.4999973773956299,0.21501874923706055,0.3448616862297058,17321822,6.745684532153281e-05,0.4998925030231476,5.6953522289404646e-06,12457,1.7016239528544475e-09,0.042550165500827526,0.499695360660553,0.16210292279720306,0.3117806613445282,17375098,1.462880196674225e-05,0.49967053532600403,5.602488251099658e-09,4458,4.3469453026283994e-14,0.037806826234815266,0.4997226893901825,0.14015978574752808,0.3009805679321289
PreArtery,HEM_PA107.nii.gz,8498289,1.2008300324266135e-05,0.4995788335800171,5.376888267960567e-09,5415,2.1923985196736773e-11,0.05323198006059197,0.4999213218688965,0.21886643767356873,0.3462773859500885,8491830,2.0924463658800905e-06,0.48731791973114014,2.0466234929017446e-08,7953,5.548040325764614e-13,0.04339298007215357,0.4997914731502533,0.16984471678733826,0.31236889958381653,8487683,8.785977380872474e-06,0.4937848150730133,7.463598450385689e-08,7301,2.1735020450108777e-09,0.053133619274471515,0.4990442097187042,0.21860849857330322,0.34562987089157104,8546552,2.9386307388319833e-06,0.49152785539627075,1.2588870789732478e-19,771,9.201743217255521e-26,0.0331423144725597,0.4951859712600708,0.10837998241186142,0.27079737186431885,8065163,0.0001524723113332735,0.4996644854545593,3.5114946513203904e-05,37491,2.5984302283177385e-06,0.0956814516897813,0.4999924302101135,0.3208586871623993,0.4052954316139221,8463740,2.068186876458482e-05,0.4973161816596985,1.7424554243916646e-06,21627,3.10866693498113e-10,0.05012646899127143,0.4998071789741516,0.19124799966812134,0.32582759857177734,8527931,2.558044842699147e-05,0.4991511106491089,7.524008083237277e-09,864,2.869574022845711e-10,0.07345525616686564,0.49952957034111023,0.2830316126346588,0.37638720870018005,8538220,3.1013738460582474e-05,0.4981921911239624,2.3548905048187407e-09,416,8.236750691226202e-12,0.03570132392996756,0.4949389398097992,0.12716376781463623,0.26779282093048096,8526383,1.6919313558551626e-05,0.4999106228351593,4.249272933520842e-09,11330,5.4235401028080235e-14,0.025158106512798817,0.4996989369392395,0.05590932443737984,0.1991897076368332,8515902,1.2977904345187794e-05,0.49855685234069824,5.265841807045035e-08,8805,3.9674356210945465e-16,0.03738034606466408,0.4990421533584595,0.1355714201927185,0.27754679322242737,8548136,2.3459098038145708e-06,0.49894845485687256,3.214452358804576e-12,2893,5.100203099210448e-22,0.012203656745834124,0.4994018077850342,0.004843817092478275,0.06334862858057022
PreArtery,HEM_PA13.nii.gz,14868241,7.191126213137135e-05,0.49941763281822205,7.5870320870308205e-06,73971,3.666844977277081e-30,0.06821611514629233,0.49991655349731445,0.2697860896587372,0.380026638507843,15253373,1.8541564414339302e-05,0.4987514317035675,6.179392926242144e-07,6818,1.0296773922391367e-07,0.09703671539366235,0.49947497248649597,0.34000882506370544,0.42300906777381897,15277522,2.1058933079220538e-05,0.498557984828949,2.287594270455884e-06,6734,3.0115036224742653e-06,0.09624549446673757,0.4998832643032074,0.33148130774497986,0.41297411918640137,15316425,1.6010295194618926e-05,0.4995133876800537,1.8568287640970127e-13,5260,1.0406206068135966e-16,0.03112034262803164,0.4982840418815613,0.09904734790325165,0.24807128310203552,13802058,0.0015627769013101874,0.4999746084213257,0.0015446101315319538,75152,3.837152326013893e-05,0.16042477304495822,0.49999868869781494,0.39615336060523987,0.4480821490287781,15080406,0.00021132159297631024,0.499901682138443,8.774497109698132e-05,134251,8.303696272249361e-12,0.03719920216805039,0.4999822974205017,0.1274247169494629,0.2678548991680145,15302474,1.9640167756204034e-05,0.4991488754749298,2.1095713975682884e-07,5399,1.2531070581189852e-07,0.08867641681566753,0.4993639886379242,0.308634489774704,0.4021482467651367,15318716,6.516580535142872e-05,0.4998111128807068,5.281262929202057e-07,1247,1.2996495968309318e-07,0.083704925562635,0.4971124827861786,0.30175119638442993,0.387054979801178,15315078,7.577543499113952e-05,0.4998724162578583,3.3464787065895507e-06,6145,2.7638488830916685e-08,0.06706988284648203,0.49996650218963623,0.2557075321674347,0.3654686510562897,15280208,5.0111611712479615e-05,0.4999542236328125,2.9134091619198443e-06,11854,1.0181191445468585e-09,0.08218209497071324,0.49988749623298645,0.3043222427368164,0.3993067741394043,15342905,1.0185326015730827e-05,0.49979397654533386,5.205352260340135e-10,3578,6.722005729820069e-10,0.0458089105364918,0.49949243664741516,0.18771588802337646,0.33019307255744934
PreArtery,HEM_PA24.nii.gz,11495861,5.3639502829824605e-05,0.49995291233062744,1.124758796322567e-06,12642,2.9774560061923694e-07,0.085549102895531,0.4999346137046814,0.3080486059188843,0.40102747082710266,11487062,1.8741713132186535e-05,0.4991738200187683,2.510720662485255e-07,15760,8.12565736918458e-10,0.06328942176658271,0.49993860721588135,0.24659061431884766,0.36763715744018555,11438400,3.7691513389932226e-05,0.4994390308856964,1.8572327462607063e-06,18581,2.9003860646525936e-08,0.07248072804209861,0.49990764260292053,0.27691125869750977,0.38399678468704224,11592277,2.168316658119496e-06,0.49025458097457886,1.5125189935829815e-15,5025,2.087968454023107e-21,0.016112641589355978,0.49663639068603516,0.010744129307568073,0.10623046010732651,10356740,0.0006088044514772318,0.49999988079071045,0.0003250916488468647,125428,4.05554101234884e-06,0.10554646581879415,0.49999547004699707,0.33610817790031433,0.41694724559783936,11351741,0.0001201234077255888,0.4998035132884979,2.2763519154977985e-05,89738,1.0354715129778924e-07,0.043788548590027614,0.4999130666255951,0.15763479471206665,0.2981265187263489,11569079,4.5394444912395614e-05,0.49954742193222046,2.0903446795728087e-07,6638,1.5376095063857065e-08,0.03177906892574969,0.4994332194328308,0.10267380625009537,0.2644751965999603,11576471,7.854793664173156e-05,0.49989572167396545,2.481448859725788e-07,1194,8.814927099365377e-08,0.07112131818639068,0.495293527841568,0.30677559971809387,0.39826372265815735,11564786,3.709102464470538e-05,0.4991264045238495,5.646905378853262e-07,15536,4.55526727449751e-09,0.044643535651133874,0.49998265504837036,0.16716930270195007,0.314225971698761,11553434,5.091427472527325e-05,0.4988982081413269,1.7131279719251324e-06,14180,4.785353779901413e-10,0.05844146574987924,0.49990418553352356,0.23489785194396973,0.3555879592895508,11608301,1.1157994467527476e-05,0.49976015090942383,3.3523290480369505e-12,71,2.4640371520945337e-07,0.06680612785361786,0.48291268944740295,0.2918969988822937,0.3188440203666687
PreArtery,HEM_PA29.nii.gz,10324124,2.298352426656422e-05,0.4996616244316101,6.023573462243803e-08,4354,1.024923790282628e-07,0.09610174005757,0.49994659423828125,0.34015095233917236,0.42062026262283325,10344435,8.697301110012556e-06,0.49769657850265503,1.6762062671205058e-07,5332,1.754653169427911e-07,0.08364739045343529,0.4998995363712311,0.309003621339798,0.3993323743343353,10356094,7.255160794341148e-06,0.49675050377845764,6.1573581788820775e-09,3288,2.343937950399777e-07,0.07953249169147945,0.4992770254611969,0.2940651774406433,0.3922596275806427,10410715,7.991372928092888e-06,0.49740877747535706,2.0429931761961292e-16,0,nan,nan,nan,nan,nan,9569546,0.00020280454323886064,0.4999535083770752,6.23716478003189e-05,64251,9.954782399290707e-06,0.10689364381398882,0.49999403953552246,0.339828759431839,0.4161023497581482,10104741,6.892135865232304e-05,0.49987342953681946,3.120191104244441e-05,64949,4.3616591227646495e-08,0.07926247765068008,0.49998533725738525,0.28840184211730957,0.38807499408721924,10365188,3.858123356790107e-05,0.49894773960113525,5.546918302457016e-08,3522,1.175176289613944e-09,0.06361311553822381,0.4999281167984009,0.25038623809814453,0.36424845457077026,10396105,2.638242418244614e-05,0.4997813403606415,6.376749350778255e-09,555,3.3134178920590784e-06,0.09059281051204626,0.4998863637447357,0.3213046193122864,0.4064159691333771,10387355,3.778633260313309e-05,0.4987342357635498,9.504524456360741e-08,5986,2.319719835327822e-14,0.03840120478543136,0.4994813799858093,0.13872230052947998,0.2876474857330322,10362466,2.0115698393325227e-05,0.4993259608745575,4.909994686386199e-07,12916,2.303435437181478e-12,0.04106881839030717,0.49930739402770996,0.1504293978214264,0.2977868318557739,10406800,2.6275918514854873e-06,0.49901631474494934,2.268881089950714e-11,2838,3.416054950804548e-20,0.029529005462334425,0.49821528792381287,0.08371654152870178,0.24338699877262115
PreArtery,HEM_PA34.nii.gz,11867618,3.9361368918990136e-05,0.49994969367980957,2.67238050355445e-07,15560,3.5721936924770283e-19,0.07879230838030876,0.49977004528045654,0.2962464988231659,0.3985191583633423,11907145,3.7118761757762405e-06,0.4931773841381073,2.1648227743753523e-07,35054,5.471292771055611e-14,0.03171649100327807,0.499914288520813,0.09728185832500458,0.24849604070186615,11873280,3.7346354254652175e-05,0.4996635913848877,1.439182256035565e-06,15660,1.6533995506051724e-07,0.07440470217206423,0.4998241066932678,0.274198442697525,0.37681955099105835,12005728,2.49597244430882e-06,0.4966747462749481,2.302639144895896e-13,4662,8.66241955158857e-20,0.01960057143955774,0.498228520154953,0.02817881479859352,0.1459173709154129,10720912,0.0009791987391623304,0.4999969005584717,0.0004787963698618114,107279,1.0686017759553579e-07,0.11073437987753469,0.4999995231628418,0.34109774231910706,0.41818323731422424,11882093,6.359540396920808e-05,0.4995376467704773,1.922317096614279e-05,50212,3.962594252726603e-09,0.045691796564340414,0.49997496604919434,0.16243356466293335,0.2999640107154846,12004581,1.3249012759557294e-05,0.499702513217926,1.8181683714146857e-08,5581,1.2524184356266232e-08,0.04391310666541464,0.49918410181999207,0.17404805123806,0.3133269250392914,12005748,1.8690542392709755e-05,0.49899399280548096,3.7132998897959624e-08,3388,1.8088790187942294e-10,0.037055809616492276,0.49904221296310425,0.1455962061882019,0.285754919052124,11998926,4.606731726031085e-05,0.4997292459011078,2.546981363593659e-07,7846,9.629222766371903e-12,0.04097290410724902,0.49970144033432007,0.1529509574174881,0.29117101430892944,11946718,2.1564770766919096e-05,0.4997183382511139,7.941051762827556e-07,21129,3.861761604939673e-12,0.04221220551907507,0.4995678961277008,0.15883873403072357,0.30556780099868774,12024669,5.699846664110547e-07,0.45348161458969116,1.378334431182196e-13,1425,3.4604850786738677e-16,0.020203361546577356,0.4997310936450958,0.03303072974085808,0.15241952240467072
PreArtery,HEM_PA81.nii.gz,9943035,1.3993761418863252e-05,0.49804678559303284,1.3226583162051497e-09,13981,5.398064807649039e-12,0.04885552274672515,0.49961382150650024,0.20083652436733246,0.33204567432403564,10010751,6.017228388536303e-06,0.4867143929004669,2.2207238714599953e-08,7470,5.811879298135703e-13,0.05637385799608906,0.499865859746933,0.22952929139137268,0.34876132011413574,10007846,1.1353939700258175e-05,0.49866870045661926,1.7878519997793774e-07,6877,1.3833998391277191e-09,0.07559442352983622,0.4998984634876251,0.28310874104499817,0.39455729722976685,10087509,1.8380795923783672e-06,0.4828068017959595,6.590334055847796e-18,1350,1.233497128245338e-24,0.026396623133929323,0.48962026834487915,0.053724564611911774,0.22972813248634338,9177516,0.00025173867750481407,0.49993836879730225,0.00011105376324849203,66687,5.659859425577451e-07,0.11252771465754985,0.4999743700027466,0.34494656324386597,0.4206024408340454,9993573,6.524176279524481e-05,0.49968987703323364,8.40315806271974e-06,14742,6.279671449505031e-09,0.07155681375389328,0.4999731779098511,0.27298504114151,0.3864261209964752,10073500,5.19434308381673e-06,0.49280503392219543,5.12411446607075e-10,2043,3.2094961996236016e-13,0.05351589498658369,0.49868085980415344,0.21887461841106415,0.36143946647644043,10077135,2.6676108211311466e-05,0.4996320307254791,6.018872622526317e-10,944,8.848203067587587e-14,0.05618345782981952,0.4979651868343353,0.23521234095096588,0.35540539026260376,10077732,1.0286952961998695e-05,0.496755450963974,1.1815203926346385e-08,7568,9.715917679501817e-15,0.02572949537962159,0.49890851974487305,0.062385499477386475,0.21552741527557373,10054066,1.0131462797537635e-05,0.4985335171222687,2.3303390150886116e-07,8794,1.122174510433116e-12,0.04461784268269322,0.49837037920951843,0.17277052998542786,0.32031652331352234,10093191,1.0962835955317307e-06,0.49712660908699036,1.956117993279216e-12,2048,4.797489023320047e-22,0.020184183821150628,0.497073233127594,0.0352821871638298,0.15384657680988312
PreArtery,HEM_PA89.nii.gz,5054756,2.302444786055715e-06,0.4979648292064667,4.2178110640613345e-14,2049,4.290686091602796e-17,0.04060644373477904,0.4989747703075409,0.16147886216640472,0.2987164556980133,5026399,4.609644253200232e-05,0.49931204319000244,7.465004170370548e-10,3628,4.5656153282915696e-14,0.05413606430442987,0.4994072914123535,0.2168893665075302,0.35169437527656555,5021582,3.226825376479964e-05,0.49870967864990234,1.752959910561458e-08,5383,3.2426499263493724e-09,0.061564430170019634,0.4999490976333618,0.24930112063884735,0.3706432580947876,5056704,1.5689219429333286e-06,0.46241235733032227,1.169845886345186e-22,2676,0.0,0.01766177275612058,0.49871158599853516,0.014108117669820786,0.11532604694366455,4661638,0.0001028129541286703,0.4997884929180145,2.753256012510974e-05,35331,1.315374902333133e-06,0.0919055109668402,0.4999070465564728,0.31933361291885376,0.4072197675704956,5015936,3.397988913929288e-05,0.4992235004901886,1.8259510170537396e-06,13531,3.2863280985395704e-09,0.05290421677414664,0.4999735951423645,0.20596717298030853,0.3444581627845764,5056235,1.7213990975695782e-05,0.4990842938423157,1.745604494285402e-10,2601,1.2321302086796583e-14,0.03791907962184302,0.4934333562850952,0.1351785510778427,0.2950296998023987,5049291,2.883053281599043e-05,0.4987870156764984,1.0145266571282008e-10,2715,1.907597722877763e-20,0.034436173495129105,0.49947696924209595,0.10753737390041351,0.27498865127563477,5056860,2.120321235427315e-05,0.4948694407939911,3.8609723751470426e-10,6041,9.763767841241633e-16,0.02178292008163978,0.49860236048698425,0.03855600953102112,0.17281296849250793,5047573,2.3248838877661534e-05,0.49659907817840576,8.592166977905435e-10,6389,4.578720452644899e-15,0.03373650385825554,0.49822792410850525,0.11350117623806,0.265108585357666,5069444,9.697692934662733e-07,0.483757346868515,5.492370410383492e-17,1646,1.6359623499220037e-34,0.007736437298046278,0.49463918805122375,0.00012743442493956536,0.019721491262316704
PreArtery,ICC_PA18.nii.gz,11145357,7.47072186402635e-05,0.4996659457683563,3.9213527998072095e-06,104414,6.710829972666278e-19,0.0621729967052163,0.49998724460601807,0.23717649281024933,0.35936155915260315,11468562,2.2165226971073923e-05,0.4973691403865814,2.0554932689265115e-06,23227,1.4931645253568604e-08,0.06005258447788589,0.4995729923248291,0.23584862053394318,0.36225494742393494,11493862,2.8232251910732918e-05,0.49773070216178894,2.090838961521513e-06,11824,9.986864668576345e-09,0.08409066375726217,0.4999253749847412,0.31457799673080444,0.4088779091835022,11583232,1.5651231072034543e-05,0.4987284243106842,3.2827691953674076e-11,3430,7.786092950934353e-12,0.024601335107500812,0.49933499097824097,0.054229769855737686,0.1882048100233078,10404957,0.001039245732234383,0.499885231256485,0.0005832848255522549,113905,7.208000738501141e-07,0.10981455853506168,0.49999576807022095,0.3436133563518524,0.4195560812950134,11372400,0.00021749458807984796,0.4997160732746124,0.00011591934890020639,73164,2.0594902172543783e-10,0.05675410396330314,0.49999845027923584,0.21549062430858612,0.34114229679107666,11541956,1.1481941596793202e-05,0.492916464805603,3.145789833070012e-06,14447,6.337393756439269e-07,0.0572668779572883,0.4997895061969757,0.2227962762117386,0.34610310196876526,11559794,5.6938410195344396e-05,0.4998057186603546,2.1474236291396664e-06,13317,3.520737479334457e-08,0.025804529301331744,0.49865323305130005,0.06287967413663864,0.19191688299179077,11536510,5.9192669562796204e-05,0.4997633099555969,8.564345989725552e-06,21127,4.650661189486982e-09,0.058291262931859815,0.4998294711112976,0.22929474711418152,0.35494717955589294,11528425,0.0002209811440131668,0.4998798668384552,1.46001093526138e-05,17347,2.3797117165713644e-08,0.03204578434720343,0.49994713068008423,0.09732398390769958,0.2406327724456787,11585850,1.0240135521762012e-05,0.4994347393512726,7.069754781596771e-10,2589,8.12939759953224e-09,0.028304560231932056,0.49476373195648193,0.07334506511688232,0.22236980497837067
PreArtery,MET_PA13.nii.gz,12266050,2.284255540437938e-05,0.4993625581264496,2.5603196718293475e-07,19605,5.409678927037476e-09,0.05843650062453105,0.49991270899772644,0.2319110482931137,0.3534276783466339,12285248,1.1969628433402713e-05,0.4999516010284424,8.786661851445388e-07,19510,4.8567114774300535e-09,0.06919845653565579,0.4998759925365448,0.27212488651275635,0.3797794282436371,12240959,5.452255320556236e-05,0.49975502490997314,1.4033593060958083e-06,18587,2.780465138130239e-07,0.0810103450377051,0.4998875558376312,0.29601380228996277,0.3948521912097931,12375148,1.4975667585267602e-06,0.49944737553596497,2.8817874735825866e-12,20918,6.014068646855664e-38,0.01050786394620921,0.4998089671134949,0.0010893098078668118,0.036994148045778275,11542555,0.0007617849720276232,0.49993252754211426,0.0002780177746899426,47980,5.316309852787526e-06,0.12870539422058738,0.4999779462814331,0.3693119287490845,0.43212753534317017,12247278,0.00012180854949019988,0.4989296495914459,2.7972673706244677e-05,63366,1.8098645886705183e-19,0.03911830930017858,0.49999260902404785,0.13799859583377838,0.2863798141479492,12370530,2.1613059154163543e-05,0.4998474717140198,1.770278430512917e-07,12805,1.5985276435870333e-09,0.04271158872744848,0.49954527616500854,0.1566934734582901,0.3045039176940918,12386657,3.7341571652375454e-05,0.49986568093299866,5.4702901763903355e-08,5061,3.852302032464295e-15,0.03637340817430181,0.4994637668132782,0.12618334591388702,0.28117576241493225,12386245,5.2937778938308106e-05,0.49981003999710083,1.2783645786385023e-07,16469,2.1943291096931244e-13,0.028503854259803108,0.49977537989616394,0.07763970643281937,0.2298860102891922,12368320,8.883978986192961e-05,0.4999891519546509,1.7822235349740367e-06,10133,9.747405105287044e-10,0.06255910909839851,0.4996708333492279,0.2507925033569336,0.36465975642204285,12417359,3.552820620297265e-06,0.4871155917644501,4.1351839487335784e-12,1583,6.944524026028509e-16,0.036800656998597095,0.4956224262714386,0.12026061862707138,0.28597292304039
PreArtery,MET_PA19.nii.gz,11996383,2.4764748465827634e-05,0.4994986355304718,6.373649341639975e-08,13421,3.3234606733323346e-10,0.05639515444385216,0.49980244040489197,0.22340023517608643,0.3471232056617737,12033625,1.1450018974283654e-06,0.35683467984199524,6.843222166708074e-08,15414,1.3468289729464365e-14,0.04971484257466064,0.49999916553497314,0.19923752546310425,0.3286283314228058,12022371,2.703291634152104e-05,0.4991557002067566,3.8614808772763354e-07,16409,4.3855270109860456e-11,0.05427260355701604,0.4998692572116852,0.21854370832443237,0.3479011356830597,12118063,9.849868528799863e-06,0.4994979798793793,1.8854323213367968e-14,451,2.1525506013508175e-18,0.032407246414275226,0.4986111521720886,0.10824701189994812,0.27628806233406067,11193643,0.0005901145557669696,0.4999314546585083,0.00034006719943135977,58842,2.192424517488689e-06,0.13559676625274739,0.49998247623443604,0.3791584372520447,0.43735796213150024,11919345,0.00014764732142079302,0.4999125301837921,2.9601211281260476e-05,59627,3.756334354676483e-09,0.05727950902277487,0.49999094009399414,0.21779347956180573,0.3425220549106598,12055496,5.5915379198853784e-05,0.499666303396225,1.191111323350924e-06,8823,8.063564926885647e-09,0.07428328048115582,0.499899297952652,0.2719210982322693,0.3825484812259674,12104512,4.8562614195998165e-05,0.4984712302684784,1.3919093362346757e-06,9827,2.634231499598627e-08,0.03775518466129887,0.4996323883533478,0.13387589156627655,0.27881065011024475,12083306,5.1001503358515055e-05,0.49924808740615845,2.7498817871673964e-06,17686,2.2610049249527364e-11,0.039521695375555534,0.5,0.13810034096240997,0.28972703218460083,12069002,0.00014513543127815619,0.4998874366283417,7.5838838711206336e-06,12961,5.822017867807006e-10,0.06143981913941266,0.4998530447483063,0.23704233765602112,0.3625484108924866,12116972,6.3144371444016394e-06,0.4995068311691284,6.539885855083583e-10,4351,5.741266294843894e-13,0.03900762269507515,0.4996364414691925,0.1464049220085144,0.28089654445648193
PreArtery,MET_PA25.nii.gz,12355315,4.15848419217645e-05,0.4996715486049652,2.0185116511584056e-07,20437,1.4845933371532283e-09,0.06302455691134476,0.49981480836868286,0.2527715861797333,0.36561691761016846,12435333,2.8225137057362843e-05,0.4990015923976898,6.228863185242517e-07,19732,4.1028694330869087e-10,0.061087528093374414,0.4999483823776245,0.24335844814777374,0.3639521598815918,12535515,4.416194116206625e-05,0.49951171875,3.6174374606900983e-09,0,nan,nan,nan,nan,nan,12545800,1.4521190680409025e-05,0.49954766035079956,2.0280688749468173e-13,6686,1.902321134519113e-21,0.013425721176122129,0.49955883622169495,0.005145112052559853,0.0609472393989563,11616193,0.0006467632885235581,0.4999843239784241,0.0002630098897498101,83135,3.8557896004931536e-06,0.11423513423997388,0.4999983310699463,0.3488405644893646,0.42325320839881897,12327667,0.00012435506769473568,0.4999504089355469,2.3369335394818336e-05,105310,2.562126510952112e-08,0.036655022117488,0.49993062019348145,0.12097037583589554,0.25992727279663086,12501006,2.5662239682161013e-05,0.4994710385799408,3.9623972725166823e-07,9403,1.17261258480994e-07,0.07294028462814207,0.499787300825119,0.27213069796562195,0.3849983215332031,12536426,3.451800258091057e-05,0.4991096556186676,2.6728892521532543e-07,5925,1.023175641434726e-11,0.04079712326746345,0.4993804693222046,0.15607981383800507,0.30414387583732605,12517522,5.7519779975853974e-05,0.49947935342788696,2.83166446024552e-06,14801,8.724609440935102e-14,0.06773730391111957,0.49997323751449585,0.2641802430152893,0.38075271248817444,12475586,0.00019554397633391867,0.4999370574951172,4.8712222451285925e-06,9294,2.181162021830385e-11,0.08062400365436792,0.4998188614845276,0.3010506331920624,0.40300798416137695,12556427,5.137458464393126e-06,0.49625104665756226,1.0116372323176748e-10,2274,3.7615157706281585e-14,0.0473186299543628,0.49982136487960815,0.18500442802906036,0.3162967562675476
PV,CYST_PA19.nii.gz,15091797,9.506259761053994e-06,0.4983757734298706,7.518352163060626e-08,13644,2.79394148524076e-17,0.050433428767710876,0.49946364760398865,0.20429813861846924,0.34625309705734253,15111279,1.000073391592779e-05,0.4993421137332916,1.2693348594439158e-07,8534,1.2052375764071144e-10,0.06921356505586733,0.4998575747013092,0.27395811676979065,0.37914589047431946,15102674,1.3687662724869934e-05,0.4993191063404083,7.690976531193883e-07,7615,2.1016901552428635e-09,0.09192040955737624,0.49946293234825134,0.33112964034080505,0.41419366002082825,15183714,5.315254233077623e-06,0.49811574816703796,1.4427307208609262e-14,4281,9.734979810507873e-24,0.02634342010498345,0.4982239007949829,0.0671439841389656,0.21457625925540924,14158623,0.0002483425029837676,0.4999939203262329,8.664600318297744e-05,80982,2.327206081922245e-13,0.10738758508803903,0.49999892711639404,0.34089195728302,0.4191156029701233,15063049,5.4666232098927935e-05,0.4985774755477905,6.6569050432008225e-06,99072,5.247722700829627e-09,0.018037593912455886,0.49995243549346924,0.029898200184106827,0.10895620286464691,15171634,1.4276624750114814e-05,0.4982417821884155,4.420630261847691e-08,1978,6.212186463017133e-07,0.07982376712990116,0.49737101793289185,0.2960023880004883,0.3908342123031616,15186349,2.3949378451650918e-05,0.49990424513816833,2.1091368651582343e-09,2351,1.8721879949112896e-11,0.0628601754235318,0.4996097683906555,0.2526480257511139,0.37988409399986267,15187199,3.96742065465617e-05,0.4999084174633026,3.747174659451957e-08,7902,1.4703515098177244e-12,0.047039297829549534,0.49987587332725525,0.17893899977207184,0.32958540320396423,15163672,2.3883239778334793e-05,0.49819526076316833,2.0217150620283064e-07,13330,1.56475722136451e-12,0.04603416413563665,0.4997977912425995,0.1765940636396408,0.32172054052352905,15207062,4.225856120781236e-06,0.49974846839904785,1.95857826484902e-12,3876,6.872211235134634e-16,0.02760106771870213,0.4996466636657715,0.06903037428855896,0.23200003802776337
PV,CYST_PA20.nii.gz,10150483,1.4500195752619418e-05,0.49982255697250366,3.8891112552619234e-08,11635,2.7719257011254994e-12,0.04978677101940804,0.49973830580711365,0.1998724639415741,0.33699721097946167,10213456,1.5318895010633868e-05,0.4984564781188965,8.583714361520833e-08,8152,1.8458748418659354e-11,0.05417517504761282,0.4998892843723297,0.2239484041929245,0.35013559460639954,10209526,9.2759185464602e-06,0.4951469898223877,2.312097180379169e-08,7965,2.339159532738222e-09,0.05976496528665564,0.49943986535072327,0.24697881937026978,0.36472100019454956,10253116,9.911835826156537e-06,0.49926093220710754,1.406861638989697e-16,4622,6.623584636403993e-22,0.02996941427348043,0.4983021020889282,0.08547776192426682,0.24930304288864136,9498615,0.0004199033666682126,0.4998462200164795,0.00012809279724024236,59769,1.275473948680883e-09,0.11111870450600161,0.49998998641967773,0.3492366075515747,0.42354434728622437,10153715,9.066815809634702e-05,0.4995633661746979,2.1989735614624806e-05,42730,5.447076567577369e-09,0.06059493469097543,0.49988868832588196,0.23230822384357452,0.3527393639087677,10236592,2.737101138466008e-05,0.4997940957546234,4.7788923041025555e-08,1960,6.543267971892419e-08,0.09093328742591722,0.499080628156662,0.33420073986053467,0.41523098945617676,10274489,2.879876622902071e-05,0.4996525049209595,4.362753003306352e-08,1915,3.476001292899468e-14,0.05119939704806455,0.49627071619033813,0.20879307389259338,0.3280714154243469,10240616,2.0726786997573817e-05,0.49965453147888184,1.2708444785403117e-07,18458,7.808757980509728e-12,0.03319887508086645,0.4999868869781494,0.10504370182752609,0.25904929637908936,10225207,2.723991495158883e-05,0.49975526332855225,5.894607397749496e-07,15188,1.5602859173950712e-13,0.04112439887658208,0.49964407086372375,0.1544186770915985,0.2958962917327881,10288640,1.2364981425094304e-06,0.4608767628669739,3.4662600480878103e-12,3136,7.36798335181509e-20,0.013152216161035329,0.4892851412296295,0.004969485104084015,0.06493867188692093
PV,CYST_PA37.nii.gz,13020245,1.559848077798719e-05,0.4995313584804535,6.513035799571298e-08,10983,6.03538399812642e-12,0.047785251061014195,0.49988117814064026,0.1887553185224533,0.3330121636390686,12995157,3.301113592962053e-05,0.49975264072418213,1.0257085705234203e-06,11129,1.8484424657572163e-08,0.0734781527351185,0.49987658858299255,0.288307249546051,0.3949275016784668,13001382,1.360229247856957e-05,0.4996488094329834,3.7188098644946876e-07,15409,2.0953379031851682e-09,0.04595883708641995,0.4998857080936432,0.18252019584178925,0.3219663202762604,13085718,2.4242888264760263e-06,0.49660593271255493,5.3893003205745735e-14,8251,1.4740027572767995e-22,0.017726975112665695,0.49867913126945496,0.020494820550084114,0.1316886842250824,12174288,0.0005555526184024302,0.49994564056396484,0.0002592588134575635,51396,2.9658640414709225e-06,0.13984049163656592,0.49997347593307495,0.38068297505378723,0.4391224682331085,12982558,0.00016077259787600294,0.4999135434627533,1.5986446669558063e-05,31127,1.3135154422472262e-11,0.03792430703629735,0.4999552369117737,0.13528504967689514,0.28271791338920593,13050677,1.3153775492936024e-05,0.4999302625656128,3.428756372159114e-07,4373,1.7254410522582475e-07,0.08847592656210289,0.49993979930877686,0.32281744480133057,0.40483370423316956,13082866,3.357675215141777e-05,0.49965059757232666,1.0962729390939785e-07,3675,1.8455105221804047e-09,0.06264773457871045,0.4999812841415405,0.23981507122516632,0.366239458322525,13052043,0.00010362297279750865,0.4999709129333496,5.17732075877575e-07,10999,1.4932584946336647e-08,0.05622893291110817,0.4997636079788208,0.2267346978187561,0.3586888015270233,13044687,4.597858986033916e-05,0.49962347745895386,7.708783869020408e-07,8530,1.4787800983739885e-09,0.06756765483706333,0.4998842775821686,0.270695298910141,0.3883718252182007,13100827,1.7511309337479354e-05,0.4993254840373993,3.60331875448594e-10,1329,5.871254593614594e-09,0.059835287588029,0.495405912399292,0.239725723862648,0.3418698012828827
PV,CYST_PA38.nii.gz,3803507,5.696140986367807e-06,0.4971105456352234,9.30130945138094e-15,5047,1.6473935125530776e-24,0.026771718007372602,0.49999916553497314,0.0650387555360794,0.21085074543952942,3827725,4.606045457403344e-06,0.49784615635871887,5.579287032375646e-11,2310,1.357954701077785e-17,0.04579140820946501,0.4988768398761749,0.18601173162460327,0.32745081186294556,3826343,1.565860625459971e-05,0.49841728806495667,1.0349757673111526e-07,2061,9.571652498374661e-12,0.06124469907368423,0.4994242787361145,0.2516857981681824,0.36797916889190674,3850360,3.82894783222289e-06,0.49435919523239136,1.5652365530713013e-21,1175,1.5505703191603827e-35,0.019016768207069386,0.4912203252315521,0.019718432798981667,0.1564207226037979,3592822,0.0001576871535990838,0.4998461604118347,2.3007036361377686e-05,19649,4.173082743363921e-06,0.09176889587758895,0.4999377131462097,0.31869757175445557,0.4078526794910431,3816230,4.878208731493199e-05,0.4976087808609009,2.6563114374766883e-07,8320,1.3142372606855801e-11,0.051346450590501254,0.4988515079021454,0.21286894381046295,0.3423849940299988,3843791,9.250676662304859e-06,0.49754542112350464,3.3274056253362883e-12,483,2.975264054086321e-21,0.05297045215380772,0.4983159601688385,0.23110269010066986,0.3301480710506439,3846366,1.388636989409249e-05,0.4990343153476715,1.741064931115588e-11,526,5.6746819657600215e-24,0.0434216455839619,0.49827954173088074,0.1461395025253296,0.32082849740982056,3848640,7.051146462143994e-06,0.4951295256614685,2.3125504289289722e-10,4225,4.8336345416650475e-17,0.018203951469320676,0.49508532881736755,0.018991883844137192,0.13083726167678833,3844517,1.7826896738385382e-05,0.49623286724090576,3.3885412253908953e-09,3061,2.9934038890438873e-18,0.034792717256795544,0.49746352434158325,0.12395667284727097,0.2775706946849823,3857400,3.3388759201793474e-07,0.3164904713630676,2.3549820458856122e-17,666,1.0966596017792e-32,0.009499245940187067,0.468910276889801,0.0013734570238739252,0.018544036895036697
PV,CYST_PA53.nii.gz,3706110,6.727286455272758e-06,0.4916999638080597,8.618072664972243e-16,1974,3.279378217981792e-20,0.04393553959520149,0.49921321868896484,0.18238183856010437,0.33797332644462585,3702183,2.1853146297085675e-05,0.4983343780040741,3.390656644342016e-10,956,6.575014505467191e-17,0.0765475013620332,0.4968855082988739,0.28912538290023804,0.39146798849105835,3701293,2.3237693972426645e-05,0.49686625599861145,2.789468100949932e-10,1619,1.0498962369788738e-14,0.049632208012133354,0.4966030716896057,0.20664311945438385,0.32427820563316345,3729711,6.800438338526779e-06,0.4838886260986328,2.4043121197680696e-19,1499,1.523744883746708e-34,0.017824916832844064,0.4952562153339386,0.03127714619040489,0.12997011840343475,3321108,0.0004586344684300252,0.49989083409309387,0.00010720879799919203,18014,9.570827614879818e-07,0.1302120245381519,0.4999818801879883,0.36882615089416504,0.43554651737213135,3650577,0.00017916622516364738,0.4991311728954315,4.888302669314726e-07,15177,4.527446560015358e-12,0.04055964326454953,0.49999821186065674,0.14844948053359985,0.29992571473121643,3720007,9.09817342874486e-06,0.48017701506614685,4.05865202557365e-10,690,1.3803818114596633e-13,0.04901970554530151,0.49696847796440125,0.19509148597717285,0.3411189615726471,3728369,2.0939813636374347e-05,0.4970436692237854,5.13061704232598e-10,641,1.2376851474038066e-20,0.0265490782304259,0.496054083108902,0.06640557944774628,0.20425006747245789,3719330,1.1989200690959756e-05,0.49796009063720703,1.052734233120134e-09,10029,3.6265831441978626e-17,0.01443338766624734,0.4999755620956421,0.007961023598909378,0.07841568440198898,3694734,3.7737952633979955e-05,0.498302698135376,7.901209464478143e-09,25849,2.6198498288109304e-20,0.008487288376067725,0.49797630310058594,0.000827855197712779,0.0180693157017231,3735022,2.09248777418934e-06,0.48003676533699036,2.215184704098443e-15,781,9.169390983826518e-28,0.0164883226474625,0.49569782614707947,0.013744271360337734,0.12551486492156982
PV,CYST_PA54.nii.gz,3682530,8.457393868676029e-06,0.4986228942871094,3.9909595127499215e-18,4768,2.7053184340106775e-31,0.026124969036178152,0.4995221793651581,0.06093054264783859,0.22510258853435516,3721163,1.0080150515631387e-05,0.4929966330528259,5.9731299767440404e-12,1498,1.390886459961627e-14,0.0468103273574112,0.49951887130737305,0.1973811388015747,0.32717278599739075,3717532,1.5220291685871052e-05,0.4998396635055542,8.245652077798482e-11,1697,8.860688333230116e-13,0.05685222892453957,0.49565088748931885,0.23521395027637482,0.37431037425994873,3729957,1.7953758482701108e-06,0.4492718577384949,2.5249877524798423e-22,4097,0.0,0.014753133058793912,0.49901869893074036,0.005427188239991665,0.08373865485191345,3489110,0.00014978267493089687,0.49921363592147827,1.3525266695069149e-05,23394,2.941833088243584e-07,0.08486541183811054,0.4998777210712433,0.3024322986602783,0.39741209149360657,3695752,8.849387903518973e-05,0.49770453572273254,3.3860288795040105e-07,12156,1.0256316629320139e-11,0.0419657612100557,0.4995688199996948,0.1527530550956726,0.3063599169254303,3729374,1.6789060936469556e-05,0.49954700469970703,3.013088667458419e-10,537,3.171509889020492e-14,0.0549023680083345,0.498322457075119,0.21896038949489594,0.36200568079948425,3735763,2.6105835060172942e-05,0.4980131983757019,1.4699463868339535e-10,822,1.902003849361888e-19,0.0462877320282043,0.4989966154098511,0.18733425438404083,0.3309854567050934,3735314,1.4981298613011664e-05,0.49077001214027405,2.2637343111142627e-09,4768,6.2520707824167745e-22,0.02446784282509302,0.49602240324020386,0.04990468919277191,0.19930028915405273,3728093,3.3239625524205734e-05,0.49979326128959656,1.0852054366239372e-08,5167,1.4671360270602802e-15,0.03357960403306332,0.49944165349006653,0.11156563460826874,0.2564088702201843,3746657,2.189603615102826e-06,0.4965723156929016,3.613424818234512e-16,998,1.5778679899144573e-36,0.01037415720109488,0.48291248083114624,0.0007068177219480276,0.03281779587268829
PV,CYST_PA56.nii.gz,16403543,3.1213570400202915e-05,0.49996328353881836,8.851569646139978e-07,23286,1.9266474526880017e-10,0.07740519693845943,0.4998997151851654,0.29979467391967773,0.40057748556137085,16662845,2.7099478852698232e-05,0.4999381899833679,5.786325232293166e-07,7539,1.2347776134902233e-09,0.08502001298025624,0.49940794706344604,0.3218083083629608,0.4064607322216034,16690745,2.5173001177393175e-05,0.4996650218963623,8.905278150450613e-07,5084,1.757974530391948e-07,0.11119977403935469,0.49999237060546875,0.3623879551887512,0.43120187520980835,16727465,6.899339902173598e-06,0.49971553683280945,7.958426127309404e-13,8377,1.2665727500866018e-19,0.022612436877891468,0.4978432059288025,0.043082162737846375,0.1818964034318924,15676414,0.0004094333099145643,0.49994051456451416,0.00010825796925928444,59961,2.105425483023282e-05,0.13913372268747282,0.4999876618385315,0.37784263491630554,0.43772265315055847,16531569,0.00016937135299118365,0.49995434284210205,3.6430079489946365e-05,64741,8.240412086024662e-08,0.05451791396385941,0.4999808073043823,0.20529204607009888,0.33444926142692566,16698303,1.7326596152553168e-05,0.4993686378002167,8.910946007745224e-07,4113,7.288071515176853e-07,0.09719468818154711,0.49929776787757874,0.33640632033348083,0.4188395142555237,16725134,3.4909671243579756e-05,0.4993588924407959,7.113650468681953e-08,3147,4.552704879756675e-09,0.0756972785829915,0.4996083378791809,0.29455193877220154,0.3892694115638733,16733967,4.9750655910654196e-05,0.49993979930877686,6.069907954042719e-07,10461,3.2858124554557833e-10,0.027327996924407558,0.49973610043525696,0.06842873245477676,0.22029462456703186,16661691,6.843542555679857e-05,0.49987390637397766,2.0971358480892377e-06,17902,2.4669097320462186e-10,0.06461440319417196,0.4998374581336975,0.25804492831230164,0.3751569986343384,16761215,1.1809521854821803e-05,0.498218834400177,4.5084444511012123e-10,3659,8.000073520308959e-11,0.031174482722936304,0.4975025951862335,0.09091991186141968,0.2663758099079132
PV,CYST_PA62.nii.gz,8455271,2.32261378516633e-05,0.49782633781433105,6.220319903604832e-08,17662,1.8619104522055174e-11,0.06474290717629243,0.4999374747276306,0.25545379519462585,0.3726326525211334,8700976,1.8098715908826143e-05,0.4994979202747345,1.0600286204365261e-09,2660,3.0824226504577723e-10,0.06226397514767699,0.4990081191062927,0.2610689699649811,0.38175123929977417,8696843,1.5505114335351423e-05,0.49939122796058655,1.0126814942168494e-07,2430,1.4783323010192362e-08,0.09622987638717546,0.497756689786911,0.33126577734947205,0.4111515283584595,8664736,1.705839245119689e-06,0.49586817622184753,1.0209818832337096e-16,73664,1.5143976190565602e-27,0.003631863613747998,0.49897417426109314,4.716061141607497e-08,6.737865624018013e-05,8077540,0.000876269967120087,0.4999868869781494,0.00015347544103860855,26679,7.93728122516768e-06,0.13951346362640413,0.49999725818634033,0.38717231154441833,0.4443763792514801,8675586,0.00010325757427060884,0.49985471367836,1.1053241905756295e-05,13839,3.180515051326438e-08,0.08616487259529641,0.4994332194328308,0.30752095580101013,0.400022953748703,8709105,2.018492505556013e-05,0.4998938739299774,2.813375665766671e-08,1208,3.17739257127414e-08,0.09260749169420908,0.49903982877731323,0.33218109607696533,0.4086686372756958,8722662,2.813419912162304e-05,0.49987688660621643,2.343125515835709e-08,2732,6.172566902051813e-10,0.04204323834889745,0.4987422823905945,0.15587903559207916,0.3010835647583008,8727908,3.5632144955554464e-05,0.4998529255390167,3.731020825625819e-08,7087,1.636777345603857e-11,0.03482657269731175,0.4989013969898224,0.12207886576652527,0.2629164457321167,8701715,3.911876411066633e-05,0.49855223298072815,2.8657211714744335e-07,7735,1.0362994316837071e-11,0.04939530761267283,0.4994906485080719,0.19134937226772308,0.33291929960250854,8745512,2.4511275976747403e-06,0.4962683320045471,1.8445606153605354e-11,2973,1.6730421066238304e-17,0.021674425992028637,0.4980372190475464,0.03302908316254616,0.18006712198257446
PV,CYST_PA69.nii.gz,9948149,6.877946013046484e-06,0.49540385603904724,1.3532702736185342e-10,8082,3.0795657099844015e-18,0.030682571634687236,0.49958133697509766,0.09654054045677185,0.23935332894325256,9947451,9.649193887333538e-06,0.4983363151550293,6.8800063424134805e-09,3497,3.300957190964862e-14,0.07978973312704117,0.49976348876953125,0.30440083146095276,0.41462379693984985,9933557,5.790152646008462e-06,0.4994647204875946,1.4825808358764903e-09,6215,2.9244483354048945e-13,0.0525454625196687,0.499816358089447,0.21270453929901123,0.3375483453273773,10004847,2.886823443388656e-06,0.4965144693851471,2.2481585850043096e-16,2337,5.535354930401697e-21,0.02736909810685616,0.49894675612449646,0.06469244509935379,0.2391054481267929,9343869,0.00025430952413055204,0.49998509883880615,8.937270467868075e-05,37588,9.76721457845997e-06,0.12199466614210602,0.49984437227249146,0.36144790053367615,0.4285825192928314,9914209,5.352320282834124e-05,0.49991559982299805,4.472501132113393e-06,18200,7.135888324683037e-09,0.0658737570778849,0.49990883469581604,0.25472861528396606,0.3698155879974365,9981596,1.179290924557165e-05,0.49975478649139404,4.975157619213633e-09,1537,4.150963461846402e-10,0.06405107929042567,0.49918070435523987,0.2568404972553253,0.3691101372241974,9998315,2.2821703956062347e-05,0.49870800971984863,3.460698838608778e-09,2338,7.383977292209351e-17,0.04463281866724515,0.49993038177490234,0.18385863304138184,0.31182152032852173,9997206,1.3229400868753802e-05,0.499030202627182,2.7284647430292353e-08,7873,3.338942468187776e-15,0.036762243942874466,0.4998169541358948,0.1256975382566452,0.28089210391044617,9969734,2.1382473570317695e-05,0.4973716139793396,1.2537270777102094e-07,10865,1.0211684200057275e-13,0.03718740471383154,0.4997861683368683,0.13488779962062836,0.2719547152519226,10011819,1.6466917482663992e-06,0.4970628619194031,5.35812605222119e-13,3927,1.6153228844220449e-21,0.018373776970203568,0.49852147698402405,0.017099644988775253,0.1326340287923813
PV,CYST_PA74.nii.gz,14347934,1.3017853700428498e-05,0.4996899962425232,5.16184286425414e-07,24841,4.661822594620446e-10,0.06488332437072913,0.4997880160808563,0.25911492109298706,0.3721613585948944,14540284,8.347904431830816e-06,0.49954402446746826,2.6610754844114126e-07,9861,2.249741842472175e-12,0.06638552723086853,0.4999880790710449,0.26358598470687866,0.37532827258110046,14517116,2.242664278559029e-05,0.49974143505096436,2.3187478745967383e-06,8966,6.50759730547179e-08,0.1095899889997658,0.49989768862724304,0.3563976287841797,0.42197978496551514,14620322,3.4932605530430628e-06,0.4941468834877014,3.872935826210178e-12,7222,6.519061460083842e-20,0.015724566823726437,0.49975907802581787,0.010210810229182243,0.08886581659317017,13530153,0.000459182032388346,0.4999946355819702,0.00016527232946828008,64906,2.1547737560467795e-05,0.14007368465483822,0.49995964765548706,0.37842220067977905,0.439696729183197,14440417,0.00016946908172222396,0.4997253119945526,3.4736047382466495e-05,79662,1.6398146729379448e-11,0.027097201853713313,0.499957799911499,0.07410968840122223,0.2005409151315689,14593926,6.8454120590860665e-06,0.49978289008140564,4.152353483277693e-08,4974,8.619927882591583e-09,0.06828947120983404,0.49897047877311707,0.26683592796325684,0.3788072466850281,14603067,1.9053127381758985e-05,0.4994824528694153,1.825494599927424e-08,5447,1.8880175201019256e-10,0.053529662267144715,0.4987311363220215,0.2158820927143097,0.35197266936302185,14618025,3.829974637928175e-05,0.4991641938686371,2.428670882181905e-07,10388,5.206805209212462e-09,0.025328434552691542,0.49837836623191833,0.060997236520051956,0.19355806708335876,14569500,4.2418626807471784e-05,0.4999464154243469,1.0165052799493424e-06,14812,9.831806480065097e-09,0.05933103667041463,0.4990675449371338,0.2290460169315338,0.3541075885295868,14642639,2.0018824328590164e-06,0.4902290999889374,2.6157938662341174e-11,1709,2.234041250603891e-11,0.042463312967201385,0.4988846182823181,0.15918424725532532,0.32097527384757996
PV,FNH_PA10.nii.gz,16194053,2.5475299571562743e-05,0.49986526370048523,6.081229457777226e-07,20272,2.7483090410453125e-16,0.07002515806549883,0.49996519088745117,0.27177074551582336,0.3777908682823181,16385827,2.0698210232943705e-05,0.49970096349716187,3.8711283423253917e-07,4600,7.903817156318382e-09,0.0895302012393894,0.49976933002471924,0.3280603587627411,0.41458600759506226,16384623,1.6594469002799742e-05,0.4996996521949768,8.990961077870452e-07,5716,8.839251997017072e-09,0.11518864786918541,0.4997662305831909,0.3670610785484314,0.4317713975906372,16461027,4.5727931424309665e-06,0.4998219609260559,3.626540054043649e-14,3526,7.147575205950846e-24,0.02471786097218836,0.49952420592308044,0.058764271438121796,0.20324775576591492,15169060,0.0003668966327864016,0.4999660849571228,0.00010442014172440395,55844,5.5323813285212964e-05,0.1591999187331633,0.49995553493499756,0.395662784576416,0.448596328496933,16317147,6.219217327974728e-05,0.4997692108154297,1.0572645805950742e-05,73964,1.7682718622680227e-09,0.045741165264417176,0.4999774694442749,0.17180722951889038,0.3137153089046478,16459399,5.684366256189942e-06,0.49669498205184937,4.963292443704859e-09,1879,8.469310586178835e-09,0.07372886999287966,0.499953031539917,0.2819949686527252,0.3862510919570923,16436868,1.2705351585795333e-05,0.4994310140609741,4.650767326808136e-09,4410,1.8420087503911997e-12,0.04326328011145901,0.49985507130622864,0.1612117737531662,0.3123001158237457,16460134,2.3087234254806987e-05,0.4994325041770935,3.423098604571351e-08,6750,1.5840334252614774e-11,0.046183966819257356,0.4994799494743347,0.17743828892707825,0.31794095039367676,16420227,2.84518427094898e-05,0.49985918402671814,4.017137200662546e-07,10157,8.219590008629041e-10,0.05870409025061233,0.4991329610347748,0.23470689356327057,0.35019636154174805,16483095,3.2665376750664277e-06,0.497138112783432,1.4292384550168569e-12,897,1.3052967452568953e-14,0.035821623087956694,0.4987635910511017,0.108358234167099,0.27992716431617737
PV,FNH_PA32.nii.gz,4176872,3.0647728352585675e-06,0.49663323163986206,3.782387509481452e-15,5087,4.7244749451637036e-24,0.027262740850630525,0.49932926893234253,0.06441225111484528,0.22679075598716736,4183666,2.0400711401344966e-05,0.4993736147880554,7.897631160158625e-11,839,2.2795922593153717e-13,0.0694457817046764,0.49736204743385315,0.27081263065338135,0.40711912512779236,4179173,1.603032588277653e-05,0.49591168761253357,7.048669647957695e-09,2608,2.5801572250266913e-13,0.058589774573730206,0.4985310137271881,0.24824394285678864,0.36541563272476196,4202862,1.1188439785907546e-05,0.49963852763175964,2.21094411937753e-21,841,1.4452684389274868e-35,0.023358040999066656,0.49998700618743896,0.023376647382974625,0.2027956247329712,3920336,0.00020870089271313308,0.4999408721923828,2.4111139282467775e-05,22401,7.39077222533524e-07,0.08533385747287367,0.49993813037872314,0.3110525608062744,0.4027096927165985,4183678,4.11839237045441e-05,0.4974541962146759,1.6726859897175927e-08,6072,3.996911579918355e-13,0.04261069258038311,0.4992046058177948,0.1647680550813675,0.3151726722717285,4204076,7.373948676969711e-06,0.4858211576938629,2.3953082572969464e-11,415,2.104656984173829e-14,0.04649291232194743,0.4907112717628479,0.18734562397003174,0.3114260733127594,4204411,1.0873989964293582e-05,0.4977857172489166,1.8657837427826784e-11,949,7.022912680826377e-20,0.0369657518276874,0.49574652314186096,0.13273948431015015,0.27732187509536743,4205455,9.894225256771474e-06,0.4998927414417267,9.054880976966384e-12,3386,3.793217240724121e-21,0.01961039434665475,0.49646803736686707,0.022579006850719452,0.14967039227485657,4193697,2.0128935965936914e-05,0.49794578552246094,7.012722069710264e-10,2852,3.4826008442288814e-16,0.04083876225326974,0.49932560324668884,0.14628618955612183,0.31364724040031433,4210806,1.0608623279048243e-07,0.21500320732593536,1.902996331680102e-17,1263,2.127895596095447e-32,0.007799892445960004,0.4665257930755615,0.0003668720892164856,0.00971416849642992
PV,HCC_10020116_20180118.nii.gz,2555783,2.6565578155790564e-05,0.4948732256889343,6.007334928982699e-13,3453,5.96583431256275e-15,0.04549086465277917,0.4981784522533417,0.1842930167913437,0.3298017084598541,2602902,1.4700928197456892e-05,0.4899490773677826,2.1789900068804215e-16,2740,2.268724835914731e-22,0.04099400841042485,0.49696215987205505,0.15351833403110504,0.31146809458732605,2601771,2.3367428082698574e-05,0.49828338623046875,4.398494901636241e-09,2771,1.3168794180118404e-11,0.05850843255676073,0.4995217025279999,0.24058450758457184,0.3608268201351166,2627468,1.9948904258993144e-06,0.49486202001571655,3.3136059662210847e-21,2412,3.1917820734838014e-38,0.012916186174226706,0.49873635172843933,0.0038598044775426388,0.06655528396368027,2401484,0.0002760109084106205,0.4997028112411499,2.3779610273777507e-05,15796,7.585380217278725e-07,0.10666296867101278,0.49983274936676025,0.35231319069862366,0.42471954226493835,2606566,0.00013453139411664884,0.49991458654403687,2.6995778057425923e-07,4063,2.635468752953951e-11,0.07189173303835424,0.49953538179397583,0.284088134765625,0.3826300799846649,2618235,1.8206548703355977e-05,0.49822503328323364,5.398176350368544e-10,881,1.1335776203347595e-13,0.04998411073374619,0.49925747513771057,0.20577634871006012,0.3506365418434143,2626668,3.093911709007917e-05,0.4978325664997101,1.0423480828469778e-10,744,2.0002661365366853e-13,0.046726014239493956,0.4932296872138977,0.18127933144569397,0.33485737442970276,2623083,3.199197167554883e-05,0.496049165725708,6.079470260544895e-10,3280,1.5142022945489984e-18,0.031639792325248176,0.4983012080192566,0.10404133051633835,0.24869205057621002,2619626,0.00010124635217093247,0.49889665842056274,3.432128892200126e-08,1892,6.026301961788161e-14,0.049644203605671504,0.4993823170661926,0.19735026359558105,0.3302781283855438,2630680,5.1412773952037255e-06,0.4985215365886688,2.6283636170603873e-16,761,5.274083845760886e-35,0.01845326177202115,0.4909014403820038,0.017104530707001686,0.1337537318468094
PV,HCC_10074592_20130816.nii.gz,3262172,1.1292278887094673e-05,0.4829176664352417,1.4139002604352316e-14,2774,2.181262249631067e-22,0.04192302639075846,0.49928539991378784,0.16850760579109192,0.31530144810676575,3295295,1.7243903264695042e-05,0.49990150332450867,3.122403377520122e-12,904,2.9115189227425174e-17,0.04970594263328819,0.4980970621109009,0.1933359056711197,0.34113508462905884,3293079,3.5225329352725684e-05,0.49995851516723633,8.239010895749743e-08,881,8.056166844738755e-10,0.10396291712158959,0.49174296855926514,0.3525780737400055,0.42470163106918335,3303951,7.209239028471494e-06,0.49394136667251587,6.415137848343918e-21,6106,8.74789855241492e-34,0.01695976513302181,0.49996232986450195,0.015727216377854347,0.11897913366556168,3114313,0.0002238993276969812,0.4994775652885437,2.2165204427437857e-05,11745,6.900773428242246e-07,0.10659508827936626,0.49970847368240356,0.353624552488327,0.4262125492095947,3288061,6.603304635874484e-05,0.4997464418411255,1.900390458331458e-07,9633,1.239160076632606e-11,0.0347812399964635,0.49999773502349854,0.11763568967580795,0.27189889550209045,3305975,7.867269973104506e-06,0.4878215193748474,1.3262727027729682e-10,952,1.6569660208254518e-14,0.04530527867592407,0.4996480941772461,0.18298044800758362,0.31335878372192383,3309769,1.677768019839433e-05,0.49785348773002625,1.5786183471533377e-10,1383,6.007875522350296e-16,0.023408303073295958,0.49882984161376953,0.04763415828347206,0.18806326389312744,3307821,2.847942232217273e-05,0.499935507774353,7.079667518894439e-09,4236,2.193316464864023e-13,0.0243525057564861,0.49967214465141296,0.0543871745467186,0.184818297624588,3306494,4.5370424737511595e-05,0.49873584508895874,3.9503557758280294e-08,1038,4.9196202667189937e-11,0.0929530888317358,0.49999332427978516,0.32878851890563965,0.42218154668807983,3316802,1.826641030147616e-06,0.47819241881370544,1.5028144576969502e-17,899,3.181154036263968e-33,0.023521130041331256,0.4721094071865082,0.040150899440050125,0.21447136998176575
PV,HCC_10076307_20130925.nii.gz,3119388,1.4739640781101832e-05,0.4921487271785736,1.4528250564388445e-12,4490,1.886000489448401e-19,0.04041279874865799,0.49979421496391296,0.1617872267961502,0.2913272976875305,3167145,8.906923370480294e-06,0.48574385046958923,6.427377906840408e-15,1231,5.773330246371008e-17,0.04632335824265732,0.4989100694656372,0.18496540188789368,0.3380236029624939,3166680,5.023111408834188e-06,0.49431636929512024,1.7795845092677398e-13,3132,4.832073695146895e-22,0.04099794206628216,0.4999955892562866,0.16163289546966553,0.3061407506465912,3182402,2.5386363674350556e-06,0.4906083941459656,2.294269237498393e-21,1218,4.35810445724494e-32,0.020105115945064336,0.4951191544532776,0.028029942885041237,0.1625828742980957,2976642,0.0001830043500989,0.49973204731941223,1.1998180525552016e-05,18947,2.3142011684740282e-07,0.09157271580914395,0.49990007281303406,0.3268386423587799,0.4125094711780548,3155074,0.00011818557807537107,0.49901092052459717,1.563804943316427e-07,6201,2.3161082773892616e-10,0.057038902118277675,0.4983745217323303,0.2289327085018158,0.35655421018600464,3169440,1.4726995996061106e-05,0.49698030948638916,4.450373125575169e-10,1203,2.305075863867569e-15,0.03890682839568333,0.4839111864566803,0.14183123409748077,0.2809748351573944,3181086,2.2756637624772033e-05,0.4995758533477783,5.702610259006313e-11,491,9.946617240612113e-17,0.04476481634512333,0.4875381588935852,0.2024708092212677,0.30546146631240845,3179268,1.741318350149876e-05,0.4963018000125885,1.0203716760415205e-09,4075,2.744739114809991e-14,0.02911061739391404,0.4996569752693176,0.08450039476156235,0.23468860983848572,3173846,3.914747411045048e-05,0.4999043047428131,4.570399170233941e-09,1853,5.46381516419725e-14,0.05348174229616443,0.49634888768196106,0.20929557085037231,0.36225977540016174,3187135,3.6864832397078507e-06,0.48714661598205566,6.904100437411982e-16,711,0.0,0.016552146030269613,0.495105504989624,0.011054938659071922,0.08857360482215881
PV,HCC_10081574_20140213.nii.gz,3333294,1.5793294725433172e-05,0.4989159405231476,2.601591023180047e-16,2677,2.7258364430252973e-26,0.029612342415351302,0.4979248046875,0.09438453614711761,0.23660936951637268,3345720,1.2932386474349035e-05,0.49163225293159485,1.892363507240884e-15,1295,8.0238494311356155e-19,0.04316440589471045,0.4998824894428253,0.1573532074689865,0.29689979553222656,3347086,1.8199354120708227e-05,0.49843019247055054,1.1858772297479447e-10,999,1.2241517512395859e-14,0.06571378250975249,0.4994158446788788,0.2754363417625427,0.36871975660324097,3368327,1.6106650361870455e-06,0.47106093168258667,4.0712371682471684e-22,1640,5.809366967187094e-38,2.0510178773816577e-06,0.0022961643990129232,9.891956536929678e-15,1.299253131296918e-13,3156449,0.00022408041658764145,0.49997174739837646,1.4581622963305563e-05,12143,8.225092642533127e-07,0.09759304557230683,0.4998619854450226,0.3368586003780365,0.4181554317474365,3307966,0.00010953265089156799,0.49845412373542786,2.2487334661036584e-07,12545,5.7458399149723505e-11,0.051309928988924,0.4998907148838043,0.2016192078590393,0.337449848651886,3357806,1.4362271175436223e-05,0.49536293745040894,2.3261136072871835e-10,647,1.7741465577463672e-13,0.04475137886240502,0.4994058609008789,0.15621764957904816,0.314504474401474,3358567,1.2574643417478082e-05,0.4977833926677704,3.2592931131780745e-10,953,1.056076545115879e-13,0.03903904099192289,0.4984751045703888,0.1615367829799652,0.2735368013381958,3359949,1.6709554799758145e-05,0.49389877915382385,4.7346131459846674e-09,3966,1.3017308212522494e-15,0.026984152448391564,0.49923810362815857,0.07457868754863739,0.21222274005413055,3359228,3.8814536268461025e-05,0.49957871437072754,3.3367296481401354e-08,894,1.1463260563004951e-08,0.08855138555605979,0.49996304512023926,0.33022648096084595,0.41468536853790283,3368913,1.4127089044393172e-06,0.49965888261795044,4.097511128994715e-18,417,2.465199573279395e-27,0.018117700251062963,0.4809764325618744,0.013620235025882721,0.16057676076889038
PV,HCC_10136895_20170421.nii.gz,3311140,4.319652119817601e-05,0.4993201196193695,5.102501754450373e-10,22164,3.827166254744429e-23,0.03211227940635379,0.49974846839904785,0.10429052263498306,0.262520968914032,3475571,2.011209105625702e-05,0.4988451600074768,4.167177806166725e-14,503,1.7174583153214962e-12,0.08613587594735556,0.4948939085006714,0.3405655026435852,0.4205310642719269,3469669,6.852233462243778e-05,0.4996172785758972,1.0604059070828953e-06,1899,4.003461798185448e-11,0.08080212616528679,0.49980637431144714,0.297107070684433,0.3956056535243988,3501190,4.373411402462314e-06,0.49602603912353516,1.9834539008992837e-20,908,3.656618277732394e-39,0.015001863938740072,0.49761271476745605,0.008716873824596405,0.10556208342313766,3265190,0.0003667773471419447,0.4997890889644623,3.247468339395709e-05,17984,7.256481637796242e-08,0.09046670053060801,0.4999787211418152,0.31790217757225037,0.40454161167144775,3433427,0.00017732780880322065,0.4998672306537628,1.7791375057640835e-06,12772,9.99371349563738e-11,0.051349583982524906,0.4992075562477112,0.20450949668884277,0.33354008197784424,3492492,1.123305329450108e-05,0.49531400203704834,1.2666017124018936e-09,704,4.417748193766323e-15,0.04545248023280762,0.49683281779289246,0.17922087013721466,0.29951441287994385,3492935,3.510962546109238e-05,0.4987023174762726,2.477159311009558e-10,1301,9.08848564711972e-15,0.036486088269566695,0.4996010959148407,0.1216718778014183,0.2801898121833801,3484267,5.5651671613316454e-05,0.49801579117774963,1.8895464748425184e-08,6469,2.690353636484316e-13,0.034926493347952725,0.4983929395675659,0.11442221701145172,0.26139557361602783,3477982,0.0001416948915540161,0.49975907802581787,1.2713945807263372e-07,4919,3.415051130772895e-09,0.02567206772594167,0.4982134997844696,0.05406777560710907,0.19089989364147186,3501136,8.376657712933183e-06,0.48958122730255127,2.6951120963225168e-17,1184,9.078528011760781e-33,0.004111571369283722,0.4357437789440155,4.8200792690522576e-08,0.0001068065466824919
PV,HCC_10140276_20170721.nii.gz,2466709,3.330866279617476e-06,0.4744097590446472,1.9767330974548755e-16,4185,6.091311583622517e-27,0.02707947712767934,0.4997747838497162,0.07639897614717484,0.21055804193019867,2479756,7.341167734721179e-06,0.4967675805091858,9.41204376264139e-15,1502,4.1671839244772385e-26,0.03822816409489453,0.49971288442611694,0.1407141238451004,0.2933838367462158,2480798,8.60663242140105e-06,0.494782030582428,5.056727606089773e-13,2233,8.542577236700975e-20,0.0360488026293976,0.4996524453163147,0.12473707646131516,0.28344669938087463,2495715,2.5994734385525084e-06,0.46404221653938293,4.238340595612613e-24,933,0.0,0.011545168071490924,0.49820053577423096,0.001223053433932364,0.03579869121313095,2326711,0.00018144178735305722,0.49980518221855164,6.234809461602708e-06,16280,3.323600006321925e-10,0.08140807124386928,0.4998590648174286,0.3060421347618103,0.3995557129383087,2451867,0.00013301620348388278,0.49972739815711975,1.0613845802254218e-07,10169,4.858686803582701e-12,0.04859104800010172,0.4999498128890991,0.18863101303577423,0.33072346448898315,2487750,7.688223129153463e-06,0.4846210479736328,4.182334166491497e-12,624,1.705865063463853e-16,0.04949081226063404,0.49956151843070984,0.17116409540176392,0.3477480709552765,2490955,1.57076841354487e-05,0.48258617520332336,9.964498844106107e-13,476,2.7089638312497583e-16,0.03381852335978736,0.4797403812408447,0.1276874989271164,0.2571365237236023,2487047,2.8531704720158333e-05,0.49654728174209595,2.2127327747867298e-11,4312,7.009213148165821e-19,0.016123021615162082,0.49514874815940857,0.016297491267323494,0.10721774399280548,2486814,4.162676576686284e-05,0.4996160864830017,2.0843005099635548e-09,2237,1.6352776720660895e-17,0.04832849463426293,0.4995253384113312,0.19393044710159302,0.3189759850502014,2496413,1.6887350804270526e-06,0.4899336099624634,8.26320510152095e-18,809,0.0,0.014659161833783324,0.4977453649044037,0.0006828538025729358,0.057571351528167725
PV,HCC_10142924_20170911.nii.gz,2874073,6.618512014041475e-05,0.49994194507598877,5.219263064272506e-13,14474,3.098648160063031e-23,0.01602378785217919,0.49953609704971313,0.009243017062544823,0.10087009519338608,2941779,8.638795762190703e-06,0.4968976378440857,1.1530854328550659e-14,1434,4.758420993799071e-18,0.04329560121186863,0.49671226739883423,0.16981205344200134,0.29812347888946533,2941318,3.913625526732539e-06,0.48870718479156494,4.5155470413727784e-15,2321,2.716274369751465e-20,0.03351436080657433,0.4989906847476959,0.12211862951517105,0.24430502951145172,2953575,2.7131033665557036e-06,0.4929243326187134,6.387730498090035e-23,1313,9.715369691514862e-36,0.017255814935366872,0.49191442131996155,0.02782701887190342,0.10212607681751251,2759554,0.0003089995056520099,0.4995582401752472,1.825271283451002e-05,20001,4.2821329815367903e-10,0.07306528474678584,0.4999206066131592,0.28200677037239075,0.38616880774497986,2888560,8.991411951068804e-05,0.49925515055656433,3.2887492125155404e-06,12256,2.080840832974218e-09,0.0643595675687612,0.49961698055267334,0.24144572019577026,0.36511191725730896,2951782,1.12777160749166e-05,0.4979240298271179,6.221177045739879e-11,559,1.785620161118013e-14,0.04244453190824139,0.4850926399230957,0.2009110450744629,0.2659355103969574,2956580,1.5360473993602555e-05,0.491283118724823,8.423464183116014e-12,511,1.2475536584886021e-21,0.045495892620306504,0.4966568648815155,0.19692692160606384,0.34775087237358093,2951525,1.597213389506203e-05,0.49836719036102295,6.468385722879777e-12,4303,8.862611667581975e-25,0.014334542083995394,0.4986414909362793,0.007802269421517849,0.07805931568145752,2948048,3.157330685966476e-05,0.49971768260002136,1.5468379910288377e-09,2156,3.3094631635838256e-13,0.04277125782318017,0.4987673759460449,0.16387344896793365,0.3285068869590759,2958972,5.383655993347181e-07,0.4281098246574402,9.6692093181749e-17,1316,2.4112743426862287e-34,0.009870014739298525,0.4871614873409271,0.00047740695299580693,0.017183927819132805
PV,HCC_10147777_20171222.nii.gz,3025144,1.075688766177154e-05,0.48830845952033997,1.1747049959216663e-16,1713,9.939168303420193e-20,0.03792270157710964,0.4980621635913849,0.14141777157783508,0.29714831709861755,3021051,1.5762503983797908e-05,0.4990278482437134,7.838845674998374e-13,1881,8.787481343829631e-23,0.04987490637359149,0.4994671046733856,0.20964208245277405,0.3363456726074219,3016657,3.238302646126896e-05,0.49992799758911133,6.54621745699302e-10,1355,6.25030192533127e-12,0.06584812603003924,0.49907758831977844,0.27332350611686707,0.36829590797424316,3046378,4.481465684807443e-06,0.4660515785217285,4.2048376414134403e-22,590,7.583740375238374e-34,0.01641788213940812,0.4913610517978668,0.0031808519270271063,0.10046906024217606,2850363,0.0002180546242502974,0.49955978989601135,1.4311548511614092e-05,12591,8.017269692572881e-08,0.09537457481775628,0.4997692108154297,0.3343947231769562,0.4189212918281555,2974945,0.0001435745082320783,0.4999743700027466,1.3238188500963588e-07,22522,6.626136445087027e-11,0.029831645839093656,0.49998044967651367,0.08237312734127045,0.2358883172273636,3035822,1.2145374416912466e-05,0.4899178147315979,1.668398474929944e-10,960,6.815900061284694e-15,0.0425761576003436,0.4990556240081787,0.15484534204006195,0.3154336214065552,3042223,1.6164100675837993e-05,0.49583253264427185,9.638537190603813e-11,1064,3.095799807793857e-16,0.02997068951758968,0.4910036623477936,0.07042420655488968,0.25501713156700134,3038756,1.5829818662050714e-05,0.4979657828807831,2.3448212815857516e-10,4297,1.6202077647943534e-17,0.020258593524464418,0.499185711145401,0.02334188111126423,0.15260270237922668,3035319,5.313619844189487e-05,0.49977076053619385,1.431379104133157e-08,2422,2.412671028673846e-13,0.04982163437044545,0.49671849608421326,0.2023613452911377,0.3388689160346985,3047837,1.6199394021778622e-06,0.47505828738212585,1.73917354223622e-17,840,1.5250523916232574e-35,0.013678868739205638,0.48485589027404785,0.008226430043578148,0.08862905949354172
PV,HCC_PA0.nii.gz,17904422,5.202697359746987e-05,0.49985525012016296,1.4939843140382436e-06,10444,2.0642850984131655e-07,0.10553320117250031,0.49992871284484863,0.35783496499061584,0.4314422607421875,18179766,2.7375143664200117e-17,9.723483129775445e-11,1.2765108566261576e-20,0,nan,nan,nan,nan,nan,18153789,4.038831537865193e-05,0.4999336004257202,2.182543425988115e-07,1024,9.845989579204684e-10,0.09376196702885078,0.4992498755455017,0.3476504385471344,0.4292107820510864,18139044,4.295331859871691e-06,0.49923211336135864,1.4348857388726821e-12,8535,4.463054318518841e-17,0.027626827030214594,0.49946531653404236,0.07373512536287308,0.213511124253273,16808057,0.000682252804802497,0.49999892711639404,0.000284962123259902,45363,0.00018468698544893414,0.18195598116440845,0.4999861717224121,0.4152625501155853,0.45729291439056396,17966687,0.00022005781639460582,0.4998440146446228,3.717325671459548e-05,116406,3.146701141028361e-15,0.01475300405501131,0.49966999888420105,0.01196766272187233,0.08616330474615097,18117844,2.320551759827841e-05,0.4994310736656189,6.191806960487156e-07,1219,1.2878756479040021e-06,0.09864285252923621,0.4992073178291321,0.3428727388381958,0.41996026039123535,18128016,1.4586044790690602e-05,0.4996257722377777,5.815004300302462e-08,3391,3.310631768727035e-09,0.07052351137195656,0.49986448884010315,0.27987027168273926,0.3819168210029602,18126964,5.097316472653436e-05,0.4998737871646881,7.460880624421407e-08,16154,3.7780639356813106e-16,0.04930748720735009,0.4998539984226227,0.19548299908638,0.3309512734413147,18110925,2.672744571908236e-05,0.49793171882629395,6.427414973586565e-07,11692,5.3846429537429685e-09,0.06151208553736356,0.49999141693115234,0.24595916271209717,0.3655458688735962,18167660,5.01621561712651e-06,0.4992953836917877,1.0519956017418508e-09,3546,1.2854770026216045e-10,0.028601976615270457,0.4986284673213959,0.07499389350414276,0.22811245918273926
PV,HEM_PA101.nii.gz,9526260,1.5987331183601957e-05,0.4990859031677246,5.633586752651354e-08,3100,2.2245899566897265e-10,0.07633847097036345,0.49821561574935913,0.30456143617630005,0.40818557143211365,9533673,1.7676085798182366e-05,0.49870872497558594,5.430720761978591e-09,923,6.32227215024983e-10,0.10278825176100839,0.4938410222530365,0.352653443813324,0.4295964241027832,9512747,2.9375074050620124e-05,0.4999934434890747,8.13894757811795e-07,1808,8.259639230345783e-07,0.11557377439334166,0.4996837079524994,0.3593243658542633,0.42851415276527405,9568668,2.8198063889326607e-06,0.496242493391037,4.88307204562956e-19,1693,3.2499155691112943e-26,0.035372360605911375,0.4990825355052948,0.12963230907917023,0.2945288419723511,8993990,0.0003688019324573789,0.4999536871910095,0.00012260046787559986,23380,7.463106157956645e-05,0.13950747990063575,0.4999810457229614,0.3850606679916382,0.4428369104862213,9476361,7.130018500268602e-05,0.49951422214508057,4.050423285661964e-06,10247,1.2707222367680515e-06,0.10252086116249624,0.49996674060821533,0.3464782238006592,0.4236026704311371,9548410,8.868372609325514e-06,0.4998367428779602,7.357289444342996e-09,1587,5.336890374074699e-10,0.07737948522838785,0.49782606959342957,0.29383593797683716,0.4107986390590668,9566148,1.2005421948488515e-05,0.4993504285812378,9.46131506474046e-10,1245,1.3932615911677049e-12,0.05615207621248078,0.4932909607887268,0.22415705025196075,0.3478979766368866,9557548,2.7233038680830852e-05,0.499611496925354,7.738745644303435e-09,7296,1.644940185853514e-14,0.031094716661490232,0.49975311756134033,0.09453926235437393,0.24151724576950073,9548641,2.5120184180313938e-05,0.49894705414772034,1.3197080761528923e-07,3456,1.1862102966553323e-10,0.06616694100442527,0.4990234375,0.26737919449806213,0.374289870262146,9577887,3.029675947214944e-06,0.497419148683548,2.81976070097556e-12,1570,1.362832833304194e-17,0.03316402902239245,0.499738484621048,0.11244074255228043,0.24830573797225952
PV,HEM_PA107.nii.gz,8615778,2.4459417080349493e-06,0.49165886640548706,2.204413540596306e-09,6912,9.595076740521319e-14,0.038334714084132714,0.49934402108192444,0.1448899358510971,0.2913118004798889,8609238,2.3252117539429335e-06,0.4963186979293823,2.533760756762149e-08,6082,1.0864544940786258e-12,0.049819697408074064,0.49947822093963623,0.2037685513496399,0.3414750099182129,8604804,8.121644041913922e-06,0.4936370849609375,9.510032583648353e-08,5692,1.2077602251636677e-09,0.0568235265496518,0.4993579387664795,0.22254741191864014,0.3476671278476715,8663426,5.46115556846034e-06,0.4954712688922882,6.004598778702565e-18,970,9.38975953679777e-31,0.02479185824121341,0.47792768478393555,0.056393641978502274,0.18488620221614838,8168365,0.00017142077221207554,0.4993950426578522,3.634992754086852e-05,30907,3.1110571399040055e-06,0.11059322721729607,0.49999815225601196,0.35012727975845337,0.42503872513771057,8580091,4.298013787246959e-05,0.499808669090271,2.5610916054574773e-06,25643,2.0257284738534054e-10,0.048755215777266506,0.4998907148838043,0.19072225689888,0.32019728422164917,8646600,1.882098215485821e-05,0.4978755712509155,8.097059023270958e-09,179,8.045661274991289e-07,0.1084140701042852,0.4996775686740875,0.33656755089759827,0.43939346075057983,8653853,2.8699870697585243e-05,0.49881941080093384,7.012940006489998e-09,583,4.188731653198552e-11,0.06662494102463962,0.49969929456710815,0.2679392397403717,0.3491678833961487,8640405,1.2160062111283455e-05,0.497911274433136,9.988704086083544e-09,11551,2.0475711986936256e-14,0.03217894346950468,0.49992597103118896,0.10743409395217896,0.25050103664398193,8630656,2.2217142481718827e-05,0.4998701512813568,7.250754663346015e-08,9419,1.6571343093314123e-13,0.03869177726290908,0.499916136264801,0.13949421048164368,0.29039236903190613,8666726,5.639467043708109e-07,0.4509233236312866,2.0718557078303057e-12,2678,5.797971042396645e-21,0.015394662786255522,0.49818503856658936,0.00888808723539114,0.0916118174791336
PV,HEM_PA13.nii.gz,16476482,1.9660034496815603e-05,0.4985649287700653,3.043993274332024e-06,52338,8.562031292291827e-14,0.07793816589422031,0.4999954104423523,0.29285451769828796,0.38954001665115356,16870497,1.761626257968837e-05,0.49927228689193726,2.218266217823839e-06,8414,7.307412488444243e-07,0.10830602762323593,0.4999910593032837,0.35286712646484375,0.42230966687202454,16902202,6.40072000269991e-06,0.49655479192733765,8.173226433427772e-07,6814,1.1110959263760378e-07,0.07219771479335946,0.4997003674507141,0.2748177945613861,0.3798470199108124,16937166,4.33007022509126e-06,0.49470406770706177,9.287471643528236e-14,6674,3.2968418618691647e-18,0.026550688450020468,0.49974003434181213,0.060989558696746826,0.22566638886928558,15426931,0.0006577840191379629,0.4999743700027466,0.0003466218477115035,66830,3.033407210750738e-06,0.15590886238512267,0.49999552965164185,0.39858680963516235,0.44926050305366516,16741924,0.00014591625560932665,0.49960780143737793,2.9338492822716944e-05,106144,2.724126479947131e-11,0.03833647488383835,0.4999537467956543,0.13485142588615417,0.28623726963996887,16925278,1.538170066553626e-05,0.4999663829803467,1.2811820226943382e-07,1795,6.332790007945732e-07,0.08120405337382516,0.49989810585975647,0.30156856775283813,0.4101161062717438,16938553,2.025570701968446e-05,0.49984169006347656,3.091846068059567e-08,3480,2.15739826003869e-09,0.055897475423533224,0.49968788027763367,0.2124912589788437,0.34299367666244507,16939229,4.3393947901174466e-05,0.4994724690914154,2.1314262710347975e-07,6745,1.1435635549617018e-08,0.06745469221820301,0.4998324513435364,0.2578378915786743,0.37855568528175354,16896722,3.168870545076158e-05,0.49966588616371155,1.3475031437337748e-06,13192,5.275440972951628e-09,0.06660513110029752,0.4997549057006836,0.26242709159851074,0.37290623784065247,16962368,1.9882955793333937e-06,0.48282402753829956,4.092175209802207e-10,5430,4.215800207844553e-14,0.02615387133643418,0.4998210072517395,0.06625626981258392,0.2056986689567566
PV,HEM_PA24.nii.gz,12906156,2.020641387060864e-05,0.49794644117355347,7.380236866083578e-08,10014,2.5304058848263367e-10,0.06153536261868695,0.4998473525047302,0.24455778300762177,0.36259913444519043,12898779,3.260548018343493e-05,0.4997391402721405,6.68167103867745e-07,7238,4.582491275328948e-09,0.0920763955366392,0.49992436170578003,0.33195775747299194,0.4164668023586273,12866182,4.4281888366047634e-05,0.49803856015205383,8.786671514826594e-07,11686,6.746211056452012e-08,0.08576055884522742,0.4999814033508301,0.30490541458129883,0.400664359331131,12998155,1.4811542181432465e-05,0.49992501735687256,9.304342235907925e-13,4471,8.56795679597764e-15,0.024963016843053385,0.49790525436401367,0.053154539316892624,0.20452776551246643,11836644,0.0004329829887938008,0.4998883306980133,0.0001235860399901867,134413,3.213023660464387e-07,0.10469419141230779,0.4999963045120239,0.3431008458137512,0.42026686668395996,12747353,0.0002222534890102529,0.49993187189102173,2.0475355995586142e-05,95761,2.9903915454987384e-10,0.028929513987981142,0.4999810457229614,0.08125823736190796,0.2187182605266571,12974521,1.655067265207789e-05,0.4982645809650421,1.2867272403127572e-07,3009,3.868412079555128e-07,0.08948104513383011,0.49912986159324646,0.32736095786094666,0.4137977063655853,12979834,4.5118194035195006e-05,0.49961143732070923,1.450554663051662e-07,2722,9.104685005922875e-09,0.061765869882032795,0.4998038709163666,0.22749659419059753,0.3581439256668091,12964671,6.739929475137336e-05,0.4995097517967224,1.664430328673916e-06,13220,1.1964400303821066e-10,0.06441469357186046,0.49997830390930176,0.25508955121040344,0.36957040429115295,12950715,3.3990911831516297e-05,0.499892920255661,1.9192352738173213e-06,14885,1.866584664611537e-09,0.057101298132331356,0.49993205070495605,0.21922951936721802,0.3510217070579529,13016592,1.5695544489595353e-06,0.4963957667350769,1.79960094135595e-12,1140,2.606934037131109e-13,0.03846490403735859,0.4996892213821411,0.13807615637779236,0.293332040309906
PV,HEM_PA29.nii.gz,10439570,9.503193113533975e-06,0.49881377816200256,1.4028553874112504e-09,5068,4.1373363068863966e-10,0.06684881381340664,0.49975013732910156,0.26788538694381714,0.3879328668117523,10490600,5.973973031927955e-06,0.49919283390045166,2.952466049421787e-09,1615,9.020942326465331e-11,0.06172572126738773,0.4967183768749237,0.2563093304634094,0.3696413040161133,10486094,6.2152937612170456e-06,0.4978134036064148,2.1240001077393877e-11,1920,6.727193888750316e-12,0.05409925096985963,0.4998592436313629,0.22600848972797394,0.35124269127845764,10530907,5.811467897442902e-06,0.495455801486969,1.592954301045434e-15,0,nan,nan,nan,nan,nan,9697236,0.0004512348979882922,0.4999788999557495,0.0001313397369813174,40012,8.147113840095699e-05,0.1516846922096274,0.49986061453819275,0.39004912972450256,0.4454767405986786,10235971,0.0001092168671420998,0.49991393089294434,2.779981878120452e-05,58820,3.026455885901669e-07,0.08068752476682058,0.49998950958251953,0.28848081827163696,0.3896394670009613,10488139,1.8136621885727638e-05,0.4985659122467041,9.942914402927272e-08,1292,8.943343843270668e-09,0.10012638561024531,0.4999583959579468,0.3557097017765045,0.4217669665813446,10503154,1.702859894899184e-05,0.49995195865631104,2.041729452173513e-08,2281,3.2033254629589003e-13,0.04610871195852376,0.49900585412979126,0.17697694897651672,0.32775360345840454,10511083,2.2405270616017245e-05,0.4997197687625885,9.191471406211349e-08,7814,3.737759342488378e-13,0.04721663915880161,0.49981850385665894,0.18543164432048798,0.3284827768802643,10486363,3.2134375555152624e-05,0.4983102083206177,4.068864427608787e-07,6566,3.0060903852963117e-13,0.05498218935236085,0.49889761209487915,0.21702557802200317,0.34141117334365845,10524076,2.946602396467092e-06,0.49467232823371887,1.0890474633207248e-10,3315,1.2334046544520971e-14,0.03365262179972707,0.4990812838077545,0.11538001149892807,0.28078383207321167
PV,HEM_PA34.nii.gz,14460113,2.500289629047157e-05,0.4999805688858032,1.8348985975080723e-07,10082,6.042364091712882e-12,0.07238586803495248,0.4999912977218628,0.2887931168079376,0.3889249563217163,14506064,2.9277290398419536e-05,0.4994971454143524,6.107100603003346e-07,10236,2.155608802567599e-09,0.07256162246910312,0.4999867081642151,0.2811688184738159,0.3936551809310913,14473015,3.743327640600204e-05,0.49992692470550537,1.5747737052151933e-06,8597,1.6272815628326498e-07,0.09159710179329247,0.4999370574951172,0.3257414400577545,0.41182053089141846,14603258,3.316357793297825e-06,0.49889642000198364,8.583964702241209e-14,4496,2.0364940594823307e-18,0.022090625379969135,0.49815112352371216,0.0427398681640625,0.16704899072647095,13329709,0.0005114881739297886,0.49998658895492554,0.00024544179905205965,79194,2.8486990686360514e-06,0.12659793303012712,0.4999963045120239,0.36481645703315735,0.4295620620250702,14495529,6.43950810578485e-05,0.4999746084213257,1.5887175322859548e-05,35817,6.0060409978746065e-09,0.059316038967788,0.499941349029541,0.22732524573802948,0.3526146709918976,14591171,7.5329329959663035e-06,0.49705013632774353,6.205410407744694e-09,3321,4.716254942138676e-09,0.08055950653379232,0.49991169571876526,0.30533260107040405,0.4098707437515259,14594627,1.4342935816779445e-05,0.49660229682922363,2.86881474131917e-09,3993,1.3562453243798345e-11,0.04634230767540465,0.4978462755680084,0.18033522367477417,0.3223299980163574,14589733,4.607548821759829e-05,0.4996778666973114,4.657600172208731e-08,7522,2.6982883700836513e-13,0.05661474734291424,0.49905925989151,0.22423765063285828,0.3484029173851013,14543486,2.1690022033982333e-05,0.49999284744262695,4.2097713048860896e-07,12952,2.3909046617531793e-11,0.05716229427141967,0.49983489513397217,0.2235703319311142,0.347074955701828,14621676,7.400865837413296e-07,0.4978411793708801,3.932714885083316e-13,1117,5.703071563313783e-15,0.0253535794860531,0.49229076504707336,0.05221977084875107,0.2023964524269104
PV,HEM_PA56.nii.gz,4215025,1.0020305800008117e-05,0.4971703886985779,2.6953884003227957e-13,3287,1.9118868239904996e-22,0.04189900216437496,0.4983038306236267,0.160231813788414,0.32404616475105286,4217552,1.9622236613019823e-05,0.4940500259399414,9.183683147284682e-09,2133,2.0780753506866034e-10,0.0547559991582761,0.4994041919708252,0.22811557352542877,0.3363898694515228,4211811,2.0442929451050824e-05,0.49880850315093994,1.0441364395319397e-07,2828,2.0175248190840156e-12,0.05947017217861448,0.49935901165008545,0.24375863373279572,0.35765495896339417,4252535,2.1966259340020953e-06,0.48753663897514343,3.2918075760376816e-20,1820,3.5433113331659634e-35,0.01976970193775811,0.4961891770362854,0.01816941611468792,0.13658185303211212,3840505,0.00038024408435696994,0.49985435605049133,5.7105356972897425e-05,27541,6.5353556237823796e-06,0.12354799066520472,0.4999956488609314,0.36738377809524536,0.43276211619377136,4210082,0.00022461940914930912,0.4998268485069275,6.197762445481203e-07,12977,1.5713376780301935e-11,0.03860137957788179,0.4995966851711273,0.1366131454706192,0.2828046679496765,4243951,7.820873663448654e-06,0.49357154965400696,6.729904827862399e-11,768,4.830793561396221e-14,0.06385565982028672,0.4893343150615692,0.27208825945854187,0.3819081783294678,4244128,1.4795638638083487e-05,0.49715185165405273,2.249222891270719e-10,2174,4.6111451915031485e-16,0.03474793654861806,0.49799227714538574,0.11467524617910385,0.27718856930732727,4241617,2.415024713856376e-05,0.49774086475372314,7.766952081489364e-10,5711,4.115459100055434e-20,0.024270303327468504,0.4987610876560211,0.04815666750073433,0.19453583657741547,4238814,3.3579525079163e-05,0.4967426359653473,2.817406041799586e-08,3422,1.0308067333736348e-12,0.044189643721748516,0.4991963803768158,0.1773727983236313,0.3141375184059143,4254942,7.709598034022543e-08,0.23354992270469666,6.797093309347468e-17,1626,0.0,0.008007961600095927,0.4805256426334381,0.00016640970716252923,0.01361424382776022
PV,HEM_PA66.nii.gz,3171936,5.789002233730248e-06,0.4997906982898712,1.5037992552591195e-14,2217,1.0368723840491656e-23,0.03403121485336618,0.496738463640213,0.11751920729875565,0.2628360688686371,3158475,1.037397115736633e-05,0.48921120166778564,3.5940955073199277e-13,2575,3.3378065684962516e-24,0.03364030778332474,0.4988614022731781,0.10444771498441696,0.29745543003082275,3157170,5.9192477451889424e-06,0.4971243143081665,8.929764305776189e-08,3730,2.996580305940355e-14,0.04592671191572469,0.49815669655799866,0.17719225585460663,0.3208645284175873,3189101,1.8477704495498173e-06,0.4959782361984253,2.5929325315731453e-22,750,0.0,0.020752790595444645,0.49468716979026794,0.03713563457131386,0.16347622871398926,2923047,0.000253911124006101,0.4990781843662262,1.5862013242440298e-05,14867,3.638853911525075e-07,0.09681783535129591,0.49994540214538574,0.3301337957382202,0.41169169545173645,3161189,9.316095647954143e-05,0.4979347884654999,2.3638293100702867e-07,10172,1.8636186344123118e-12,0.04354072957515881,0.4998953640460968,0.16397950053215027,0.3168116509914398,3180526,6.241773146718619e-06,0.4967998266220093,1.7212641034713982e-11,819,4.1381368474657256e-16,0.04982968580816614,0.4986623525619507,0.19746693968772888,0.3232904374599457,3175098,1.4115337183639072e-05,0.49881690740585327,3.0334058181979984e-11,1322,9.41152270502993e-17,0.03390034371409665,0.4925542175769806,0.12188643962144852,0.2603246569633484,3177980,1.7516557756257134e-05,0.4970442056655884,4.7088173638076825e-11,4320,5.149436610580823e-19,0.027680923607571527,0.4981814920902252,0.07258190214633942,0.2186281383037567,3182414,3.280250350193752e-05,0.4985216557979584,3.888916744188009e-09,3058,1.5684668696500674e-25,0.03532841127505726,0.49961262941360474,0.12415774166584015,0.27382558584213257,3190430,3.3939303064718193e-07,0.49152156710624695,2.4691193053942107e-16,1050,3.4190160069190792e-34,0.016522568304464632,0.4962041974067688,0.004565986804664135,0.10293196141719818
PV,HEM_PA81.nii.gz,10106796,1.4663455695886589e-05,0.4988878071308136,1.1999790050509773e-09,8867,5.3237320801757804e-11,0.05259294807573472,0.499740868806839,0.2163970023393631,0.3526895046234131,10169077,2.623155073451572e-05,0.49904125928878784,4.182552260090233e-08,1138,6.1005178686457384e-09,0.11684643476841088,0.49721524119377136,0.37739869952201843,0.44040751457214355,10168602,2.3483016167185316e-05,0.4988251030445099,1.207325937002679e-07,2036,1.6806094436105923e-06,0.11290759447117746,0.4999963045120239,0.36392033100128174,0.4296036958694458,10245502,3.5267401799664203e-06,0.4972219169139862,3.7065867957294604e-16,856,8.407895947859032e-19,0.03853514847361977,0.494595468044281,0.13982783257961273,0.295810341835022,9378244,0.00040426756464626733,0.4999805688858032,0.00011323437502142042,34438,2.648345684974629e-07,0.15220881083275217,0.4999490976333618,0.3944445252418518,0.4457501173019409,10154902,0.00012120709589619265,0.4998560845851898,1.0756124538602307e-05,9202,5.976577881483536e-07,0.10070856136380237,0.4998484253883362,0.33822518587112427,0.41971656680107117,10233767,8.253870855266093e-06,0.4989517331123352,2.0117696397647933e-10,681,1.2238624003124698e-10,0.08223218297099079,0.4945197105407715,0.2898775339126587,0.37925973534584045,10229795,1.9461832232534476e-05,0.499013215303421,5.743329700713673e-10,2505,2.0710859768038837e-15,0.049934754740954886,0.49914708733558655,0.21168142557144165,0.33423998951911926,10234450,1.0362505013029372e-05,0.49709808826446533,9.847854087752239e-09,6606,4.277511979062891e-14,0.032901725721062605,0.49947649240493774,0.09712264686822891,0.27392974495887756,10213318,2.19311004172228e-05,0.49841880798339844,1.6521237000688416e-07,3933,3.836856166117286e-09,0.07520763946574947,0.4995975196361542,0.2928963303565979,0.39629819989204407,10252366,1.8794555615179545e-06,0.49280062317848206,4.1975786995579467e-13,984,2.2473136918699024e-20,0.03323705773499822,0.4988812804222107,0.09967648237943649,0.30013298988342285
PV,HEM_PA89.nii.gz,5650722,3.5876892016388946e-06,0.4989170730113983,4.371978768461437e-15,1633,3.4325811147145626e-19,0.0397739684001524,0.4996469020843506,0.14385640621185303,0.30279383063316345,5621757,2.4172741335560937e-05,0.4992143213748932,2.856263281447724e-10,2648,2.124555305987874e-12,0.06778327994754701,0.49965447187423706,0.27100443840026855,0.37855252623558044,5619225,1.8200142240462913e-05,0.4992627203464508,1.9565482567429626e-09,4564,1.95716585299488e-11,0.048785929701047184,0.49984943866729736,0.20197905600070953,0.32582607865333557,5653094,1.1591733795686341e-06,0.45504939556121826,7.071601589890821e-22,5486,1.4313246470392907e-38,0.010069446064370605,0.4931100010871887,0.0008073678473010659,0.030571695417165756,5270183,0.00023629005624673335,0.4999210834503174,2.6342488126829267e-05,31272,1.2078666031811736e-06,0.10021073775876323,0.49987390637397766,0.3365335166454315,0.41563624143600464,5621542,3.7354875499354907e-05,0.49891629815101624,7.953131557769666e-07,13208,1.1981755865253518e-10,0.04211916387469635,0.4995226562023163,0.15614809095859528,0.30101194977760315,5651544,1.1742900439960672e-05,0.49226105213165283,6.533175667122748e-10,762,2.9028086601101677e-09,0.08699773275977923,0.49729418754577637,0.33321335911750793,0.41754263639450073,5644741,1.885608138327541e-05,0.49857789278030396,3.0638649950454067e-10,2967,2.253082145731466e-20,0.032039385131846676,0.49963441491127014,0.10455460846424103,0.24841183423995972,5648018,2.095892935954243e-05,0.49789780378341675,4.453699353756946e-10,10694,8.776109193682418e-19,0.017981002385554022,0.49976861476898193,0.026785071939229965,0.1267574429512024,5642667,4.7780792856931144e-05,0.4991759657859802,4.950298393424646e-09,4537,2.055655789361989e-14,0.03801472384262103,0.49618420004844666,0.14918625354766846,0.2830408215522766,5666659,5.380616033470641e-07,0.3766152560710907,3.4973437173736386e-16,930,5.392995650657322e-29,0.019477170425346538,0.49499616026878357,0.028521524742245674,0.14518237113952637
PV,HEM_PA97.nii.gz,3857811,3.795522511609706e-05,0.498742938041687,7.20497056114211e-12,5544,4.5465247276831245e-21,0.040651134536781326,0.4997362196445465,0.15828141570091248,0.29785677790641785,3900751,8.175304958701367e-06,0.49858683347702026,9.018077625801146e-13,1289,8.653043847086193e-19,0.049036212544397044,0.4955979585647583,0.2089870721101761,0.34077540040016174,3900297,1.5541206947654945e-05,0.4999237060546875,6.864689705565752e-09,1904,1.0600831193766092e-12,0.06073635705688034,0.4982919692993164,0.24523773789405823,0.36009371280670166,3928367,4.319892380021762e-06,0.49530380964279175,4.212776989999074e-22,567,9.200243284404623e-39,0.026479724219959967,0.4940073788166046,0.07147883623838425,0.1997394561767578,3680742,0.00021651270473879133,0.4993402063846588,2.449082603561692e-05,17840,3.0222354325815104e-06,0.09126285928175744,0.49990418553352356,0.32101550698280334,0.40652212500572205,3898042,2.627756685851052e-05,0.4998384714126587,2.6995778057425923e-07,11217,1.5287093083917423e-14,0.03589070985395038,0.49940025806427,0.12427560240030289,0.2686637341976166,3924749,1.2060618043855802e-05,0.4988054037094116,1.29177994256241e-12,143,1.1446790543700406e-15,0.0672114813633281,0.4940440356731415,0.2441065013408661,0.39793455600738525,3926181,3.532988573697651e-05,0.49994444847106934,2.940077695190446e-11,821,9.156232007392478e-24,0.03755563973034741,0.4927590489387512,0.12045960128307343,0.28320059180259705,3923042,1.5112129824801627e-05,0.4971369206905365,5.9489626766384696e-12,4009,7.459147495609282e-23,0.02448165705354225,0.49928611516952515,0.05747384950518608,0.19873608648777008,3909592,1.7018509975162867e-05,0.48832055926322937,8.327813438846476e-10,6912,6.465265573138422e-29,0.029093138423429955,0.4991740584373474,0.08178272098302841,0.23228934407234192,3932428,5.635275039904122e-07,0.4464344084262848,1.926120893622961e-16,913,3.741572804728417e-33,0.016191975834002073,0.47770023345947266,0.017294829711318016,0.10310516506433487
PV,HEM_PA99.nii.gz,6232654,5.209207458193269e-06,0.4997529983520508,1.0284973556411864e-13,3223,1.5126650246170083e-20,0.04180901348488884,0.49986377358436584,0.16232600808143616,0.32535937428474426,6221840,2.1473263297505356e-05,0.4990997910499573,1.3345453631075088e-09,1702,2.2738484272560866e-12,0.07077787387314254,0.4987429976463318,0.2974005341529846,0.39928722381591797,6221604,2.4258579651909436e-05,0.4974619746208191,3.483308752549874e-09,2119,9.189407915166647e-12,0.0706548501043919,0.49978259205818176,0.27981001138687134,0.3808472752571106,6261654,3.723341505997154e-06,0.4948497712612152,9.238397044336607e-20,2704,1.0499882671940321e-29,0.011731679433120326,0.4977385103702545,0.002749393228441477,0.053945355117321014,5854254,0.00035250896021660503,0.4999621510505676,8.070098556345329e-05,14384,6.521197792608291e-05,0.1350037743147891,0.49996715784072876,0.3816685676574707,0.44245216250419617,6209212,5.362919562466007e-05,0.49994271993637085,1.8395833194517763e-06,8305,1.198019106141146e-08,0.0742205329305451,0.4998837411403656,0.2855049967765808,0.3853932023048401,6251174,9.856876017644879e-06,0.4994976818561554,1.1888643715318725e-11,683,3.5240256893165345e-14,0.05000466423890362,0.48999685049057007,0.20616592466831207,0.33571696281433105,6262004,2.3510883680437063e-05,0.49602657556533813,1.528502463488124e-10,989,1.1041193581468013e-16,0.04427562371601378,0.4910915493965149,0.19176466763019562,0.3096146881580353,6257166,1.6093530410503188e-05,0.49956509470939636,1.3517376107330392e-09,4754,1.1020527301043988e-17,0.027789690003812626,0.49930259585380554,0.07678976655006409,0.2214159071445465,6245171,1.8377575532351103e-05,0.49691271781921387,2.304760648996762e-08,6573,2.8734663116942527e-15,0.03665479225966853,0.4998183846473694,0.1336497962474823,0.2779364287853241,6269389,6.946345373634201e-07,0.47949862480163574,4.146143945207327e-14,1071,2.195655078929176e-29,0.018696769709548432,0.49755004048347473,0.022601570934057236,0.1268274188041687
PV,HEP_PA28.nii.gz,2721273,7.796054917671103e-06,0.48577389121055603,1.6897519895895524e-13,5845,9.015152306118482e-21,0.03286303422097922,0.4988009035587311,0.11061755567789078,0.266356498003006,2750329,1.676859223591819e-05,0.49680641293525696,1.3533511811214538e-10,1633,5.328919852215259e-16,0.056396133093148296,0.49962204694747925,0.2328701913356781,0.3587489724159241,2749378,7.942822496605786e-06,0.4994795322418213,3.3920294958272867e-12,2427,1.8436249960195898e-20,0.04620090074354995,0.49855175614356995,0.18887057900428772,0.32363027334213257,2774438,9.181267602869916e-06,0.49473243951797485,3.3016971705345745e-22,1449,4.605615565114272e-35,0.019055925168856094,0.4835541248321533,0.015313489362597466,0.14347045123577118,2491772,0.0003638000835324626,0.49947553873062134,3.591300992411561e-05,20242,1.1213187462999485e-06,0.10820338392366224,0.49996113777160645,0.3516126573085785,0.4261639416217804,2725769,0.0001434693880912497,0.49842414259910583,6.83996404404752e-07,12335,1.4026533406985564e-11,0.05468434298450109,0.49979671835899353,0.21576255559921265,0.3484265208244324,2776730,1.2393123116152798e-05,0.4968845546245575,1.917486351990516e-12,386,7.557043302220366e-15,0.052579219731583575,0.4973387122154236,0.2226393222808838,0.32388150691986084,2774531,2.578151220220827e-05,0.49714192748069763,2.0222821681126213e-11,749,8.963116697643304e-17,0.03832324397776807,0.4968445897102356,0.1394343376159668,0.2978939712047577,2776179,4.714710893671184e-05,0.49993884563446045,2.5678759466019052e-11,5206,3.4281563446722574e-20,0.015195200504808846,0.49975550174713135,0.010172748006880283,0.08743563294410706,2767351,2.0219510992327415e-05,0.49810996651649475,2.2808777089267096e-09,5644,1.4527175145947623e-15,0.031011611564271332,0.4999313950538635,0.0937756597995758,0.24191300570964813,2785832,3.0311930882592884e-08,0.06633202731609344,2.956108722319454e-16,1041,1.8030424562964537e-34,0.00751063810504499,0.49970585107803345,0.0003178661863785237,0.006859855726361275
PV,ICC_PA18.nii.gz,14626550,2.8700929153642914e-05,0.49990132451057434,1.2550714245662675e-06,56314,1.846331681293334e-12,0.05765400222596055,0.49990203976631165,0.22867174446582794,0.35296812653541565,14936045,1.4287306581421373e-05,0.4999876022338867,2.1849631082204723e-07,12334,3.327793041130178e-10,0.07153597585102645,0.49995172023773193,0.2788084149360657,0.385628342628479,14960538,2.1864321868692844e-05,0.49622324109077454,7.151009526751295e-07,9485,2.2908389851750144e-08,0.08043966589855346,0.4999736547470093,0.2899705469608307,0.3842633068561554,15044733,1.0085060015983798e-07,0.4744621813297272,1.7632946968867969e-12,7851,2.7757548863582837e-13,0.005136400247488978,0.49657467007637024,0.0004220200062263757,0.004980606958270073,13953907,0.0006445921647543345,0.4999685287475586,0.00018961740715894848,75022,7.325330670937547e-07,0.13941822986621671,0.49999821186065674,0.38200414180755615,0.4403967261314392,14858577,0.00013054276720909875,0.4995480179786682,4.4261058064876124e-05,62084,1.1878806560616795e-07,0.05344951417940517,0.4999459981918335,0.2021731287240982,0.33330875635147095,14988612,1.635407562944658e-05,0.49770650267601013,2.1880678104935214e-06,6542,6.013070219523797e-07,0.08852562014961891,0.4994558095932007,0.3149562180042267,0.4057464599609375,15008450,6.504215806876098e-05,0.49977394938468933,8.414859280492237e-07,4042,9.711653348176696e-08,0.09947508767102818,0.4992440342903137,0.33669984340667725,0.4250146746635437,14997918,7.585537212604947e-05,0.49991726875305176,1.796177798496501e-06,11332,1.4068070319783743e-10,0.05526946147811257,0.49990007281303406,0.222772479057312,0.3501291871070862,14995454,5.022334060138922e-05,0.4996670186519623,1.8187083696830086e-06,16253,4.4511003216562983e-10,0.05293593287158013,0.49990323185920715,0.20236654579639435,0.32341423630714417,15042125,1.4554817936462398e-05,0.49943315982818604,2.9726785477635076e-09,2068,2.8462357803960003e-08,0.0578923872821447,0.4997934401035309,0.23160792887210846,0.34327778220176697
PV,MET_PA13.nii.gz,14457161,1.1571510298948088e-05,0.4992200434207916,2.75023239737493e-07,17292,3.6271702308354747e-10,0.06298455195781279,0.4999489188194275,0.25059109926223755,0.36516720056533813,14481546,2.239517860742293e-05,0.49983924627304077,4.1163639252772555e-07,11723,4.206060832956382e-09,0.0750060098283129,0.49996423721313477,0.2852984070777893,0.3877080976963043,14445227,6.408463527598101e-05,0.49984997510910034,5.134285856911447e-06,11033,6.473959501818172e-07,0.11128430356626227,0.4999821186065674,0.3605297803878784,0.42439505457878113,14580755,8.311783486391186e-06,0.4926125109195709,2.340670842912451e-12,9061,5.601511468319086e-25,0.017510861629326073,0.49888211488723755,0.019334886223077774,0.12025541812181473,13744638,0.0002628667099193222,0.4999873638153076,0.00010513264714973047,50721,3.11332178171142e-06,0.1379672998796806,0.4998779594898224,0.3744741678237915,0.43641024827957153,14464364,0.00011227003279858588,0.4999876022338867,7.670160812267568e-06,88302,3.348229760937946e-14,0.026797058046190845,0.4999723434448242,0.06872646510601044,0.19822120666503906,14577693,1.6128112502993824e-05,0.49905455112457275,3.1114262810660875e-07,3105,8.760483005687547e-09,0.07550859760126316,0.49960941076278687,0.2957778871059418,0.40149813890457153,14574446,2.354814292173358e-05,0.49917861819267273,4.475655046576321e-08,4637,1.9366208636739657e-10,0.05699448715803069,0.49989017844200134,0.23663660883903503,0.3652442991733551,14587326,7.581723904191553e-05,0.499637633562088,5.56394752493361e-07,15054,8.9300993266761e-09,0.03736662499515346,0.49883341789245605,0.12614504992961884,0.2735096514225006,14545244,0.00011974259993331756,0.4998522102832794,1.7097991076298058e-06,13908,9.110612353424585e-08,0.0775681588747983,0.49919211864471436,0.30030184984207153,0.4022667706012726,14617490,2.840514109114338e-06,0.49979349970817566,4.59137242114771e-12,2570,7.969336128510474e-12,0.027750172691309794,0.4959990680217743,0.08023151010274887,0.2214520126581192
PV,MET_PA19.nii.gz,16359328,1.355443179910496e-05,0.4998125433921814,5.194208370085107e-07,10408,1.1039042266012752e-13,0.06062959186627606,0.4993683993816376,0.2441522777080536,0.36310771107673645,16407451,1.5084989673666455e-05,0.49889007210731506,1.1383790621266598e-07,6206,2.2852896400878293e-14,0.06809158057539096,0.4999224543571472,0.27795708179473877,0.38920384645462036,16399019,2.214853845948553e-05,0.49873054027557373,2.575973212515237e-07,5459,2.361461470812287e-09,0.07809510597127232,0.49954479932785034,0.2943209111690521,0.38754236698150635,16473008,1.0500364270888367e-05,0.49856385588645935,2.42718876681397e-13,1918,8.395071546437163e-20,0.02137911837520408,0.4938295781612396,0.033606745302677155,0.16358959674835205,15530808,0.00041282566263306763,0.49997347593307495,8.547616744181141e-05,58380,6.515162112918915e-06,0.1396420225625486,0.499991238117218,0.3814123868942261,0.4409271776676178,16258149,0.00010052331493200917,0.49960726499557495,1.710228571027983e-05,90045,9.971751424586728e-09,0.04824559885958593,0.4999508857727051,0.1762140691280365,0.310626745223999,16415769,1.77903664314333e-05,0.49974751472473145,1.1779079045481922e-07,4244,1.1369990504661587e-09,0.07153485134974084,0.49904730916023254,0.286441832780838,0.39749079942703247,16461151,3.178782764302767e-05,0.4999583959579468,1.889716116920681e-08,2108,1.4182316654398619e-08,0.0736106944774772,0.49903079867362976,0.3005353808403015,0.3999249339103699,16461752,1.2629990688781337e-05,0.499179869890213,6.962135756793941e-08,5899,1.2582954123097068e-10,0.045455081384780265,0.4977009892463684,0.1752534806728363,0.3061113953590393,16426337,5.1053670001884316e-05,0.49956977367401123,3.604202731821715e-07,11762,2.0933993427618702e-10,0.05937124598416873,0.4998033940792084,0.23573441803455353,0.3573048412799835,16468188,1.0934674457070909e-05,0.4978819489479065,3.4270816740011867e-10,7753,3.485684044156887e-16,0.04258057683386313,0.4989986717700958,0.1700134575366974,0.30712881684303284
PV,MET_PA25.nii.gz,15564249,9.910396097327938e-06,0.4982888996601105,1.2670038529449812e-07,19130,4.8123001216522285e-14,0.042176529548533744,0.49967023730278015,0.16186560690402985,0.30984193086624146,15645232,1.641006869226699e-05,0.49864447116851807,4.802148509952531e-07,14899,5.294654492615791e-09,0.07043930664790604,0.4996018707752228,0.27390387654304504,0.3831566572189331,15755262,2.17974688577611e-05,0.499841570854187,9.750867648039563e-13,0,nan,nan,nan,nan,nan,15757207,8.569035519297678e-06,0.49974167346954346,3.296632444024089e-13,3570,1.2475913551757752e-14,0.02900125074585004,0.4992987811565399,0.07911975681781769,0.23105208575725555,14856131,0.000310933117234009,0.4998919665813446,0.00011214413098059595,62623,2.0528430468402803e-05,0.13285953189840213,0.499980092048645,0.37196606397628784,0.4363926947116852,15556167,8.67673776854424e-05,0.4999551773071289,9.479158507019747e-06,99980,4.8910953065473e-10,0.0311292253664366,0.4999818801879883,0.08862385153770447,0.22316254675388336,15713929,1.6176186428305365e-05,0.4977172315120697,2.011254309763899e-07,3860,5.491631149823206e-09,0.06472435606059453,0.49904826283454895,0.2478903979063034,0.36703670024871826,15740863,2.543482214506999e-05,0.4992682933807373,3.274972826261546e-08,3253,7.817763797435262e-11,0.059122817287516394,0.4999610185623169,0.23132763803005219,0.3511767089366913,15719298,3.6174569608619444e-05,0.4997926652431488,3.319048005323566e-07,15750,9.76735944728524e-13,0.051599761390175705,0.49935436248779297,0.2041764110326767,0.34064018726348877,15690804,2.9984203479040515e-05,0.4999951124191284,4.525254269083234e-07,15386,7.424407200140593e-10,0.057727398010604176,0.4999992847442627,0.230142742395401,0.35936790704727173,15766102,4.8798183167422535e-06,0.49436694383621216,6.091453730316942e-11,3623,4.3603835819805425e-13,0.024038653896478746,0.4989393949508667,0.04951462522149086,0.18767894804477692
T2,CYST_PA19.nii.gz,5124375,0.00026005999293533924,0.49962446093559265,3.046722341082386e-08,0,nan,nan,nan,nan,nan,5129227,8.430560371286046e-05,0.4997180998325348,1.859519045410707e-07,0,nan,nan,nan,nan,nan,5126326,7.957745350469277e-05,0.4990043342113495,7.551637537517308e-08,0,nan,nan,nan,nan,nan,5159925,1.4203742624883006e-05,0.49731239676475525,6.502744727965168e-18,0,nan,nan,nan,nan,nan,4822655,0.0010667844012554938,0.4999353885650635,0.00019052141578868032,45571,1.959774644174603e-21,0.09377309444142104,0.49994248151779175,0.34684330224990845,0.4269733428955078,5116453,0.000729727034152672,0.4999890923500061,3.7587528822768945e-06,0,nan,nan,nan,nan,nan,5154073,4.568082597864256e-05,0.4989517331123352,1.434376749320787e-11,0,nan,nan,nan,nan,nan,5156595,4.323899127336903e-05,0.49990400671958923,4.787852406207271e-12,0,nan,nan,nan,nan,nan,5153306,0.00011930308751963213,0.49993300437927246,1.7497196747040533e-10,0,nan,nan,nan,nan,nan,5138537,0.000250859561261474,0.49986425042152405,8.678171781184574e-08,0,nan,nan,nan,nan,nan,5157636,1.7141982054340952e-05,0.4976594150066376,1.1582073749126637e-17,0,nan,nan,nan,nan,nan
T2,CYST_PA20.nii.gz,3139286,0.00019351657937542762,0.4999760389328003,2.446848412773761e-08,0,nan,nan,nan,nan,nan,3157355,0.00016087591869357688,0.4997599124908447,5.766160484199645e-06,0,nan,nan,nan,nan,nan,3157853,0.00011363815004432747,0.4994801878929138,1.6119916779189225e-07,0,nan,nan,nan,nan,nan,3182392,5.353998329784771e-07,0.4504421353340149,3.921626888166952e-18,0,nan,nan,nan,nan,nan,2908322,0.0013196702793812243,0.4999103844165802,0.0002990791981574148,43543,7.38441258049707e-21,0.10156564757233294,0.4999632239341736,0.34663882851600647,0.42267078161239624,3158603,0.0007342733989888152,0.4999948740005493,2.6920047275780234e-06,0,nan,nan,nan,nan,nan,3176407,6.22075655690507e-05,0.49951231479644775,4.695803745846661e-10,0,nan,nan,nan,nan,nan,3180911,5.578157573847518e-05,0.49997472763061523,1.6610640640735141e-10,0,nan,nan,nan,nan,nan,3177856,0.0001004880281418883,0.4994417726993561,8.245652077798482e-11,0,nan,nan,nan,nan,nan,3168230,0.00026732303790501336,0.4999963045120239,1.5244539852687922e-08,0,nan,nan,nan,nan,nan,3179531,2.7908858152596043e-05,0.49903473258018494,6.158398041637713e-17,0,nan,nan,nan,nan,nan
T2,CYST_PA37.nii.gz,4774576,0.0004893275997147085,0.49989816546440125,5.627288146570208e-07,0,nan,nan,nan,nan,nan,4781188,0.00011291404898057087,0.4994049072265625,4.386121759125672e-07,0,nan,nan,nan,nan,nan,4782822,0.00017422146565281544,0.4998103380203247,7.226573188745533e-07,0,nan,nan,nan,nan,nan,4812020,7.224229723934777e-06,0.4757067859172821,5.864672161820544e-17,0,nan,nan,nan,nan,nan,4477240,0.0022575393460896194,0.4999980926513672,0.0008419653750024736,31628,1.341620499591134e-12,0.11543101692184754,0.49998700618743896,0.3670142889022827,0.43320152163505554,4756611,0.00123420814228292,0.49980729818344116,1.5989391613402404e-05,0,nan,nan,nan,nan,nan,4802051,0.00010206211953126566,0.49954158067703247,4.5962011085975973e-08,0,nan,nan,nan,nan,nan,4809543,5.359356877026044e-05,0.4999372959136963,1.3616209548761304e-10,0,nan,nan,nan,nan,nan,4805961,8.813922100669984e-05,0.49957847595214844,6.10112793619777e-11,0,nan,nan,nan,nan,nan,4801725,0.0002027818577786958,0.49980029463768005,6.899719551256567e-07,0,nan,nan,nan,nan,nan,4809957,4.1540364105741636e-05,0.49902665615081787,2.441723242325132e-15,0,nan,nan,nan,nan,nan
T2,CYST_PA38.nii.gz,1904824,0.00033202968965154785,0.49959978461265564,3.4518521374593547e-09,0,nan,nan,nan,nan,nan,1919067,3.9798868609701954e-05,0.4992296099662781,2.9341291766030175e-13,0,nan,nan,nan,nan,nan,1917226,6.0299881880129435e-05,0.4996628165245056,2.2593926729541636e-09,0,nan,nan,nan,nan,nan,1934034,2.6365597613204737e-05,0.4995107650756836,5.622009723118415e-23,0,nan,nan,nan,nan,nan,1794031,0.0007674811136418033,0.49990615248680115,8.068053284659982e-05,7702,6.102229690441163e-06,0.13937473694669755,0.49999403953552246,0.389911949634552,0.445292592048645,1907833,0.0010072241192287845,0.4999830722808838,4.398631517688045e-06,0,nan,nan,nan,nan,nan,1931318,4.325463690573374e-05,0.49989989399909973,2.856974205822649e-12,0,nan,nan,nan,nan,nan,1935614,1.9087894654816314e-05,0.4933113157749176,1.2340755045463225e-13,0,nan,nan,nan,nan,nan,1933810,3.752435068704046e-05,0.4995603859424591,4.8224800888729824e-12,0,nan,nan,nan,nan,nan,1928745,0.00013690113349767026,0.4999009668827057,8.33802804578454e-09,0,nan,nan,nan,nan,nan,1935826,7.009597068527316e-06,0.49164867401123047,1.0235955375766677e-20,0,nan,nan,nan,nan,nan
T2,CYST_PA53.nii.gz,1770846,0.00036814681963865856,0.49986544251441956,1.5132695097008764e-08,0,nan,nan,nan,nan,nan,1765790,0.00012703221779933056,0.49992823600769043,1.8594118245118807e-08,0,nan,nan,nan,nan,nan,1766318,0.00014656351571318732,0.49830785393714905,1.0442921194453447e-08,0,nan,nan,nan,nan,nan,1786797,6.153140360819732e-05,0.49940550327301025,7.081847257368643e-18,0,nan,nan,nan,nan,nan,1540844,0.0025900736449072804,0.4999077022075653,0.001881191274151206,9028,1.790485293895472e-05,0.15232625439230174,0.49990442395210266,0.3993995487689972,0.4495723247528076,1765714,0.0009291793201773006,0.49997860193252563,4.28418070441694e-06,0,nan,nan,nan,nan,nan,1785136,7.4537598507018e-05,0.4993281960487366,1.891877210447035e-10,0,nan,nan,nan,nan,nan,1790161,5.6418502034352086e-05,0.4995904862880707,1.4809838078111426e-10,0,nan,nan,nan,nan,nan,1785043,0.00017294172641329282,0.4996812045574188,6.0703393423011676e-09,0,nan,nan,nan,nan,nan,1779580,0.00031814028069222225,0.4992649555206299,8.760626712955855e-08,0,nan,nan,nan,nan,nan,1790257,1.3529460853508293e-05,0.4861816167831421,6.952070891065198e-18,0,nan,nan,nan,nan,nan
T2,CYST_PA54.nii.gz,2018870,0.00013006299819238518,0.49798160791397095,3.956996397214141e-10,0,nan,nan,nan,nan,nan,2038140,2.727258083788556e-05,0.49809935688972473,5.126494714846608e-12,0,nan,nan,nan,nan,nan,2036224,5.8468949262170994e-05,0.4998224377632141,8.244054744421803e-11,0,nan,nan,nan,nan,nan,2044394,2.995200595475167e-05,0.4996097683906555,9.181572901795254e-23,0,nan,nan,nan,nan,nan,1902478,0.0012443481308801463,0.49999356269836426,0.0001736785052344203,12082,6.302259407675592e-06,0.1275782319636339,0.4999381899833679,0.3839559257030487,0.4448050856590271,2017354,0.0011299674122146057,0.49999749660491943,9.279629921365995e-06,0,nan,nan,nan,nan,nan,2046047,9.158790456595953e-05,0.499953031539917,1.5772495531862774e-09,0,nan,nan,nan,nan,nan,2053378,4.952236231140244e-05,0.4967043995857239,6.56378840169225e-11,0,nan,nan,nan,nan,nan,2051204,3.726045697696291e-05,0.49510782957077026,2.0152135515871805e-10,0,nan,nan,nan,nan,nan,2045333,0.00021445764845628737,0.4998238682746887,2.8217730374535677e-08,0,nan,nan,nan,nan,nan,2053598,9.425013204934557e-06,0.48420223593711853,5.4512760775518574e-17,0,nan,nan,nan,nan,nan
T2,CYST_PA56.nii.gz,5482697,0.0004219911999793179,0.49999797344207764,3.7498750771192135e-08,0,nan,nan,nan,nan,nan,5544951,0.00010687965942125266,0.4994503855705261,1.2762425285473e-06,0,nan,nan,nan,nan,nan,5557340,0.00010386435771392725,0.4994153678417206,2.884198693209328e-07,0,nan,nan,nan,nan,nan,5577500,2.4960063762343797e-08,0.02178318239748478,6.650893189263722e-18,0,nan,nan,nan,nan,nan,5237082,0.001295029525224079,0.4999873638153076,0.00022810979862697423,68145,1.2710017066597246e-11,0.10708357995689702,0.4999960660934448,0.3585714101791382,0.4304649829864502,5520833,0.0011065893440968067,0.49999117851257324,8.005300514923874e-06,0,nan,nan,nan,nan,nan,5563293,0.00012366611304643997,0.49992644786834717,1.2440071195385372e-08,0,nan,nan,nan,nan,nan,5572030,0.0001244480789999418,0.4999178647994995,2.7284130510452087e-10,0,nan,nan,nan,nan,nan,5566625,0.00021300889644162389,0.49968013167381287,7.465303930587197e-09,0,nan,nan,nan,nan,nan,5542818,0.0004045130097969766,0.4999668598175049,4.796498842551955e-07,0,nan,nan,nan,nan,nan,5574639,1.4630775476162782e-05,0.4982491135597229,9.877719382159101e-18,0,nan,nan,nan,nan,nan
T2,CYST_PA62.nii.gz,2092157,0.0013399044278982128,0.4998665153980255,1.3810782547807321e-05,0,nan,nan,nan,nan,nan,2138763,0.00011140561115330339,0.49941274523735046,2.8700023704564563e-15,0,nan,nan,nan,nan,nan,2132442,0.00018751965329868504,0.49991822242736816,3.7108796391294163e-07,0,nan,nan,nan,nan,nan,2143783,1.6435862827210207e-05,0.498355507850647,7.718959316895607e-20,0,nan,nan,nan,nan,nan,1874232,0.0018653106122927324,0.4999518394470215,0.0007485125679522753,19892,4.125854047742905e-06,0.13226873041855283,0.4999579191207886,0.38508349657058716,0.44238537549972534,2114905,0.0007380095159402159,0.4999645948410034,8.482608791382518e-06,0,nan,nan,nan,nan,nan,2142436,5.3423162765381746e-05,0.49833378195762634,4.606188208633455e-10,0,nan,nan,nan,nan,nan,2146539,2.1716937700278875e-05,0.499321311712265,6.286163256596922e-10,0,nan,nan,nan,nan,nan,2144763,0.00019227827968812264,0.49952760338783264,5.428993365974577e-11,0,nan,nan,nan,nan,nan,2140747,0.00032699883632192876,0.49980244040489197,4.683068084432307e-07,0,nan,nan,nan,nan,nan,2145086,2.250597705331921e-05,0.49389877915382385,1.3311104568127854e-17,0,nan,nan,nan,nan,nan
T2,CYST_PA69.nii.gz,2680465,0.00032963962880727064,0.499819815158844,1.9237887727285852e-07,0,nan,nan,nan,nan,nan,2677290,6.005675969252684e-05,0.4998052418231964,4.4162135282022064e-07,0,nan,nan,nan,nan,nan,2674854,8.335840576136606e-05,0.4989890158176422,8.12838862884746e-08,0,nan,nan,nan,nan,nan,2700581,1.619115941883139e-05,0.49968239665031433,3.374886046606716e-16,0,nan,nan,nan,nan,nan,2451382,0.002064976943042476,0.49995750188827515,0.0006915142294019461,14359,4.391841059714352e-07,0.11947902134039697,0.4998070299625397,0.3759351372718811,0.43705713748931885,2682976,0.0006464807211590609,0.49993014335632324,3.853468115266878e-06,0,nan,nan,nan,nan,nan,2695718,4.640605248604553e-05,0.4993005692958832,1.6879728517715797e-11,0,nan,nan,nan,nan,nan,2700815,2.9787336923105414e-05,0.49845483899116516,1.5984925189060917e-11,0,nan,nan,nan,nan,nan,2697826,0.00011249684988230512,0.4995318353176117,6.2503713316175435e-09,0,nan,nan,nan,nan,nan,2689852,0.0002177307156146653,0.49999362230300903,1.6454605145099777e-07,0,nan,nan,nan,nan,nan,2700290,1.9218221256227073e-05,0.4983399510383606,7.527280708505998e-18,0,nan,nan,nan,nan,nan
T2,CYST_PA74.nii.gz,4677169,0.00017805208745523416,0.4998578131198883,1.3609431359640212e-09,0,nan,nan,nan,nan,nan,4719682,8.716088387035025e-05,0.499454140663147,3.782319595302397e-07,0,nan,nan,nan,nan,nan,4713845,9.02215228912466e-05,0.4994995892047882,3.07258680720679e-08,0,nan,nan,nan,nan,nan,4744669,1.6102665246951397e-05,0.49814143776893616,1.7960450217633232e-17,0,nan,nan,nan,nan,nan,4429893,0.0014096276320789236,0.49999308586120605,0.00013084076636005193,19244,6.354678703246464e-07,0.1220066329498449,0.4996697008609772,0.3773851692676544,0.43846428394317627,4719505,0.00043182058517825993,0.4999314546585083,7.143794391595293e-07,0,nan,nan,nan,nan,nan,4739820,4.057122712241976e-05,0.49837327003479004,3.4756626830084736e-13,0,nan,nan,nan,nan,nan,4743433,4.193304161972518e-05,0.49984651803970337,5.521683438714127e-14,0,nan,nan,nan,nan,nan,4741991,5.7040982375116966e-05,0.4998423457145691,2.6766611149753317e-10,0,nan,nan,nan,nan,nan,4734187,0.0001708643862767568,0.49992215633392334,3.949233828848264e-08,0,nan,nan,nan,nan,nan,4745444,8.79729953933593e-06,0.4986001253128052,1.0028596298708161e-17,0,nan,nan,nan,nan,nan
T2,FNH_PA10.nii.gz,4490174,0.000144803739566322,0.49989572167396545,2.2394888166132887e-09,0,nan,nan,nan,nan,nan,4516956,0.00013952972053008178,0.4999919533729553,1.086140969164262e-06,0,nan,nan,nan,nan,nan,4516018,5.354220018176254e-05,0.49848201870918274,3.3153682466036116e-08,0,nan,nan,nan,nan,nan,4542031,1.7820529321560828e-05,0.4970117509365082,1.3756164133628335e-17,0,nan,nan,nan,nan,nan,4223377,0.001367983049032018,0.4999929666519165,0.0002098455443046987,24292,9.289704422377199e-11,0.12079566807856337,0.4999849200248718,0.3824785053730011,0.441802442073822,4510436,0.0004615612158961789,0.4999483823776245,2.178796876250999e-07,0,nan,nan,nan,nan,nan,4539047,4.3934740952722304e-05,0.49966275691986084,6.4713360538315445e-12,0,nan,nan,nan,nan,nan,4538621,3.59503858223589e-05,0.49902889132499695,3.5094936939178423e-12,0,nan,nan,nan,nan,nan,4541070,8.34592945455821e-05,0.4995971620082855,1.432157586966909e-10,0,nan,nan,nan,nan,nan,4528475,0.0002364667978137329,0.4997824728488922,8.19674141894211e-08,0,nan,nan,nan,nan,nan,4542203,1.9901780612717357e-06,0.4913734793663025,1.2567653658719281e-17,0,nan,nan,nan,nan,nan
T2,FNH_PA32.nii.gz,1792273,0.00010258750661913493,0.4999622106552124,2.293947393150475e-10,0,nan,nan,nan,nan,nan,1790743,6.705105508346756e-05,0.49783390760421753,7.597455442542866e-10,0,nan,nan,nan,nan,nan,1789683,7.552587948393447e-05,0.49704861640930176,6.196406054925774e-09,0,nan,nan,nan,nan,nan,1806909,2.3112758601632332e-05,0.499613881111145,3.760448185913181e-23,0,nan,nan,nan,nan,nan,1653295,0.0009253202225725425,0.49994921684265137,0.00015420737327076495,11837,5.2222429047787955e-08,0.10457678340038713,0.4999828338623047,0.35300150513648987,0.42241573333740234,1800344,0.00032061479476268415,0.4988842010498047,9.691003555190036e-08,0,nan,nan,nan,nan,nan,1808574,4.281275671990801e-05,0.4976211190223694,1.8697699638581255e-12,0,nan,nan,nan,nan,nan,1808686,3.8616096916272734e-05,0.4973065257072449,1.89697563213187e-12,0,nan,nan,nan,nan,nan,1807655,4.237740962316859e-05,0.49264898896217346,6.976936823416269e-12,0,nan,nan,nan,nan,nan,1802024,0.00015478076201590532,0.49923211336135864,3.1377302978086163e-09,0,nan,nan,nan,nan,nan,1809538,6.151518611924255e-06,0.4983735680580139,5.942370475463646e-24,0,nan,nan,nan,nan,nan
T2,HCC_10020116_20180118.nii.gz,644730,0.000320358099781681,0.4999556541442871,2.4833062581101906e-13,0,nan,nan,nan,nan,nan,665672,8.789028988635633e-05,0.49932536482810974,1.7285125154115066e-12,0,nan,nan,nan,nan,nan,664638,0.00010692280710843478,0.49202102422714233,8.94010865337691e-10,0,nan,nan,nan,nan,nan,672037,3.0315471639695466e-05,0.4959154427051544,2.248683543739968e-28,0,nan,nan,nan,nan,nan,591669,0.001392964816470609,0.49959078431129456,0.00010809134255396202,4288,2.3306866853145536e-11,0.12000610608861709,0.4998718798160553,0.37894633412361145,0.44239577651023865,666540,0.0005585312064145982,0.4992120862007141,1.9169990039813456e-08,0,nan,nan,nan,nan,nan,672299,8.449709397131195e-05,0.4799557030200958,3.798471140490506e-13,0,nan,nan,nan,nan,nan,673244,3.281787494001887e-05,0.495913565158844,6.579433026366764e-15,0,nan,nan,nan,nan,nan,672323,4.354260050964455e-05,0.48966068029403687,1.567799031874581e-14,0,nan,nan,nan,nan,nan,670403,0.00012770089038490555,0.4997182786464691,6.155555232201237e-11,0,nan,nan,nan,nan,nan,671955,3.495341654228673e-05,0.4996897578239441,2.3142702567030817e-22,0,nan,nan,nan,nan,nan
T2,HCC_10074592_20130816.nii.gz,1488149,0.0002362983981864812,0.49909695982933044,1.938242810695101e-08,0,nan,nan,nan,nan,nan,1506587,5.117377827664198e-05,0.4977814555168152,1.1354630777282715e-11,0,nan,nan,nan,nan,nan,1505115,9.224866491892008e-05,0.4972800314426422,7.306297078457646e-08,0,nan,nan,nan,nan,nan,1520549,2.949266280177638e-05,0.4974243640899658,4.945815194558516e-23,0,nan,nan,nan,nan,nan,1394263,0.001495094534331673,0.4999350309371948,0.0002212644903920591,5100,1.1104449413323891e-06,0.12585939323647535,0.49988701939582825,0.3761545717716217,0.4390726685523987,1508828,0.0004234091928229511,0.49988242983818054,1.2751376061714836e-06,0,nan,nan,nan,nan,nan,1515390,8.419922801878114e-05,0.4993516206741333,1.7298869281479057e-10,0,nan,nan,nan,nan,nan,1519516,3.431137814252968e-05,0.48938459157943726,1.612599810629778e-11,0,nan,nan,nan,nan,nan,1518392,8.402246454616787e-05,0.49710845947265625,4.699282976639019e-11,0,nan,nan,nan,nan,nan,1514779,0.0001509061521402103,0.4991358518600464,5.622123211423968e-09,0,nan,nan,nan,nan,nan,1519643,2.605778126221952e-05,0.4961080551147461,2.7846553488890865e-18,0,nan,nan,nan,nan,nan
T2,HCC_10076307_20130925.nii.gz,1609649,0.0002012807572115232,0.49971911311149597,1.7538700491925852e-09,0,nan,nan,nan,nan,nan,1633391,4.0924612699140504e-05,0.4978829622268677,5.611236735675318e-12,0,nan,nan,nan,nan,nan,1631636,0.00010358097623572288,0.4998369812965393,7.465004170370548e-10,0,nan,nan,nan,nan,nan,1642850,1.758532226245731e-05,0.49789130687713623,1.9703419850472283e-23,0,nan,nan,nan,nan,nan,1517132,0.0015090496328860345,0.4998699724674225,0.0002673826238606125,4650,1.6863185692272964e-07,0.13869106928412395,0.49989405274391174,0.39208143949508667,0.4463003873825073,1621194,0.0006393805789574385,0.49995696544647217,4.381846281376056e-07,0,nan,nan,nan,nan,nan,1638605,8.044639093656239e-05,0.49740689992904663,5.1599970823934527e-11,0,nan,nan,nan,nan,nan,1644220,2.83070861247994e-05,0.4984278678894043,3.4359644036224823e-12,0,nan,nan,nan,nan,nan,1642297,6.406848252224645e-05,0.4989681839942932,3.456982530097852e-12,0,nan,nan,nan,nan,nan,1638531,0.00011464184758819078,0.4987444281578064,4.229212535733495e-09,0,nan,nan,nan,nan,nan,1643865,1.755707675931465e-05,0.49465951323509216,1.406861638989697e-16,0,nan,nan,nan,nan,nan
T2,HCC_10081574_20140213.nii.gz,1614157,0.00019019184417836798,0.4991481602191925,1.7197262711099448e-11,0,nan,nan,nan,nan,nan,1619412,6.509077950439068e-05,0.49971264600753784,1.5993593949215068e-10,0,nan,nan,nan,nan,nan,1620253,4.835524485240252e-05,0.4997507333755493,3.0331168132669006e-10,0,nan,nan,nan,nan,nan,1631910,1.4929310424941193e-05,0.483462393283844,1.9236017290261035e-20,0,nan,nan,nan,nan,nan,1500450,0.0016541238620971278,0.49995726346969604,0.0003858895506709814,11502,1.5963933037710376e-06,0.11706038128555185,0.4998004734516144,0.36724090576171875,0.4380839467048645,1604350,0.0007501757682350116,0.4995196759700775,2.285799382661935e-06,0,nan,nan,nan,nan,nan,1627645,4.472173061070085e-05,0.49982357025146484,2.2338421390433183e-10,0,nan,nan,nan,nan,nan,1631320,4.098735455159169e-05,0.49960535764694214,8.580805510582934e-11,0,nan,nan,nan,nan,nan,1631522,7.344373847024044e-05,0.4984681010246277,7.119240197361876e-10,0,nan,nan,nan,nan,nan,1627921,0.0001431211062186656,0.49986615777015686,2.0308915438249642e-08,0,nan,nan,nan,nan,nan,1632160,6.972814619239869e-06,0.4961486756801605,5.816494307400245e-24,0,nan,nan,nan,nan,nan
T2,HCC_10136895_20170421.nii.gz,790854,0.001059549142237615,0.49950215220451355,1.6305066186106387e-09,0,nan,nan,nan,nan,nan,826299,6.883894469974875e-05,0.49965155124664307,8.175661753498376e-13,0,nan,nan,nan,nan,nan,824091,0.0002198549615206581,0.4986308813095093,1.9362746961348876e-09,0,nan,nan,nan,nan,nan,834385,8.528869815590872e-06,0.4380604922771454,6.009203954645328e-24,0,nan,nan,nan,nan,nan,738212,0.0014410081673720317,0.4998491406440735,0.00013929078704677522,3807,1.8710204585659085e-07,0.14106562224506156,0.4996531009674072,0.4020193815231323,0.4518415331840515,819537,0.0009473364595698207,0.4996612071990967,1.48540402733488e-06,0,nan,nan,nan,nan,nan,833065,6.710325098704676e-05,0.49600857496261597,6.259786959617042e-12,0,nan,nan,nan,nan,nan,833013,5.490724389515101e-05,0.49919554591178894,1.6387936743311043e-13,0,nan,nan,nan,nan,nan,832596,0.00010563787236563034,0.49927079677581787,2.5478027673719872e-11,0,nan,nan,nan,nan,nan,830844,0.0002079864963628151,0.4975610673427582,6.346643655064099e-09,0,nan,nan,nan,nan,nan,833919,1.5739267507273866e-05,0.49853515625,1.41110353253329e-22,0,nan,nan,nan,nan,nan
T2,HCC_10140276_20170721.nii.gz,1528275,0.00019061184371987956,0.4999423623085022,6.348800152267131e-09,0,nan,nan,nan,nan,nan,1534020,9.617485984433323e-05,0.49892371892929077,2.3376769409111375e-09,0,nan,nan,nan,nan,nan,1535639,6.779336744686714e-05,0.4998800456523895,2.5863107211421266e-08,0,nan,nan,nan,nan,nan,1545135,7.4745692428894985e-06,0.49765583872795105,1.8399663373961765e-21,0,nan,nan,nan,nan,nan,1426479,0.0013412239602028089,0.4999998211860657,0.00035419364576227963,8472,3.205827852070797e-07,0.1149904801980023,0.4998585283756256,0.363925576210022,0.4329712986946106,1529702,0.0009602981028340113,0.4998365640640259,1.886848281174025e-06,0,nan,nan,nan,nan,nan,1542967,3.6421807733733044e-05,0.49715161323547363,1.0261879540562902e-10,0,nan,nan,nan,nan,nan,1545968,5.134294846063163e-05,0.49753350019454956,9.94615501070939e-11,0,nan,nan,nan,nan,nan,1544207,5.7499663394322765e-05,0.49874770641326904,2.500463169852196e-10,0,nan,nan,nan,nan,nan,1543316,0.0001211237224278039,0.4998622238636017,7.734421103577915e-08,0,nan,nan,nan,nan,nan,1545639,1.1245613588872552e-05,0.4937659800052643,4.666756560628701e-19,0,nan,nan,nan,nan,nan
T2,HCC_10142924_20170911.nii.gz,584804,0.0004124518747185262,0.49951958656311035,1.4328795094886715e-11,0,nan,nan,nan,nan,nan,596786,0.00010095898771923151,0.49830442667007446,4.4642721051986467e-13,0,nan,nan,nan,nan,nan,596500,0.00011409415276795369,0.49859148263931274,7.790430626986034e-12,0,nan,nan,nan,nan,nan,599226,2.339436574453269e-05,0.4985370635986328,2.333531109663677e-28,0,nan,nan,nan,nan,nan,537714,0.0010854989618532865,0.4996757209300995,2.4300241420860402e-05,7625,2.8333960178095197e-10,0.06607393134859482,0.499912291765213,0.2613309323787689,0.3704986572265625,598048,0.0004594358468658798,0.4999197721481323,7.778712785011521e-09,0,nan,nan,nan,nan,nan,599613,4.243061167656344e-05,0.4963608682155609,1.0498962369788738e-14,0,nan,nan,nan,nan,nan,599954,5.2840527293700926e-05,0.4984016418457031,6.111128838620595e-16,0,nan,nan,nan,nan,nan,599374,5.2194052658261386e-05,0.49339714646339417,6.635548366199298e-14,0,nan,nan,nan,nan,nan,597508,0.00014279026873242445,0.49944737553596497,3.2106581282498325e-10,0,nan,nan,nan,nan,nan,599275,4.810130768046914e-05,0.4956246614456177,6.877169464859187e-23,0,nan,nan,nan,nan,nan
T2,HCC_10147777_20171222.nii.gz,763324,0.00010680824502058279,0.4965709149837494,6.248654886705993e-14,0,nan,nan,nan,nan,nan,764824,7.666994527521335e-05,0.49762099981307983,3.856539219915245e-12,0,nan,nan,nan,nan,nan,763385,8.511203394577156e-05,0.4940538704395294,2.5671444137120858e-11,0,nan,nan,nan,nan,nan,771644,8.279536076187503e-06,0.47088107466697693,1.1846609829114687e-27,0,nan,nan,nan,nan,nan,696819,0.0009697817944129129,0.4998309016227722,5.092231367598288e-05,6512,1.2189689257979808e-08,0.09097479068046255,0.49948960542678833,0.31643688678741455,0.4125400185585022,755575,0.0005418307168365341,0.4999780058860779,5.430416560869844e-09,0,nan,nan,nan,nan,nan,771510,0.00012204224312666953,0.49990132451057434,1.1411901154959048e-12,0,nan,nan,nan,nan,nan,772306,2.0615447501478465e-05,0.49920210242271423,5.531746444237392e-15,0,nan,nan,nan,nan,nan,771400,3.7880692230070584e-05,0.498665452003479,2.236357901977664e-14,0,nan,nan,nan,nan,nan,768977,0.00011528618515203259,0.49755334854125977,4.890085905651098e-11,0,nan,nan,nan,nan,nan,771592,3.208734254951307e-05,0.4960900545120239,9.110768533474961e-23,0,nan,nan,nan,nan,nan
T2,HCC_PA0.nii.gz,5674739,0.0004735871323568931,0.4999469518661499,6.184680501064577e-07,0,nan,nan,nan,nan,nan,5722482,8.213057865052638e-05,0.4995075464248657,8.957576902446363e-09,0,nan,nan,nan,nan,nan,5715870,0.00026122665247034304,0.4998057782649994,5.936368552283966e-07,0,nan,nan,nan,nan,nan,5725573,7.0510456638990205e-06,0.49975407123565674,9.798720324937837e-18,0,nan,nan,nan,nan,nan,5310400,0.0011602652033586743,0.4999488592147827,0.0001664823794271797,77992,1.2731724436910807e-16,0.10243602394713716,0.499997615814209,0.3531356453895569,0.4268314838409424,5677000,0.0011137816376355395,0.4999605417251587,2.4944440610852325e-06,0,nan,nan,nan,nan,nan,5717778,7.458919555426642e-05,0.4984900653362274,2.035672963529578e-09,0,nan,nan,nan,nan,nan,5717371,6.434622651664463e-05,0.4990270733833313,1.2363884221988641e-11,0,nan,nan,nan,nan,nan,5720326,8.617251745066823e-05,0.49960869550704956,1.9256606265073348e-14,0,nan,nan,nan,nan,nan,5694773,0.00047471839975483633,0.4998946487903595,6.364719524754037e-07,0,nan,nan,nan,nan,nan,5722667,2.6253933687638433e-05,0.4997863471508026,1.431619829702789e-15,0,nan,nan,nan,nan,nan
T2,HCC_PA4.nii.gz,5545231,0.0008431395024197693,0.4999734163284302,2.3008860807749443e-06,0,nan,nan,nan,nan,nan,5625887,0.00010670438340629655,0.4999299645423889,8.389390870888747e-08,0,nan,nan,nan,nan,nan,5628608,0.000319444139543052,0.4999702572822571,3.973460479755886e-06,0,nan,nan,nan,nan,nan,5657793,2.5125702079991147e-17,1.122666955059859e-12,4.847117254777417e-17,0,nan,nan,nan,nan,nan,5269406,0.0013903373615439215,0.4999879002571106,0.0002695750736165792,117565,6.417656380664595e-18,0.08897295703436758,0.49999797344207764,0.31837329268455505,0.4064139425754547,5622858,0.0006771600068560918,0.4998593032360077,1.9539013464964228e-06,0,nan,nan,nan,nan,nan,5649406,2.952451105065989e-05,0.49944937229156494,2.0767014496936298e-10,0,nan,nan,nan,nan,nan,5647486,6.137110955444846e-05,0.4988340437412262,9.648793916627874e-12,0,nan,nan,nan,nan,nan,5656076,5.402424261165701e-05,0.49865052103996277,1.1164641260108521e-11,0,nan,nan,nan,nan,nan,5629324,0.00048021892343380395,0.49982786178588867,2.707352678044117e-06,0,nan,nan,nan,nan,nan,5654127,2.0556079614612796e-05,0.49992668628692627,6.010999088692194e-17,0,nan,nan,nan,nan,nan
T2,HEM_PA101.nii.gz,2515507,0.0007357896266225262,0.49992799758911133,4.509523478191113e-06,0,nan,nan,nan,nan,nan,2514153,0.00013890867989701188,0.49995630979537964,4.846369279221108e-07,0,nan,nan,nan,nan,nan,2517588,0.00018335599130630406,0.49954885244369507,1.520060095572262e-06,0,nan,nan,nan,nan,nan,2538773,5.516484812212175e-06,0.49960726499557495,2.881469767194181e-17,0,nan,nan,nan,nan,nan,2300467,0.00252975567115081,0.49999773502349854,0.0006841644644737244,12155,1.665952567009299e-07,0.146776113407038,0.49986979365348816,0.40337586402893066,0.4528841972351074,2518914,0.001114894992162876,0.49992799758911133,0.00012399762636050582,0,nan,nan,nan,nan,nan,2532943,4.540677730206682e-05,0.4998871386051178,4.315104107366352e-10,0,nan,nan,nan,nan,nan,2536420,4.1095002538163756e-05,0.4969322383403778,2.1987880266527426e-11,0,nan,nan,nan,nan,nan,2534791,8.970686359569673e-05,0.49994581937789917,2.998960857425459e-09,0,nan,nan,nan,nan,nan,2524898,0.00030915025361866953,0.49999022483825684,4.5209412746771704e-07,0,nan,nan,nan,nan,nan,2538174,1.1685265475551064e-05,0.498964786529541,9.27675508955131e-19,0,nan,nan,nan,nan,nan
T2,HEM_PA107.nii.gz,2097362,0.00025018474806599253,0.4995720386505127,7.717550687402763e-08,0,nan,nan,nan,nan,nan,2096332,7.550346257249074e-05,0.4996425211429596,2.5207800291582316e-08,0,nan,nan,nan,nan,nan,2094962,7.791362753936957e-05,0.49988821148872375,7.721079953171284e-08,0,nan,nan,nan,nan,nan,2115730,1.5602499482089346e-05,0.4993898570537567,1.5214714285251437e-20,0,nan,nan,nan,nan,nan,1937432,0.001456013485225378,0.4998525083065033,0.00011158968118252233,5936,7.76950764702633e-06,0.1319085364638427,0.4999762773513794,0.39677050709724426,0.44680726528167725,2100542,0.0009234235805237999,0.4999157190322876,1.5266623449861072e-05,0,nan,nan,nan,nan,nan,2111827,4.7515201656539105e-05,0.4988417625427246,5.815256262642343e-11,0,nan,nan,nan,nan,nan,2114376,3.191399654984712e-05,0.4996960759162903,3.8927753381878816e-11,0,nan,nan,nan,nan,nan,2112939,7.498555375982813e-05,0.4999459981918335,2.3236450263919295e-10,0,nan,nan,nan,nan,nan,2103798,0.0002763876886352493,0.4991074204444885,2.690250084924628e-07,0,nan,nan,nan,nan,nan,2116008,8.846586139007007e-06,0.4933187961578369,1.1228433978130363e-19,0,nan,nan,nan,nan,nan
T2,HEM_PA13.nii.gz,5632914,0.0004672643911751042,0.49998992681503296,1.683637265159632e-07,0,nan,nan,nan,nan,nan,5722115,7.52299656107997e-05,0.49974381923675537,6.207052094531207e-10,0,nan,nan,nan,nan,nan,5712474,0.000525001490432085,0.49992120265960693,1.2411198895279085e-06,0,nan,nan,nan,nan,nan,5749793,1.6661413710394815e-15,1.8466442819331519e-09,1.1884018660946256e-17,0,nan,nan,nan,nan,nan,5273414,0.0018427513663635767,0.49997442960739136,0.00039359310176223516,34370,1.0758101964825073e-08,0.14421843539283638,0.4999821186065674,0.3930906355381012,0.446323961019516,5722698,0.000526609710642647,0.4999959468841553,5.929392727921368e-07,0,nan,nan,nan,nan,nan,5741992,5.202663633688638e-05,0.49955442547798157,7.401382284832891e-10,0,nan,nan,nan,nan,nan,5741366,6.345975287881997e-05,0.49963298439979553,1.682947943330848e-12,0,nan,nan,nan,nan,nan,5745206,4.397423887550574e-05,0.49950993061065674,1.7619187359096955e-11,0,nan,nan,nan,nan,nan,5723945,0.00029471518335062963,0.4998498558998108,1.5993217061804899e-07,0,nan,nan,nan,nan,nan,5746530,2.0369545411977197e-05,0.4999406933784485,2.769923733672466e-16,0,nan,nan,nan,nan,nan
T2,HEM_PA24.nii.gz,4708911,0.0003221770361269905,0.49946704506874084,8.550217245328895e-08,0,nan,nan,nan,nan,nan,4700537,0.00019520964122332913,0.4999033510684967,6.329792654469202e-07,0,nan,nan,nan,nan,nan,4691773,0.0001724701337696989,0.4995900094509125,1.2049240183387155e-07,0,nan,nan,nan,nan,nan,4741956,6.404594972908552e-17,1.17851284286985e-11,2.3695417481555256e-17,0,nan,nan,nan,nan,nan,4374036,0.0012854606316562666,0.4999161958694458,0.00012263466487638652,88419,1.2736095921012027e-16,0.04703138200972525,0.49998921155929565,0.1918933093547821,0.33276763558387756,4700133,0.0007895682292480907,0.49983006715774536,4.152595465711784e-06,0,nan,nan,nan,nan,nan,4734869,0.00016118382818963413,0.4999023973941803,4.152854726768851e-10,0,nan,nan,nan,nan,nan,4741426,3.9850902484200144e-05,0.49931180477142334,2.7900947177639246e-11,0,nan,nan,nan,nan,nan,4741346,2.2471277648154185e-05,0.49999725818634033,5.983452844304793e-09,0,nan,nan,nan,nan,nan,4725211,0.00026360372774685654,0.49989619851112366,9.386606620864768e-07,0,nan,nan,nan,nan,nan,4741939,5.156592620399801e-07,0.4129388630390167,2.4661734836223378e-17,0,nan,nan,nan,nan,nan
T2,HEM_PA29.nii.gz,2737467,0.0005150612223160002,0.49996209144592285,3.5283119359519333e-06,0,nan,nan,nan,nan,nan,2743671,0.0001381340164799509,0.4997963607311249,2.616520475839934e-07,0,nan,nan,nan,nan,nan,2756494,0.00017619403442457795,0.4997325837612152,2.435290298308246e-07,0,nan,nan,nan,nan,nan,2772420,7.786108357832879e-13,3.9100234516808996e-07,1.6447880322664076e-16,0,nan,nan,nan,nan,nan,2470160,0.0022097913263828995,0.4999852180480957,0.0007446557283401489,23256,2.2840403346435778e-07,0.11833153146832778,0.4999627470970154,0.3705839216709137,0.4370434284210205,2727032,0.0013904918462026667,0.49990108609199524,2.5346495021949522e-05,0,nan,nan,nan,nan,nan,2766364,7.584409693363647e-05,0.4999741315841675,1.8127479517460188e-09,0,nan,nan,nan,nan,nan,2771032,4.021359096349183e-05,0.4963669776916504,3.206339638239797e-10,0,nan,nan,nan,nan,nan,2765562,0.00010289616132023113,0.49963119626045227,8.677282004043718e-09,0,nan,nan,nan,nan,nan,2759693,0.00028179089899582995,0.4999244213104248,6.692965257570904e-07,0,nan,nan,nan,nan,nan,2771182,1.7474633658719773e-05,0.49295729398727417,3.431473935532612e-16,0,nan,nan,nan,nan,nan
T2,HEM_PA34.nii.gz,4821894,0.0002751497577506964,0.49972084164619446,1.7298694698908434e-09,0,nan,nan,nan,nan,nan,4827639,8.36417041979708e-05,0.49992358684539795,1.1281377965133288e-06,0,nan,nan,nan,nan,nan,4822226,8.947814511575853e-05,0.4995977580547333,2.6506329575681775e-08,0,nan,nan,nan,nan,nan,4856505,5.186544910274804e-06,0.4934130609035492,2.7978075206286796e-18,0,nan,nan,nan,nan,nan,4509203,0.001520781948164583,0.4998885691165924,0.00019034287834074348,22731,1.7145819128927542e-06,0.13735935078326028,0.499992311000824,0.3954417109489441,0.4465714693069458,4814808,0.0007134140295369505,0.49996668100357056,1.1935846941923955e-06,0,nan,nan,nan,nan,nan,4854667,2.1952389628570926e-05,0.49509790539741516,3.1799927545806544e-14,0,nan,nan,nan,nan,nan,4859196,2.615083376253971e-05,0.4939965605735779,2.3115137801348225e-14,0,nan,nan,nan,nan,nan,4857898,4.6283836858022763e-05,0.49991536140441895,2.7091512627003267e-12,0,nan,nan,nan,nan,nan,4844246,0.00022203691688642572,0.4997619390487671,9.430522140974062e-08,0,nan,nan,nan,nan,nan,4859519,5.056627650742097e-06,0.48946553468704224,4.1512600844274916e-18,0,nan,nan,nan,nan,nan
T2,HEM_PA56.nii.gz,1118039,0.0001362333575930898,0.4994109570980072,2.5674221429405897e-11,0,nan,nan,nan,nan,nan,1115205,0.00019698607111986023,0.49957841634750366,6.635186844405894e-10,0,nan,nan,nan,nan,nan,1117972,0.00012200346265408837,0.49996912479400635,1.7546363251241814e-09,0,nan,nan,nan,nan,nan,1132521,3.0036227979582544e-05,0.49645063281059265,9.007476979811495e-23,0,nan,nan,nan,nan,nan,970501,0.0010115782481545034,0.4997878968715668,0.00027657501050271094,31465,1.0823697493833606e-08,0.06999585618472916,0.4996887147426605,0.26883602142333984,0.37528565526008606,1114403,0.0008216318008507366,0.49942904710769653,9.70558858170989e-07,0,nan,nan,nan,nan,nan,1130789,7.68175593475971e-05,0.49921491742134094,1.746323571860664e-11,0,nan,nan,nan,nan,nan,1133678,2.1770404841744177e-05,0.48738497495651245,1.1579440748268888e-12,0,nan,nan,nan,nan,nan,1131451,7.116336480106454e-05,0.4991433918476105,7.539832647118772e-11,0,nan,nan,nan,nan,nan,1126711,0.00016256706537099512,0.49941226840019226,8.534490447686949e-09,0,nan,nan,nan,nan,nan,1133210,1.1105534360628021e-05,0.48787644505500793,1.0105926662830855e-21,0,nan,nan,nan,nan,nan
T2,HEM_PA66.nii.gz,1065896,8.065722141006591e-05,0.49735262989997864,7.220009637896874e-13,0,nan,nan,nan,nan,nan,1060203,8.383889282323388e-05,0.499545693397522,1.1513510631000479e-11,0,nan,nan,nan,nan,nan,1059752,7.68733701100134e-05,0.4984855055809021,3.640447318598028e-11,0,nan,nan,nan,nan,nan,1071421,3.171953818991177e-05,0.4960780143737793,4.010862446311786e-25,0,nan,nan,nan,nan,nan,971359,0.0009351793318477722,0.4998890459537506,4.286344483261928e-05,2286,1.0209440006292425e-05,0.1727001503958668,0.49939385056495667,0.42269670963287354,0.46533024311065674,1061442,0.00041866227755188863,0.498971551656723,4.406940234957801e-08,0,nan,nan,nan,nan,nan,1070806,7.118508327941116e-05,0.49929848313331604,6.70166613175871e-13,0,nan,nan,nan,nan,nan,1072120,3.8495044080110286e-05,0.4984031915664673,3.7010119361552407e-13,0,nan,nan,nan,nan,nan,1071028,7.068417765361713e-05,0.4978388845920563,8.471699904089025e-13,0,nan,nan,nan,nan,nan,1068853,0.00020722946492751827,0.499927818775177,3.2482541656442265e-10,0,nan,nan,nan,nan,nan,1072114,1.0176714331327692e-05,0.49323421716690063,4.642363133611483e-20,0,nan,nan,nan,nan,nan
T2,HEM_PA81.nii.gz,2681774,0.0004274109706727196,0.49944308400154114,2.2843396507710167e-08,0,nan,nan,nan,nan,nan,2701078,0.00011671293354450161,0.49935823678970337,1.3448478739519487e-06,0,nan,nan,nan,nan,nan,2707449,0.00012314215183994263,0.49976134300231934,1.8406991841857234e-07,0,nan,nan,nan,nan,nan,2731150,1.0251049308233294e-05,0.4941819906234741,1.7793660000459877e-18,0,nan,nan,nan,nan,nan,2403756,0.002535340190379681,0.4999619722366333,0.0010131853632628918,24511,1.6238215039265924e-06,0.10406552432038893,0.49988093972206116,0.34823593497276306,0.42302486300468445,2709510,0.0007232795359661448,0.49976229667663574,4.544362127489876e-06,0,nan,nan,nan,nan,nan,2728291,5.227643994432473e-05,0.49902665615081787,4.331681541236421e-11,0,nan,nan,nan,nan,nan,2726220,8.474185617161206e-05,0.4994329810142517,2.2979682393065026e-11,0,nan,nan,nan,nan,nan,2728081,5.6601176453469473e-05,0.49769315123558044,5.452668982997011e-09,0,nan,nan,nan,nan,nan,2715597,0.00023697139445260837,0.4997536540031433,9.877798845536745e-08,0,nan,nan,nan,nan,nan,2731247,5.556457659678829e-06,0.492696076631546,1.931042412506474e-19,0,nan,nan,nan,nan,nan
T2,HEM_PA89.nii.gz,1373005,7.15820912220275e-05,0.4919385015964508,1.018554141223091e-16,0,nan,nan,nan,nan,nan,1363297,0.00012389571355178459,0.4995161294937134,5.21232813854855e-11,0,nan,nan,nan,nan,nan,1362123,0.00012460971467875373,0.4993945062160492,2.2559369303176702e-11,0,nan,nan,nan,nan,nan,1377399,2.3874985196398345e-05,0.49643218517303467,1.385737931006962e-22,0,nan,nan,nan,nan,nan,1240273,0.001256738357373301,0.49992525577545166,0.00010456591553520411,8616,3.0166384590302187e-07,0.12882661676729626,0.49967893958091736,0.38145315647125244,0.44052428007125854,1360670,0.0006676075050414557,0.4998548924922943,3.474963534699782e-07,0,nan,nan,nan,nan,nan,1378521,3.878329841692911e-05,0.499606192111969,1.3026007240890796e-14,0,nan,nan,nan,nan,nan,1377867,4.458828030745929e-05,0.49905771017074585,2.2922630590546667e-13,0,nan,nan,nan,nan,nan,1376107,0.00016163311474633285,0.49912676215171814,1.4207185428105618e-10,0,nan,nan,nan,nan,nan,1373787,0.0001825561682218858,0.4998810589313507,1.948935457463108e-09,0,nan,nan,nan,nan,nan,1379862,1.435064223218194e-17,8.225697900599016e-12,4.845739406952907e-28,0,nan,nan,nan,nan,nan
T2,HEM_PA97.nii.gz,2066468,0.00023749201874859318,0.4998278021812439,1.538884397689344e-08,0,nan,nan,nan,nan,nan,2085330,7.012354350191325e-05,0.499967098236084,2.8410900654307625e-07,0,nan,nan,nan,nan,nan,2083184,7.867547460440389e-05,0.4969627559185028,4.147665322307148e-09,0,nan,nan,nan,nan,nan,2104342,2.2208214846777265e-05,0.4994119107723236,2.497478712930836e-18,0,nan,nan,nan,nan,nan,1949537,0.0010775969552455184,0.499967098236084,0.0001258854172192514,5487,2.8193801426823484e-06,0.1112282513402382,0.49982208013534546,0.3756423890590668,0.4438013434410095,2082544,0.000571833016572514,0.49997544288635254,8.036106464714976e-07,0,nan,nan,nan,nan,nan,2103131,2.30010357035777e-05,0.4911321699619293,2.4159289714988704e-15,0,nan,nan,nan,nan,nan,2105070,2.453099448004517e-05,0.4993174374103546,2.3405815791923378e-15,0,nan,nan,nan,nan,nan,2103647,5.308756018044527e-05,0.49959930777549744,5.248029116312891e-13,0,nan,nan,nan,nan,nan,2097070,0.00015420750172842685,0.4990431070327759,2.642246643702606e-09,0,nan,nan,nan,nan,nan,2105883,1.0095467412684098e-05,0.49313539266586304,9.325678654569016e-21,0,nan,nan,nan,nan,nan
T2,HEM_PA99.nii.gz,3703003,0.00017969342207798376,0.4996882379055023,2.2843316571652394e-07,0,nan,nan,nan,nan,nan,3693463,0.00010987475412051319,0.49986228346824646,1.7853841427495354e-07,0,nan,nan,nan,nan,nan,3693725,0.00021147110491315807,0.49953362345695496,4.052881649840856e-06,0,nan,nan,nan,nan,nan,3732666,1.8841883846678664e-05,0.4980256259441376,3.012001514833009e-17,0,nan,nan,nan,nan,nan,3319548,0.004178078295980358,0.49999678134918213,0.00353990332223475,12412,1.200024115632914e-07,0.16125498551156947,0.4999847412109375,0.41434070467948914,0.4578724801540375,3688316,0.0010415371874575776,0.4999025762081146,2.1232761355349794e-05,0,nan,nan,nan,nan,nan,3725498,4.421080600979986e-05,0.49567410349845886,6.167810706614318e-11,0,nan,nan,nan,nan,nan,3732631,5.024445825142854e-05,0.49703559279441833,2.639972442042282e-12,0,nan,nan,nan,nan,nan,3728563,0.00011523792852052113,0.4996025264263153,1.1498255125808043e-10,0,nan,nan,nan,nan,nan,3714325,0.0002397412094206821,0.4996856153011322,3.2552836159993603e-07,0,nan,nan,nan,nan,nan,3734107,6.603819014628506e-06,0.49369752407073975,1.6990887006241452e-17,0,nan,nan,nan,nan,nan
T2,HEP_PA28.nii.gz,1377356,0.00032146548755982346,0.4997159540653229,6.986098366468241e-10,0,nan,nan,nan,nan,nan,1396785,0.00012912444750646317,0.499177485704422,3.1172870507134576e-08,0,nan,nan,nan,nan,nan,1396962,0.0001812460469261087,0.4991232752799988,6.583404044135932e-09,0,nan,nan,nan,nan,nan,1411767,6.782153653136407e-05,0.4961213171482086,8.67861613572327e-20,0,nan,nan,nan,nan,nan,1211817,0.0019527667775915791,0.4998904764652252,0.000524501723702997,14920,1.430151712611405e-07,0.1227459909638939,0.4998936951160431,0.38205432891845703,0.4421705901622772,1413642,0.0005316670084198832,0.4997473955154419,2.9000541417190107e-06,0,nan,nan,nan,nan,nan,1417771,5.637535643676588e-05,0.4901362955570221,6.089147198615197e-13,0,nan,nan,nan,nan,nan,1419549,5.277310235001325e-05,0.49913930892944336,4.2790163773398504e-12,0,nan,nan,nan,nan,nan,1416544,0.00013068977752727715,0.49797913432121277,2.306445479050012e-09,0,nan,nan,nan,nan,nan,1410958,0.0002668331484556861,0.4995741844177246,3.27971818592232e-08,0,nan,nan,nan,nan,nan,1419940,3.6079072838493437e-06,0.4624300003051758,7.372055989495434e-23,0,nan,nan,nan,nan,nan
T2,ICC_PA18.nii.gz,4481425,0.002159443199986851,0.4999605417251587,0.00013153522741049528,0,nan,nan,nan,nan,nan,4557006,0.00024698475789506626,0.4999564290046692,5.256575832390809e-07,0,nan,nan,nan,nan,nan,4551316,0.00032277992871887994,0.49996864795684814,1.8911325696535641e-06,0,nan,nan,nan,nan,nan,4588500,4.0948640102438615e-14,2.1844209996402242e-08,9.357687805531509e-17,0,nan,nan,nan,nan,nan,4219711,0.004225442959435107,0.49996083974838257,0.004607158713042736,172071,3.060254971789198e-18,0.04422172964365202,0.499980092048645,0.16599519550800323,0.31045424938201904,4528852,0.0008334871977099211,0.49995696544647217,2.0663189843617147e-06,0,nan,nan,nan,nan,nan,4581484,6.33685234122903e-05,0.49971523880958557,1.0023252228208435e-09,0,nan,nan,nan,nan,nan,4580788,4.00814293634877e-05,0.49894875288009644,1.056589104403427e-11,0,nan,nan,nan,nan,nan,4584969,0.00010565243097234995,0.4998099207878113,2.2438811697611527e-08,0,nan,nan,nan,nan,nan,4570804,0.00045894221586050964,0.4999263882637024,1.0866309594348422e-06,0,nan,nan,nan,nan,nan,4588498,8.497240442539849e-07,0.3554134666919708,1.983993096255131e-16,0,nan,nan,nan,nan,nan
T2,MET_PA13.nii.gz,4812187,0.00016979247844139782,0.4998961389064789,2.9329166295610776e-07,0,nan,nan,nan,nan,nan,4813094,6.863117490542168e-05,0.49969130754470825,1.1288191359426492e-07,0,nan,nan,nan,nan,nan,4803586,0.00011025309655277129,0.4996297061443329,7.012371270320727e-07,0,nan,nan,nan,nan,nan,4850867,8.142665148310517e-06,0.49740204215049744,3.081652107643444e-17,0,nan,nan,nan,nan,nan,4613102,0.0008692143108993692,0.49993693828582764,3.389389894437045e-05,16906,3.325956043909173e-08,0.12616591844818986,0.4999723434448242,0.3839544951915741,0.4410589933395386,4801519,0.0007698348743065544,0.4999580383300781,1.8014412717093364e-06,0,nan,nan,nan,nan,nan,4846195,3.571710681310965e-05,0.4967799782752991,9.384525274935829e-12,0,nan,nan,nan,nan,nan,4849524,2.3982087422118547e-05,0.49651387333869934,3.517371940583991e-13,0,nan,nan,nan,nan,nan,4848415,9.75605503088102e-05,0.49986693263053894,1.4201512188449783e-09,0,nan,nan,nan,nan,nan,4829318,0.000267914725240889,0.4999821186065674,2.185687151268212e-07,0,nan,nan,nan,nan,nan,4849037,1.0480530981799441e-05,0.49277186393737793,2.379916081962043e-17,0,nan,nan,nan,nan,nan
T2,MET_PA19.nii.gz,4718497,0.0005707570243924755,0.4999969005584717,6.914415280334651e-07,0,nan,nan,nan,nan,nan,4746494,0.0001114750649706936,0.4997319281101227,2.96095720386802e-07,0,nan,nan,nan,nan,nan,4746056,0.00010571229953378004,0.49977579712867737,2.736517672019545e-06,0,nan,nan,nan,nan,nan,4772500,7.383578723702795e-11,0.00012631162826437503,2.30873421240165e-17,0,nan,nan,nan,nan,nan,4488739,0.001301110070926345,0.4999110996723175,0.00023318965395446867,34903,4.796486763325447e-09,0.11670068201145681,0.49998557567596436,0.3743972182273865,0.437570720911026,4688256,0.001089747412441309,0.49993789196014404,6.146963187347865e-06,0,nan,nan,nan,nan,nan,4766358,6.11500181758034e-05,0.49922704696655273,6.228874083191727e-10,0,nan,nan,nan,nan,nan,4769786,6.630841091477297e-05,0.49868252873420715,1.0163796193563002e-10,0,nan,nan,nan,nan,nan,4769837,7.98354741683702e-05,0.49976658821105957,1.9462261136027337e-08,0,nan,nan,nan,nan,nan,4747458,0.0006669432717859868,0.49999380111694336,3.421976089157397e-06,0,nan,nan,nan,nan,nan,4768120,2.3141944140123823e-05,0.4995681345462799,3.9029795901820465e-17,0,nan,nan,nan,nan,nan
T2,MET_PA25.nii.gz,4793736,0.00046492813563699044,0.4998990595340729,1.3124702036293456e-07,0,nan,nan,nan,nan,nan,4826786,0.00015294194341771407,0.49986758828163147,2.711759634621558e-07,0,nan,nan,nan,nan,nan,4850961,0.00014490792195791892,0.4999500513076782,9.232750386445332e-08,0,nan,nan,nan,nan,nan,4864223,5.172007653093484e-06,0.4986218214035034,3.690482515645339e-17,0,nan,nan,nan,nan,nan,4592148,0.0013015356226400451,0.4999799132347107,0.00014743297651875764,23552,6.419451636929807e-08,0.1358393119455437,0.4999016225337982,0.3969317376613617,0.4492786228656769,4826215,0.0007351270125033623,0.49995630979537964,4.742401415569475e-06,0,nan,nan,nan,nan,nan,4856063,6.751223341725699e-05,0.49972817301750183,5.192086205418889e-10,0,nan,nan,nan,nan,nan,4862183,6.172921138060917e-05,0.498111367225647,7.760236203635529e-11,0,nan,nan,nan,nan,nan,4858258,6.847766150112103e-05,0.4993194043636322,1.877457744825506e-09,0,nan,nan,nan,nan,nan,4837885,0.00040958792165030067,0.49999547004699707,2.0835999237078795e-07,0,nan,nan,nan,nan,nan,4861465,1.566347386438596e-05,0.4952760338783264,8.477017062359372e-17,0,nan,nan,nan,nan,nan
