record_type,case,name,decoder_stage,model_output_list_index,internal_stage_index,encoder_skip_index,upsampling_order,is_final_output,head_type,observed_raw_patch_shape,aligned_patch_shape,upsample_factor_to_final,prompt,threshold,gt_voxels,gt_volume_mm3,pred_voxels,pred_volume_mm3,pred_gt_volume_ratio,dice,iou,precision,recall,cc_count,cc_volume_median_voxels,cc_volume_median_mm3,small_cc_count_fraction,small_cc_voxel_fraction,small_component_max_voxels,lhs,rhs,pairwise_dice,fp_overlap,fp_overlap_dice,fn_overlap,fn_overlap_dice,intersection_voxels,union_voxels,mean_probability,d25_intersection_voxels,d25_union_voxels,majority_vote_voxels,independent_tp_voxels,independent_fp_voxels,independent_fn_recovery,r1_voxels,r1_volume_mm3,r1_tp_voxels,r1_fp_voxels,extra_precision,fn_recovery,merge_added_tp_voxels,merge_added_fp_voxels,merge_dice,merge_recall,merge_precision,delta_dice,delta_recall,delta_precision
layer,CYST_PA19,Decoder 1,1,4,0,4,1,False,intermediate_segmentation_conv,"[12, 12, 12]","[192, 192, 192]","[16.0, 16.0, 16.0]",liver,0.5,272203,1196204.7165981494,2649442,11643056.897805072,9.733331374011307,0.052660059658172026,0.02704204775306375,0.029035170424564872,0.2826089352431825,10,2269.5,9973.389728693292,0.1,2.415602983571635e-05,100,,,,,,,,76927,2844718,,,,,,,,,,,,,,,,,,,,,
layer,CYST_PA19,Decoder 2,2,3,1,3,2,False,intermediate_segmentation_conv,"[24, 24, 24]","[192, 192, 192]","[8.0, 8.0, 8.0]",liver,0.5,272203,1196204.7165981494,212583,934202.7357104234,0.7809722890636768,0.7530539248245618,0.6039185974570803,0.8586528555905223,0.6705840861415928,1,212583.0,934202.7357104234,0.0,0.0,100,,,,,,,,182535,302251,,,,,,,,,,,,,,,,,,,,,
layer,CYST_PA19,Decoder 3,3,2,2,2,3,False,intermediate_segmentation_conv,"[48, 48, 48]","[192, 192, 192]","[4.0, 4.0, 4.0]",liver,0.5,272203,1196204.7165981494,252883,1111302.3638515733,0.9290235596227815,0.8360116247624199,0.7182302182285821,0.8679468370748528,0.8063430601426141,1,252883.0,1111302.3638515733,0.0,0.0,100,,,,,,,,219489,305597,,,,,,,,,,,,,,,,,,,,,
layer,CYST_PA19,Decoder 4,4,1,3,1,4,False,intermediate_segmentation_conv,"[96, 96, 96]","[192, 192, 192]","[2.0, 2.0, 2.0]",liver,0.5,272203,1196204.7165981494,264374,1161799.9277962372,0.9712383772405153,0.8618968013910399,0.7573098840636667,0.8746586275503643,0.8495020260614321,1,264374.0,1161799.9277962372,0.0,0.0,100,,,,,,,,231237,305340,,,,,,,,,,,,,,,,,,,,,
layer,CYST_PA19,Decoder 5,5,0,4,0,5,True,final_mask_einsum,"[192, 192, 192]","[192, 192, 192]","[1.0, 1.0, 1.0]",liver,0.5,272203,1196204.7165981494,268505,1179953.738313634,0.9864145509050231,0.8877175850921385,0.7981044860496824,0.8938306549226271,0.881687564060646,2,134252.5,589976.869156817,0.5,7.448650863112419e-06,100,,,,,,,,239998,300710,,,,,,,,,,,,,,,,,,,,,
decoder1_extra,CYST_PA19,Decoder 1 extra R1,1,4,0,4,1,False,,"[12, 12, 12]","[192, 192, 192]","[16.0, 16.0, 16.0]",liver,0.5,272203,,,,,,,,,,,,,,,,,,,,,,,,,,,,,,,2584095,11355887.433781754,23725,2560370,0.009181164005193308,0.5714951094550536,18405,2559086,0.16573862027407488,0.9493025425877011,0.09079527870032143,-0.7219789648180637,0.06761497852705511,-0.8030353762223057
pairwise,CYST_PA19,,,,,,,,,[],[],[],,0.5,,,,,,,,,,,,,,,,Decoder 2,Decoder 3,0.8650599614150121,0.49977541902082695,0.6664670092367833,0.5473613284646148,0.707477068730598,21141,42301,,,,,,,,,,,,,,,,,,,,,
pairwise,CYST_PA19,,,,,,,,,[],[],[],,0.5,,,,,,,,,,,,,,,,Decoder 2,Decoder 4,0.8507181989152062,0.5078872634417584,0.6736408957822267,0.44176498504530554,0.6128113661068328,21282,41903,,,,,,,,,,,,,,,,,,,,,
pairwise,CYST_PA19,,,,,,,,,[],[],[],,0.5,,,,,,,,,,,,,,,,Decoder 2,Decoder 5,0.8219909870959159,0.37217912966044103,0.542464349756639,0.3487494466578132,0.517144896736767,15882,42673,,,,,,,,,,,,,,,,,,,,,
pairwise,CYST_PA19,,,,,,,,,[],[],[],,0.5,,,,,,,,,,,,,,,,Decoder 3,Decoder 4,0.9467788739446735,0.6917385002669921,0.8177841908283356,0.7175439561446931,0.8355465414175918,27204,39327,,,,,,,,,,,,,,,,,,,,,
pairwise,CYST_PA19,,,,,,,,,[],[],[],,0.5,,,,,,,,,,,,,,,,Decoder 3,Decoder 5,0.910795798905997,0.48958032534411394,0.6573399460428749,0.5409279790959735,0.7020808064155254,20345,41556,,,,,,,,,,,,,,,,,,,,,
pairwise,CYST_PA19,,,,,,,,,[],[],[],,0.5,,,,,,,,,,,,,,,,Decoder 4,Decoder 5,0.94240906472201,0.5768955284968792,0.7316851599506846,0.675927622537792,0.8066310423528447,22552,39092,,,,,,,,,,,,,,,,,,,,,
independent_vs_final,CYST_PA19,Decoder 2,2,,,3,2,False,,"[24, 24, 24]","[192, 192, 192]","[8.0, 8.0, 8.0]",,0.5,,,,,,,,,,,,,,,,,,,,,,,,,,,,,692,14166,0.021487346685297313,,,,,,,,,,,,,,
independent_vs_final,CYST_PA19,Decoder 3,3,,,2,3,False,,"[48, 48, 48]","[192, 192, 192]","[4.0, 4.0, 4.0]",,0.5,,,,,,,,,,,,,,,,,,,,,,,,,,,,,2395,13049,0.0743673342648657,,,,,,,,,,,,,,
independent_vs_final,CYST_PA19,Decoder 4,4,,,1,4,False,,"[96, 96, 96]","[192, 192, 192]","[2.0, 2.0, 2.0]",,0.5,,,,,,,,,,,,,,,,,,,,,,,,,,,,,2694,10585,0.08365160689333954,,,,,,,,,,,,,,
independent_vs_final,CYST_PA19,Decoder 5,5,,,0,5,True,,"[192, 192, 192]","[192, 192, 192]","[1.0, 1.0, 1.0]",,0.5,,,,,,,,,,,,,,,,,,,,,,,,,,,,,0,0,0.0,,,,,,,,,,,,,,
ensemble,CYST_PA19,d2_d5_intersection,,,,,,,,[],[],[],,0.5,272203,,193859,,,0.7703953551244255,0.6265390736242566,0.9260648203075431,0.6595298361884329,,,,,,,,,,,,,,179526,286536,0.04165208712220192,193859,294057,243323,,,,,,,,,,,,,,,,,
ensemble,CYST_PA19,d2_d5_union,,,,,,,,[],[],[],,0.5,272203,,294057,,,0.8595698089216968,0.7537241785128063,0.8276286570290794,0.8940753775674772,,,,,,,,,,,,,,243370,322890,0.04165208712220192,193859,294057,243323,,,,,,,,,,,,,,,,,
ensemble,CYST_PA19,d2_d5_majority_vote,,,,,,,,[],[],[],,0.5,272203,,243323,,,0.8456683077090196,0.7326042534885596,0.8958544814916798,0.8008067508440392,,,,,,,,,,,,,,217982,297544,0.04165208712220192,193859,294057,243323,,,,,,,,,,,,,,,,,
ensemble,CYST_PA19,d2_d5_average_probability,,,,,,,,[],[],[],,0.5,272203,,254569,,,0.8564654157776039,0.7489632824353981,0.8861291044864065,0.8287234159799856,,,,,,,,,,,,,,225581,301191,0.04165208712220192,193859,294057,243323,,,,,,,,,,,,,,,,,
layer,CYST_PA20,Decoder 1,1,4,0,4,1,False,intermediate_segmentation_conv,"[12, 12, 12]","[192, 192, 192]","[16.0, 16.0, 16.0]",liver,0.5,244817,970993.3692743612,1767813,7011501.248348833,7.220956877994584,0.08826759016808852,0.04617151946273141,0.05024569906432411,0.3628220262481772,4,1779.0,7055.871136151038,0.25,5.656706902822867e-07,100,,,,,,,,88825,1923805,,,,,,,,,,,,,,,,,,,,,
layer,CYST_PA20,Decoder 2,2,3,1,3,2,False,intermediate_segmentation_conv,"[24, 24, 24]","[192, 192, 192]","[8.0, 8.0, 8.0]",liver,0.5,244817,970993.3692743612,203377,806634.0101500785,0.8307307090602368,0.7568999138765802,0.6088809117831823,0.8340126956342162,0.692839958009452,1,203377.0,806634.0101500785,0.0,0.0,100,,,,,,,,169619,278575,,,,,,,,,,,,,,,,,,,,,
layer,CYST_PA20,Decoder 3,3,2,2,2,3,False,intermediate_segmentation_conv,"[48, 48, 48]","[192, 192, 192]","[4.0, 4.0, 4.0]",liver,0.5,244817,970993.3692743612,244040,967911.631290781,0.9968262007948795,0.8119838725844163,0.6834788298293645,0.8132765120472054,0.8106953356997267,2,122020.0,483955.8156453905,0.0,0.0,100,,,,,,,,198472,290385,,,,,,,,,,,,,,,,,,,,,
layer,CYST_PA20,Decoder 4,4,1,3,1,4,False,intermediate_segmentation_conv,"[96, 96, 96]","[192, 192, 192]","[2.0, 2.0, 2.0]",liver,0.5,244817,970993.3692743612,257341,1020666.0674807443,1.051156578178803,0.8394847836736644,0.7233724916861429,0.8190572042542774,0.8609573681566232,7,50.0,198.31003755342996,0.5714285714285714,0.00022149599169972916,100,,,,,,,,210777,291381,,,,,,,,,,,,,,,,,,,,,
layer,CYST_PA20,Decoder 5,5,0,4,0,5,True,final_mask_einsum,"[192, 192, 192]","[192, 192, 192]","[1.0, 1.0, 1.0]",liver,0.5,244817,970993.3692743612,265092,1051408.089502277,1.0828169612404368,0.8529874938469413,0.7436601512809641,0.8203680231768593,0.888308409955191,15,2.0,7.932401502137198,0.8666666666666667,0.00030555429813046035,100,,,,,,,,217473,292436,,,,,,,,,,,,,,,,,,,,,
decoder1_extra,CYST_PA20,Decoder 1 extra R1,1,4,0,4,1,False,,"[12, 12, 12]","[192, 192, 192]","[16.0, 16.0, 16.0]",liver,0.5,244817,,,,,,,,,,,,,,,,,,,,,,,,,,,,,,,1679198,6660036.36879289,18303,1660895,0.010899846236119863,0.4965988882387361,13579,1658345,0.21179622821728336,0.9437743293970599,0.1192824426850372,-0.6411912656296579,0.05546591944186885,-0.7010855804918221
pairwise,CYST_PA20,,,,,,,,,[],[],[],,0.5,,,,,,,,,,,,,,,,Decoder 2,Decoder 3,0.8624705811357191,0.5300607580287395,0.6928623654287371,0.5316170169867432,0.6941905333914746,27481,51845,,,,,,,,,,,,,,,,,,,,,
pairwise,CYST_PA20,,,,,,,,,[],[],[],,0.5,,,,,,,,,,,,,,,,Decoder 2,Decoder 4,0.838634479225904,0.4975389663658737,0.6644754861681731,0.3948363042034833,0.5661399879162928,26686,53636,,,,,,,,,,,,,,,,,,,,,
pairwise,CYST_PA20,,,,,,,,,[],[],[],,0.5,,,,,,,,,,,,,,,,Decoder 2,Decoder 5,0.8210788760835829,0.45279751490698755,0.6233456627794094,0.3170894611778306,0.4815002633067426,25363,56014,,,,,,,,,,,,,,,,,,,,,
pairwise,CYST_PA20,,,,,,,,,[],[],[],,0.5,,,,,,,,,,,,,,,,Decoder 3,Decoder 4,0.9373470474549295,0.7574728649638518,0.8620023444622932,0.6225626740947076,0.7673819742489271,39709,52423,,,,,,,,,,,,,,,,,,,,,
pairwise,CYST_PA20,,,,,,,,,[],[],[],,0.5,,,,,,,,,,,,,,,,Decoder 3,Decoder 5,0.906904299867225,0.6227883811646698,0.7675534141028255,0.48228833504314766,0.6507348450922119,35763,57424,,,,,,,,,,,,,,,,,,,,,
pairwise,CYST_PA20,,,,,,,,,[],[],[],,0.5,,,,,,,,,,,,,,,,Decoder 4,Decoder 5,0.9352931380674651,0.6701778652621873,0.8025227482666724,0.602924663794229,0.7522807246187931,37792,56391,,,,,,,,,,,,,,,,,,,,,
independent_vs_final,CYST_PA20,Decoder 2,2,,,3,2,False,,"[24, 24, 24]","[192, 192, 192]","[8.0, 8.0, 8.0]",,0.5,,,,,,,,,,,,,,,,,,,,,,,,,,,,,2657,8395,0.09716939730836746,,,,,,,,,,,,,,
independent_vs_final,CYST_PA20,Decoder 3,3,,,2,3,False,,"[48, 48, 48]","[192, 192, 192]","[4.0, 4.0, 4.0]",,0.5,,,,,,,,,,,,,,,,,,,,,,,,,,,,,3368,9805,0.12317144528964306,,,,,,,,,,,,,,
independent_vs_final,CYST_PA20,Decoder 4,4,,,1,4,False,,"[96, 96, 96]","[192, 192, 192]","[2.0, 2.0, 2.0]",,0.5,,,,,,,,,,,,,,,,,,,,,,,,,,,,,4255,8772,0.15561000585137508,,,,,,,,,,,,,,
independent_vs_final,CYST_PA20,Decoder 5,5,,,0,5,True,,"[192, 192, 192]","[192, 192, 192]","[1.0, 1.0, 1.0]",,0.5,,,,,,,,,,,,,,,,,,,,,,,,,,,,,0,0,0.0,,,,,,,,,,,,,,
ensemble,CYST_PA20,d2_d5_intersection,,,,,,,,[],[],[],,0.5,244817,,186863,,,0.7578947368421053,0.6101694915254238,0.8754221006833883,0.6681888921112504,,,,,,,,,,,,,,163584,268096,0.08201176673173904,186863,289160,234203,,,,,,,,,,,,,,,,,
ensemble,CYST_PA20,d2_d5_union,,,,,,,,[],[],[],,0.5,244817,,289160,,,0.8407103676750122,0.7251944158156095,0.776248443768156,0.9168480946993061,,,,,,,,,,,,,,224460,309517,0.08201176673173904,186863,289160,234203,,,,,,,,,,,,,,,,,
ensemble,CYST_PA20,d2_d5_majority_vote,,,,,,,,[],[],[],,0.5,244817,,234203,,,0.8215773871654628,0.6971839968254419,0.8401941905099423,0.8037677122095279,,,,,,,,,,,,,,196776,282244,0.08201176673173904,186863,289160,234203,,,,,,,,,,,,,,,,,
ensemble,CYST_PA20,d2_d5_average_probability,,,,,,,,[],[],[],,0.5,244817,,246506,,,0.8355440311159869,0.7175402535114765,0.8326815574468776,0.8384262530788303,,,,,,,,,,,,,,205261,286062,0.08201176673173904,186863,289160,234203,,,,,,,,,,,,,,,,,
layer,CYST_PA37,Decoder 1,1,4,0,4,1,False,intermediate_segmentation_conv,"[12, 12, 12]","[192, 192, 192]","[16.0, 16.0, 16.0]",liver,0.5,252346,1222608.4588415455,2994958,14510477.616745094,11.868458386501073,0.07612776629474789,0.03957007381312988,0.04127102951026358,0.4898234963106211,9,560.0,2713.182443752885,0.4444444444444444,2.9382715884496544e-05,100,,,,,,,,123605,3123699,,,,,,,,,,,,,,,,,,,,,
layer,CYST_PA37,Decoder 2,2,3,1,3,2,False,intermediate_segmentation_conv,"[24, 24, 24]","[192, 192, 192]","[8.0, 8.0, 8.0]",liver,0.5,252346,1222608.4588415455,210367,1019221.5199017199,0.8336450746197681,0.7382373090879227,0.5850841163755451,0.8118954018453465,0.6768326028548105,1,210367.0,1019221.5199017199,0.0,0.0,100,,,,,,,,170796,291917,,,,,,,,,,,,,,,,,,,,,
layer,CYST_PA37,Decoder 3,3,2,2,2,3,False,intermediate_segmentation_conv,"[48, 48, 48]","[192, 192, 192]","[4.0, 4.0, 4.0]",liver,0.5,252346,1222608.4588415455,255270,1236775.1471728552,1.0115872651042617,0.819942633801929,0.6948328592224582,0.8152466016374819,0.8246930801360037,2,127635.0,618387.5735864276,0.5,3.917420770164924e-06,100,,,,,,,,208108,299508,,,,,,,,,,,,,,,,,,,,,
layer,CYST_PA37,Decoder 4,4,1,3,1,4,False,intermediate_segmentation_conv,"[96, 96, 96]","[192, 192, 192]","[2.0, 2.0, 2.0]",liver,0.5,252346,1222608.4588415455,266034,1288926.3897167053,1.0542429838396488,0.8504379026968633,0.7397929217499287,0.828559507431381,0.8735030474031686,3,30.0,145.3490594867617,0.6666666666666666,0.00011652645902403452,100,,,,,,,,220425,297955,,,,,,,,,,,,,,,,,,,,,
layer,CYST_PA37,Decoder 5,5,0,4,0,5,True,final_mask_einsum,"[192, 192, 192]","[192, 192, 192]","[1.0, 1.0, 1.0]",liver,0.5,252346,1222608.4588415455,272541,1320452.600719384,1.0800290077908903,0.8919900854850663,0.8050379999312218,0.858942324274146,0.927682626235407,8,3.5,16.95739027345553,0.875,8.439097236746031e-05,100,,,,,,,,234097,290790,,,,,,,,,,,,,,,,,,,,,
decoder1_extra,CYST_PA37,Decoder 1 extra R1,1,4,0,4,1,False,,"[12, 12, 12]","[192, 192, 192]","[16.0, 16.0, 16.0]",liver,0.5,252346,,,,,,,,,,,,,,,,,,,,,,,,,,,,,,,2869650,13903364.28520619,12566,2857084,0.004378931228547035,0.24072551920653187,4393,2854933,0.1409426652518621,0.9450912635825415,0.07614946611717548,-0.7510474202332043,0.017408637347134492,-0.7827928581569705
pairwise,CYST_PA37,,,,,,,,,[],[],[],,0.5,,,,,,,,,,,,,,,,Decoder 2,Decoder 3,0.8445334026290866,0.5370833111808176,0.6988343537062018,0.46215810947471203,0.632158870480491,30306,56427,,,,,,,,,,,,,,,,,,,,,
pairwise,CYST_PA37,,,,,,,,,[],[],[],,0.5,,,,,,,,,,,,,,,,Decoder 2,Decoder 4,0.8239823174174697,0.46920330475878363,0.6387180089222823,0.3625894615495461,0.5322064668505609,27203,57977,,,,,,,,,,,,,,,,,,,,,
pairwise,CYST_PA37,,,,,,,,,[],[],[],,0.5,,,,,,,,,,,,,,,,Decoder 2,Decoder 5,0.7909084131967166,0.3679642293529721,0.5379734666410305,0.21169699986644488,0.3494223389011914,20985,57030,,,,,,,,,,,,,,,,,,,,,
pairwise,CYST_PA37,,,,,,,,,[],[],[],,0.5,,,,,,,,,,,,,,,,Decoder 3,Decoder 4,0.9356958703558768,0.671700153166952,0.8036131980899204,0.665369224377337,0.7990651137751283,37276,55495,,,,,,,,,,,,,,,,,,,,,
pairwise,CYST_PA37,,,,,,,,,[],[],[],,0.5,,,,,,,,,,,,,,,,Decoder 3,Decoder 5,0.8923535129051876,0.49545803927049126,0.6626171062775974,0.38211939572228,0.5529470129786995,28362,57244,,,,,,,,,,,,,,,,,,,,,
pairwise,CYST_PA37,,,,,,,,,[],[],[],,0.5,,,,,,,,,,,,,,,,Decoder 4,Decoder 5,0.9334670194494732,0.6352723735408561,0.7769621548308805,0.49191150231949565,0.6594379111022524,32653,51400,,,,,,,,,,,,,,,,,,,,,
independent_vs_final,CYST_PA37,Decoder 2,2,,,3,2,False,,"[24, 24, 24]","[192, 192, 192]","[8.0, 8.0, 8.0]",,0.5,,,,,,,,,,,,,,,,,,,,,,,,,,,,,813,18586,0.04455038632253822,,,,,,,,,,,,,,
independent_vs_final,CYST_PA37,Decoder 3,3,,,2,3,False,,"[48, 48, 48]","[192, 192, 192]","[4.0, 4.0, 4.0]",,0.5,,,,,,,,,,,,,,,,,,,,,,,,,,,,,973,18800,0.05331799002685079,,,,,,,,,,,,,,
independent_vs_final,CYST_PA37,Decoder 4,4,,,1,4,False,,"[96, 96, 96]","[192, 192, 192]","[2.0, 2.0, 2.0]",,0.5,,,,,,,,,,,,,,,,,,,,,,,,,,,,,1707,12956,0.09353937202038468,,,,,,,,,,,,,,
independent_vs_final,CYST_PA37,Decoder 5,5,,,0,5,True,,"[192, 192, 192]","[192, 192, 192]","[1.0, 1.0, 1.0]",,0.5,,,,,,,,,,,,,,,,,,,,,,,,,,,,,0,0,0.0,,,,,,,,,,,,,,
ensemble,CYST_PA37,d2_d5_intersection,,,,,,,,[],[],[],,0.5,252346,,185543,,,0.7573197773865066,0.6094245032674453,0.8936526842834276,0.657077980233489,,,,,,,,,,,,,,165811,272078,0.043703243136405945,185543,304190,243515,,,,,,,,,,,,,,,,,
ensemble,CYST_PA37,d2_d5_union,,,,,,,,[],[],[],,0.5,252346,,304190,,,0.8485165380137134,0.7368899042197609,0.7762089483546468,0.9356795827950513,,,,,,,,,,,,,,236115,320421,0.043703243136405945,185543,304190,243515,,,,,,,,,,,,,,,,,
ensemble,CYST_PA37,d2_d5_majority_vote,,,,,,,,[],[],[],,0.5,252346,,243515,,,0.8425950014217694,0.7280035963701752,0.8578732316284418,0.8278514420676373,,,,,,,,,,,,,,208905,286956,0.043703243136405945,185543,304190,243515,,,,,,,,,,,,,,,,,
ensemble,CYST_PA37,d2_d5_average_probability,,,,,,,,[],[],[],,0.5,252346,,255454,,,0.8486411973217802,0.737077959839907,0.8434786693494719,0.8538673091707417,,,,,,,,,,,,,,215470,292330,0.043703243136405945,185543,304190,243515,,,,,,,,,,,,,,,,,
layer,CYST_PA38,Decoder 1,1,4,0,4,1,False,intermediate_segmentation_conv,"[12, 12, 12]","[192, 192, 192]","[16.0, 16.0, 16.0]",liver,0.5,236039,1106432.8125,1689100,7917656.25,7.156020827066714,0.01284998122213513,0.006466538057372293,0.007322834645669292,0.052402357237575144,4,5964.0,27956.25,0.0,0.0,100,,,,,,,,12369,1912770,,,,,,,,,,,,,,,,,,,,,
layer,CYST_PA38,Decoder 2,2,3,1,3,2,False,intermediate_segmentation_conv,"[24, 24, 24]","[192, 192, 192]","[8.0, 8.0, 8.0]",liver,0.5,236039,1106432.8125,208788,978693.75,0.884548739826893,0.8836873660996297,0.7916127966876508,0.941356782956875,0.8326759560920017,1,208788.0,978693.75,0.0,0.0,100,,,,,,,,196544,248283,,,,,,,,,,,,,,,,,,,,,
layer,CYST_PA38,Decoder 3,3,2,2,2,3,False,intermediate_segmentation_conv,"[48, 48, 48]","[192, 192, 192]","[4.0, 4.0, 4.0]",liver,0.5,236039,1106432.8125,227656,1067137.5,0.9644846826160084,0.9219077195139046,0.855128764207671,0.9388814702885054,0.9055367968852605,1,227656.0,1067137.5,0.0,0.0,100,,,,,,,,213742,249953,,,,,,,,,,,,,,,,,,,,,
layer,CYST_PA38,Decoder 4,4,1,3,1,4,False,intermediate_segmentation_conv,"[96, 96, 96]","[192, 192, 192]","[2.0, 2.0, 2.0]",liver,0.5,236039,1106432.8125,228338,1070334.375,0.9673740356466516,0.9365278642137745,0.8806322541976138,0.9523206824970001,0.9212503018568965,1,228338.0,1070334.375,0.0,0.0,100,,,,,,,,217451,246926,,,,,,,,,,,,,,,,,,,,,
layer,CYST_PA38,Decoder 5,5,0,4,0,5,True,final_mask_einsum,"[192, 192, 192]","[192, 192, 192]","[1.0, 1.0, 1.0]",liver,0.5,236039,1106432.8125,228813,1072560.9375,0.9693864149568504,0.9581200037861513,0.919606871489924,0.9732488975713792,0.9434542596774262,1,228813.0,1072560.9375,0.0,0.0,100,,,,,,,,222692,242160,,,,,,,,,,,,,,,,,,,,,
decoder1_extra,CYST_PA38,Decoder 1 extra R1,1,4,0,4,1,False,,"[12, 12, 12]","[192, 192, 192]","[16.0, 16.0, 16.0]",liver,0.5,236039,,,,,,,,,,,,,,,,,,,,,,,,,,,,,,,1676445,7858335.9375,836,1675609,0.00049867427801091,0.051921780175320294,693,1675589,0.20866045749588769,0.9463902151763056,0.11725661974862146,-0.7494595462902636,0.0029359554988793723,-0.8559922778227578
pairwise,CYST_PA38,,,,,,,,,[],[],[],,0.5,,,,,,,,,,,,,,,,Decoder 2,Decoder 3,0.9322478943461245,0.4728603603603604,0.6420980197262788,0.5071219512195122,0.6729673744174003,8398,17760,,,,,,,,,,,,,,,,,,,,,
pairwise,CYST_PA38,,,,,,,,,[],[],[],,0.5,,,,,,,,,,,,,,,,Decoder 2,Decoder 4,0.9232440989554499,0.3874992501949493,0.55855777960313,0.42668009432108467,0.5981440352598867,6460,16671,,,,,,,,,,,,,,,,,,,,,
pairwise,CYST_PA38,,,,,,,,,[],[],[],,0.5,,,,,,,,,,,,,,,,Decoder 2,Decoder 5,0.905020783773346,0.2343728995832773,0.37974407841001906,0.27308646734285785,0.42901479883426064,3487,14878,,,,,,,,,,,,,,,,,,,,,
pairwise,CYST_PA38,,,,,,,,,[],[],[],,0.5,,,,,,,,,,,,,,,,Decoder 3,Decoder 4,0.9751707259306044,0.6471408647140865,0.785774767146486,0.7437198788757624,0.8530267824385471,9744,15057,,,,,,,,,,,,,,,,,,,,,
pairwise,CYST_PA38,,,,,,,,,[],[],[],,0.5,,,,,,,,,,,,,,,,Decoder 3,Decoder 5,0.9506143900242952,0.35655765454668564,0.5256800598951834,0.46430038616383207,0.6341600269330041,5266,14769,,,,,,,,,,,,,,,,,,,,,
pairwise,CYST_PA38,,,,,,,,,[],[],[],,0.5,,,,,,,,,,,,,,,,Decoder 4,Decoder 5,0.9670983985597756,0.47434119278779474,0.6434619002822202,0.5611556511536957,0.7188977610771881,5472,11536,,,,,,,,,,,,,,,,,,,,,
independent_vs_final,CYST_PA38,Decoder 2,2,,,3,2,False,,"[24, 24, 24]","[192, 192, 192]","[8.0, 8.0, 8.0]",,0.5,,,,,,,,,,,,,,,,,,,,,,,,,,,,,2012,8757,0.1507454858769761,,,,,,,,,,,,,,
independent_vs_final,CYST_PA38,Decoder 3,3,,,2,3,False,,"[48, 48, 48]","[192, 192, 192]","[4.0, 4.0, 4.0]",,0.5,,,,,,,,,,,,,,,,,,,,,,,,,,,,,2045,8648,0.1532179515996104,,,,,,,,,,,,,,
independent_vs_final,CYST_PA38,Decoder 4,4,,,1,4,False,,"[96, 96, 96]","[192, 192, 192]","[2.0, 2.0, 2.0]",,0.5,,,,,,,,,,,,,,,,,,,,,,,,,,,,,1868,5415,0.1399565445418446,,,,,,,,,,,,,,
independent_vs_final,CYST_PA38,Decoder 5,5,,,0,5,True,,"[192, 192, 192]","[192, 192, 192]","[1.0, 1.0, 1.0]",,0.5,,,,,,,,,,,,,,,,,,,,,,,,,,,,,0,0,0.0,,,,,,,,,,,,,,
ensemble,CYST_PA38,d2_d5_intersection,,,,,,,,[],[],[],,0.5,236039,,196802,,,0.8935567564070871,0.8075938477471947,0.9826322903222529,0.8192883379441533,,,,,,,,,,,,,,193384,239457,0.0579073466360569,196802,244635,221033,,,,,,,,,,,,,,,,,
ensemble,CYST_PA38,d2_d5_union,,,,,,,,[],[],[],,0.5,236039,,244635,,,0.937812321864715,0.8829064215008442,0.921335867721299,0.9548888107473765,,,,,,,,,,,,,,225391,255283,0.0579073466360569,196802,244635,221033,,,,,,,,,,,,,,,,,
ensemble,CYST_PA38,d2_d5_majority_vote,,,,,,,,[],[],[],,0.5,236039,,221033,,,0.931861938600483,0.8724171268454947,0.963494138884239,0.9022407314045561,,,,,,,,,,,,,,212964,244108,0.0579073466360569,196802,244635,221033,,,,,,,,,,,,,,,,,
ensemble,CYST_PA38,d2_d5_average_probability,,,,,,,,[],[],[],,0.5,236039,,225667,,,0.9359722420761264,0.879650211289968,0.9574815989932068,0.915408046975288,,,,,,,,,,,,,,216072,245634,0.0579073466360569,196802,244635,221033,,,,,,,,,,,,,,,,,
layer,CYST_PA53,Decoder 1,1,4,0,4,1,False,intermediate_segmentation_conv,"[12, 12, 12]","[192, 192, 192]","[16.0, 16.0, 16.0]",liver,0.5,384334,1801565.625,1656700,7765781.25,4.310573615657215,0.031468363584340096,0.015985703761224938,0.01938431822297338,0.0835575306894524,6,3206.0,15028.125,0.16666666666666666,4.345989014305547e-05,100,,,,,,,,32114,2008920,,,,,,,,,,,,,,,,,,,,,
layer,CYST_PA53,Decoder 2,2,3,1,3,2,False,intermediate_segmentation_conv,"[24, 24, 24]","[192, 192, 192]","[8.0, 8.0, 8.0]",liver,0.5,384334,1801565.625,366633,1718592.1875,0.9539437052147351,0.906764212009316,0.8294315114545472,0.9286534490894164,0.8858831120848012,1,366633.0,1718592.1875,0.0,0.0,100,,,,,,,,340475,410492,,,,,,,,,,,,,,,,,,,,,
layer,CYST_PA53,Decoder 3,3,2,2,2,3,False,intermediate_segmentation_conv,"[48, 48, 48]","[192, 192, 192]","[4.0, 4.0, 4.0]",liver,0.5,384334,1801565.625,393265,1843429.6875,1.02323760062862,0.928481132305983,0.866509363763364,0.9179382858886501,0.9392689691778505,2,196632.5,921714.84375,0.5,7.628443924580118e-06,100,,,,,,,,360993,416606,,,,,,,,,,,,,,,,,,,,,
layer,CYST_PA53,Decoder 4,4,1,3,1,4,False,intermediate_segmentation_conv,"[96, 96, 96]","[192, 192, 192]","[2.0, 2.0, 2.0]",liver,0.5,384334,1801565.625,398655,1868695.3125,1.0372618607773447,0.9379058965068475,0.8830723129166627,0.9210595627798472,0.9553799559757918,2,199327.5,934347.65625,0.5,9.532051523246917e-05,100,,,,,,,,367185,415804,,,,,,,,,,,,,,,,,,,,,
layer,CYST_PA53,Decoder 5,5,0,4,0,5,True,final_mask_einsum,"[192, 192, 192]","[192, 192, 192]","[1.0, 1.0, 1.0]",liver,0.5,384334,1801565.625,398633,1868592.1875,1.0372046188991866,0.957445205225763,0.9183643967923008,0.9402733842908139,0.9752558972144021,3,44.0,206.25,0.6666666666666666,0.0001153943602260726,100,,,,,,,,374824,408143,,,,,,,,,,,,,,,,,,,,,
decoder1_extra,CYST_PA53,Decoder 1 extra R1,1,4,0,4,1,False,,"[12, 12, 12]","[192, 192, 192]","[16.0, 16.0, 16.0]",liver,0.5,384334,,,,,,,,,,,,,,,,,,,,,,,,,,,,,,,1621188,7599318.75,1460,1619728,0.0009005741468602037,0.07192429022082018,684,1619578,0.31250288674113036,0.9770355992444072,0.1859967952766241,-0.6449423184846327,0.0017797020300051036,-0.7542765890141898
pairwise,CYST_PA53,,,,,,,,,[],[],[],,0.5,,,,,,,,,,,,,,,,Decoder 2,Decoder 3,0.9465533532131944,0.5570537760486063,0.7155228478521307,0.4738134924116151,0.6429761904761905,20904,37526,,,,,,,,,,,,,,,,,,,,,
pairwise,CYST_PA53,,,,,,,,,[],[],[],,0.5,,,,,,,,,,,,,,,,Decoder 2,Decoder 4,0.9364892693992327,0.4771486427601056,0.6460401193864094,0.3676777187436949,0.537667191188041,18615,39013,,,,,,,,,,,,,,,,,,,,,
pairwise,CYST_PA53,,,,,,,,,[],[],[],,0.5,,,,,,,,,,,,,,,,Decoder 2,Decoder 5,0.9265980717815766,0.4104612431547451,0.5820241359297136,0.20395686699151777,0.33881092019711817,14541,35426,,,,,,,,,,,,,,,,,,,,,
pairwise,CYST_PA53,,,,,,,,,[],[],[],,0.5,,,,,,,,,,,,,,,,Decoder 3,Decoder 4,0.9772401252651783,0.7392561870719528,0.8500831476891217,0.65407083622697,0.7908619412200544,27093,36649,,,,,,,,,,,,,,,,,,,,,
pairwise,CYST_PA53,,,,,,,,,[],[],[],,0.5,,,,,,,,,,,,,,,,Decoder 3,Decoder 5,0.9605656284016376,0.554825473398209,0.713681995684813,0.36816459122902,0.5381875741986545,20012,36069,,,,,,,,,,,,,,,,,,,,,
pairwise,CYST_PA53,,,,,,,,,[],[],[],,0.5,,,,,,,,,,,,,,,,Decoder 4,Decoder 5,0.9740545449072355,0.650414999701439,0.7881835778505399,0.4961836345268829,0.6632656888855546,21785,33494,,,,,,,,,,,,,,,,,,,,,
independent_vs_final,CYST_PA53,Decoder 2,2,,,3,2,False,,"[24, 24, 24]","[192, 192, 192]","[8.0, 8.0, 8.0]",,0.5,,,,,,,,,,,,,,,,,,,,,,,,,,,,,469,11617,0.049316508937960045,,,,,,,,,,,,,,
independent_vs_final,CYST_PA53,Decoder 3,3,,,2,3,False,,"[48, 48, 48]","[192, 192, 192]","[4.0, 4.0, 4.0]",,0.5,,,,,,,,,,,,,,,,,,,,,,,,,,,,,670,12260,0.07045215562565721,,,,,,,,,,,,,,
independent_vs_final,CYST_PA53,Decoder 4,4,,,1,4,False,,"[96, 96, 96]","[192, 192, 192]","[2.0, 2.0, 2.0]",,0.5,,,,,,,,,,,,,,,,,,,,,,,,,,,,,669,9685,0.07034700315457414,,,,,,,,,,,,,,
independent_vs_final,CYST_PA53,Decoder 5,5,,,0,5,True,,"[192, 192, 192]","[192, 192, 192]","[1.0, 1.0, 1.0]",,0.5,,,,,,,,,,,,,,,,,,,,,,,,,,,,,0,0,0.0,,,,,,,,,,,,,,
ensemble,CYST_PA53,d2_d5_intersection,,,,,,,,[],[],[],,0.5,384334,,352200,,,0.9186269744506024,0.8495005449057589,0.9605337876206701,0.8802239718578112,,,,,,,,,,,,,,338300,398234,0.11549922078847885,352200,418744,385273,,,,,,,,,,,,,,,,,
ensemble,CYST_PA53,d2_d5_union,,,,,,,,[],[],[],,0.5,384334,,418744,,,0.9360261394285486,0.8797454280745365,0.8975674875341497,0.9779280521629624,,,,,,,,,,,,,,375851,427227,0.11549922078847885,352200,418744,385273,,,,,,,,,,,,,,,,,
ensemble,CYST_PA53,d2_d5_majority_vote,,,,,,,,[],[],[],,0.5,384334,,385273,,,0.9379826326943492,0.8832083745240635,0.9368395916661691,0.939128466386008,,,,,,,,,,,,,,360939,408668,0.11549922078847885,352200,418744,385273,,,,,,,,,,,,,,,,,
ensemble,CYST_PA53,d2_d5_average_probability,,,,,,,,[],[],[],,0.5,384334,,392579,,,0.9404038804859747,0.8875116312404794,0.9305286324535953,0.950490979200383,,,,,,,,,,,,,,365306,411607,0.11549922078847885,352200,418744,385273,,,,,,,,,,,,,,,,,
layer,CYST_PA54,Decoder 1,1,4,0,4,1,False,intermediate_segmentation_conv,"[12, 12, 12]","[192, 192, 192]","[16.0, 16.0, 16.0]",liver,0.5,227186,1064934.375,1865144,8742862.5,8.209766446876127,0.004096868084862331,0.0020526387374978686,0.002297945895866485,0.018865599112621378,4,12892.0,60431.25,0.0,0.0,100,,,,,,,,4286,2088044,,,,,,,,,,,,,,,,,,,,,
layer,CYST_PA54,Decoder 2,2,3,1,3,2,False,intermediate_segmentation_conv,"[24, 24, 24]","[192, 192, 192]","[8.0, 8.0, 8.0]",liver,0.5,227186,1064934.375,200950,941953.125,0.8845175318901692,0.8671216622755387,0.7654146375658212,0.9237272953471013,0.8170529874199994,1,200950.0,941953.125,0.0,0.0,100,,,,,,,,185623,242513,,,,,,,,,,,,,,,,,,,,,
layer,CYST_PA54,Decoder 3,3,2,2,2,3,False,intermediate_segmentation_conv,"[48, 48, 48]","[192, 192, 192]","[4.0, 4.0, 4.0]",liver,0.5,227186,1064934.375,226552,1061962.5,0.9972093350822674,0.9215935187266661,0.8545882602991126,0.9228830467177513,0.9203075893761059,1,226552.0,1061962.5,0.0,0.0,100,,,,,,,,209081,244657,,,,,,,,,,,,,,,,,,,,,
layer,CYST_PA54,Decoder 4,4,1,3,1,4,False,intermediate_segmentation_conv,"[96, 96, 96]","[192, 192, 192]","[2.0, 2.0, 2.0]",liver,0.5,227186,1064934.375,231707,1086126.5625,1.0198999938376485,0.9294410679613766,0.8681830024914915,0.9203735752480503,0.938689003723821,1,231707.0,1086126.5625,0.0,0.0,100,,,,,,,,213257,245636,,,,,,,,,,,,,,,,,,,,,
layer,CYST_PA54,Decoder 5,5,0,4,0,5,True,final_mask_einsum,"[192, 192, 192]","[192, 192, 192]","[1.0, 1.0, 1.0]",liver,0.5,227186,1064934.375,232132,1088118.75,1.021770707702059,0.9515542608824388,0.9075856054156197,0.941416952423621,0.961912265720599,4,1.5,7.03125,0.75,1.723157513828339e-05,100,,,,,,,,218533,240785,,,,,,,,,,,,,,,,,,,,,
decoder1_extra,CYST_PA54,Decoder 1 extra R1,1,4,0,4,1,False,,"[12, 12, 12]","[192, 192, 192]","[16.0, 16.0, 16.0]",liver,0.5,227186,,,,,,,,,,,,,,,,,,,,,,,,,,,,,,,1860442,8720821.875,447,1859995,0.00024026548529865484,0.01525482491621403,132,1859563,0.18858454006079312,0.9624932874384865,0.1045330230463609,-0.7629697208216457,0.0005810217178875421,-0.8368839293772601
pairwise,CYST_PA54,,,,,,,,,[],[],[],,0.5,,,,,,,,,,,,,,,,Decoder 2,Decoder 3,0.9072706092603076,0.3848752269560444,0.5558265747911458,0.408227325293243,0.5797747536367902,9115,23683,,,,,,,,,,,,,,,,,,,,,
pairwise,CYST_PA54,,,,,,,,,[],[],[],,0.5,,,,,,,,,,,,,,,,Decoder 2,Decoder 4,0.8915515061584581,0.29761813292354977,0.4587145098735826,0.319196481635564,0.4839256108988683,7747,26030,,,,,,,,,,,,,,,,,,,,,
pairwise,CYST_PA54,,,,,,,,,[],[],[],,0.5,,,,,,,,,,,,,,,,Decoder 2,Decoder 5,0.8734835435321717,0.18046033300685602,0.30574569591371087,0.18258248357393494,0.30878604428867296,4422,24504,,,,,,,,,,,,,,,,,,,,,
pairwise,CYST_PA54,,,,,,,,,[],[],[],,0.5,,,,,,,,,,,,,,,,Decoder 3,Decoder 4,0.9684916171859145,0.6591685912240185,0.7945769883911917,0.6388192561518392,0.7796091652619093,14271,21650,,,,,,,,,,,,,,,,,,,,,
pairwise,CYST_PA54,,,,,,,,,[],[],[],,0.5,,,,,,,,,,,,,,,,Decoder 3,Decoder 5,0.9435689930322401,0.4092620311153445,0.5808175088509816,0.35080014134989146,0.5193960684655057,9023,22047,,,,,,,,,,,,,,,,,,,,,
pairwise,CYST_PA54,,,,,,,,,[],[],[],,0.5,,,,,,,,,,,,,,,,Decoder 4,Decoder 5,0.9605272519128405,0.52360351794628,0.6873225373646603,0.46303854875283446,0.6329820210787352,11014,21035,,,,,,,,,,,,,,,,,,,,,
independent_vs_final,CYST_PA54,Decoder 2,2,,,3,2,False,,"[24, 24, 24]","[192, 192, 192]","[8.0, 8.0, 8.0]",,0.5,,,,,,,,,,,,,,,,,,,,,,,,,,,,,900,10905,0.10401016988327748,,,,,,,,,,,,,,
independent_vs_final,CYST_PA54,Decoder 3,3,,,2,3,False,,"[48, 48, 48]","[192, 192, 192]","[4.0, 4.0, 4.0]",,0.5,,,,,,,,,,,,,,,,,,,,,,,,,,,,,1704,8448,0.19692592164567202,,,,,,,,,,,,,,
independent_vs_final,CYST_PA54,Decoder 4,4,,,1,4,False,,"[96, 96, 96]","[192, 192, 192]","[2.0, 2.0, 2.0]",,0.5,,,,,,,,,,,,,,,,,,,,,,,,,,,,,1506,7436,0.17404368427135097,,,,,,,,,,,,,,
independent_vs_final,CYST_PA54,Decoder 5,5,,,0,5,True,,"[192, 192, 192]","[192, 192, 192]","[1.0, 1.0, 1.0]",,0.5,,,,,,,,,,,,,,,,,,,,,,,,,,,,,0,0,0.0,,,,,,,,,,,,,,
ensemble,CYST_PA54,d2_d5_intersection,,,,,,,,[],[],[],,0.5,227186,,188273,,,0.8856950986739968,0.7948408892575408,0.9772245622048833,0.8098430361025768,,,,,,,,,,,,,,183985,231474,0.05909810587763786,188273,250374,219505,,,,,,,,,,,,,,,,,
ensemble,CYST_PA54,d2_d5_union,,,,,,,,[],[],[],,0.5,227186,,250374,,,0.9239634810285619,0.8586729769281066,0.8811777580739214,0.9711161779334995,,,,,,,,,,,,,,220624,256936,0.05909810587763786,188273,250374,219505,,,,,,,,,,,,,,,,,
ensemble,CYST_PA54,d2_d5_majority_vote,,,,,,,,[],[],[],,0.5,227186,,219505,,,0.9294389186260749,0.8681792517931453,0.9457005535181431,0.9137270782530613,,,,,,,,,,,,,,207586,239105,0.05909810587763786,188273,250374,219505,,,,,,,,,,,,,,,,,
ensemble,CYST_PA54,d2_d5_average_probability,,,,,,,,[],[],[],,0.5,227186,,226122,,,0.9332462696444801,0.8748469708500148,0.9354419295778386,0.9310608928367065,,,,,,,,,,,,,,211524,241784,0.05909810587763786,188273,250374,219505,,,,,,,,,,,,,,,,,
layer,CYST_PA56,Decoder 1,1,4,0,4,1,False,intermediate_segmentation_conv,"[12, 12, 12]","[192, 192, 192]","[16.0, 16.0, 16.0]",liver,0.5,270057,1071063.581511547,2383682,9453837.449518463,8.82658846095454,0.0725821190403427,0.03765769725255647,0.04040262081938782,0.3566173067167302,4,20665.0,81958.7306084868,0.25,4.614709512426574e-06,100,,,,,,,,96307,2557432,,,,,,,,,,,,,,,,,,,,,
layer,CYST_PA56,Decoder 2,2,3,1,3,2,False,intermediate_segmentation_conv,"[24, 24, 24]","[192, 192, 192]","[8.0, 8.0, 8.0]",liver,0.5,270057,1071063.581511547,245517,973736.3495186961,0.9091302947155601,0.7821651208167983,0.6422587611724458,0.8212547399976377,0.7466275638106029,1,245517.0,973736.3495186961,0.0,0.0,100,,,,,,,,201632,313942,,,,,,,,,,,,,,,,,,,,,
layer,CYST_PA56,Decoder 3,3,2,2,2,3,False,intermediate_segmentation_conv,"[48, 48, 48]","[192, 192, 192]","[4.0, 4.0, 4.0]",liver,0.5,270057,1071063.581511547,303835,1205029.3208047224,1.1250772984962434,0.8295881455047291,0.7088001905640995,0.783474583244195,0.8814694675568491,1,303835.0,1205029.3208047224,0.0,0.0,100,,,,,,,,238047,335845,,,,,,,,,,,,,,,,,,,,,
layer,CYST_PA56,Decoder 4,4,1,3,1,4,False,intermediate_segmentation_conv,"[96, 96, 96]","[192, 192, 192]","[2.0, 2.0, 2.0]",liver,0.5,270057,1071063.581511547,315757,1252312.7462252101,1.169223534290909,0.8477776222487001,0.7357760434259571,0.7864275376317865,0.9195095850135342,1,315757.0,1252312.7462252101,0.0,0.0,100,,,,,,,,248320,337494,,,,,,,,,,,,,,,,,,,,,
layer,CYST_PA56,Decoder 5,5,0,4,0,5,True,final_mask_einsum,"[192, 192, 192]","[192, 192, 192]","[1.0, 1.0, 1.0]",liver,0.5,270057,1071063.581511547,325701,1291751.2953261437,1.2060453904175785,0.8735325417367454,0.7754618522966703,0.7989137276213459,0.9635262185390492,7,5.0,19.83032436692156,0.8571428571428571,0.0002057101451945189,100,,,,,,,,260207,335551,,,,,,,,,,,,,,,,,,,,,
decoder1_extra,CYST_PA56,Decoder 1 extra R1,1,4,0,4,1,False,,"[12, 12, 12]","[192, 192, 192]","[16.0, 16.0, 16.0]",liver,0.5,270057,,,,,,,,,,,,,,,,,,,,,,,,,,,,,,,2271274,9008020.029231079,6360,2264914,0.0028001905538477525,0.17939086294416243,1767,2262291,0.1832103883606498,0.9700692816701659,0.10115767528947674,-0.6903221533760957,0.006543063131116744,-0.6977560523318692
pairwise,CYST_PA56,,,,,,,,,[],[],[],,0.5,,,,,,,,,,,,,,,,Decoder 2,Decoder 3,0.8430077618721694,0.4466634129611798,0.6175084113683404,0.3878947004767498,0.5589684870811968,33862,75811,,,,,,,,,,,,,,,,,,,,,
pairwise,CYST_PA56,,,,,,,,,[],[],[],,0.5,,,,,,,,,,,,,,,,Decoder 2,Decoder 4,0.8278167169688958,0.42755286544158194,0.599001095919944,0.26842238541402885,0.42323817129167496,33341,77981,,,,,,,,,,,,,,,,,,,,,
pairwise,CYST_PA56,,,,,,,,,[],[],[],,0.5,,,,,,,,,,,,,,,,Decoder 2,Decoder 5,0.8038122047974678,0.35045805862162627,0.519021018659889,0.1366276537042953,0.2404088150750559,28385,80994,,,,,,,,,,,,,,,,,,,,,
pairwise,CYST_PA56,,,,,,,,,[],[],[],,0.5,,,,,,,,,,,,,,,,Decoder 3,Decoder 4,0.9417487637025656,0.7223658694246929,0.8388065303058735,0.5723772745889649,0.7280406348261298,55875,77350,,,,,,,,,,,,,,,,,,,,,
pairwise,CYST_PA56,,,,,,,,,[],[],[],,0.5,,,,,,,,,,,,,,,,Decoder 3,Decoder 5,0.9054224063437198,0.574955612073516,0.730122941454274,0.2690616947097165,0.4240324892498806,47926,83356,,,,,,,,,,,,,,,,,,,,,
pairwise,CYST_PA56,,,,,,,,,[],[],[],,0.5,,,,,,,,,,,,,,,,Decoder 4,Decoder 5,0.9363075992504576,0.6697776661223465,0.8022357463646553,0.36876543744854184,0.5388292652040396,53321,79610,,,,,,,,,,,,,,,,,,,,,
independent_vs_final,CYST_PA56,Decoder 2,2,,,3,2,False,,"[24, 24, 24]","[192, 192, 192]","[8.0, 8.0, 8.0]",,0.5,,,,,,,,,,,,,,,,,,,,,,,,,,,,,441,15500,0.044771573604060914,,,,,,,,,,,,,,
independent_vs_final,CYST_PA56,Decoder 3,3,,,2,3,False,,"[48, 48, 48]","[192, 192, 192]","[4.0, 4.0, 4.0]",,0.5,,,,,,,,,,,,,,,,,,,,,,,,,,,,,975,17862,0.09898477157360407,,,,,,,,,,,,,,
independent_vs_final,CYST_PA56,Decoder 4,4,,,1,4,False,,"[96, 96, 96]","[192, 192, 192]","[2.0, 2.0, 2.0]",,0.5,,,,,,,,,,,,,,,,,,,,,,,,,,,,,1340,14116,0.13604060913705585,,,,,,,,,,,,,,
independent_vs_final,CYST_PA56,Decoder 5,5,,,0,5,True,,"[192, 192, 192]","[192, 192, 192]","[1.0, 1.0, 1.0]",,0.5,,,,,,,,,,,,,,,,,,,,,,,,,,,,,0,0,0.0,,,,,,,,,,,,,,
ensemble,CYST_PA56,d2_d5_intersection,,,,,,,,[],[],[],,0.5,270057,,223538,,,0.7969934865628704,0.6625013893613653,0.8799219819449042,0.7283499409383944,,,,,,,,,,,,,,196696,296899,0.05471854284405708,223538,357422,290031,,,,,,,,,,,,,,,,,
ensemble,CYST_PA56,d2_d5_union,,,,,,,,[],[],[],,0.5,270057,,357422,,,0.8350749586838763,0.71684866327572,0.7330158747922624,0.970150745953632,,,,,,,,,,,,,,261996,365483,0.05471854284405708,223538,357422,290031,,,,,,,,,,,,,,,,,
ensemble,CYST_PA56,d2_d5_majority_vote,,,,,,,,[],[],[],,0.5,270057,,290031,,,0.8505199182985531,0.7399170562743667,0.8212329026897125,0.8819730649455485,,,,,,,,,,,,,,238183,321905,0.05471854284405708,223538,357422,290031,,,,,,,,,,,,,,,,,
ensemble,CYST_PA56,d2_d5_average_probability,,,,,,,,[],[],[],,0.5,270057,,304019,,,0.8569039639350887,0.7496342712244599,0.8090415401668974,0.9107855008387118,,,,,,,,,,,,,,245964,328112,0.05471854284405708,223538,357422,290031,,,,,,,,,,,,,,,,,
layer,CYST_PA62,Decoder 1,1,4,0,4,1,False,intermediate_segmentation_conv,"[12, 12, 12]","[192, 192, 192]","[16.0, 16.0, 16.0]",liver,0.5,1213326,1332151.7941697026,4668883,5126125.1017603045,3.8480037516710266,0.11393304794168313,0.06040774311714908,0.07177069975837903,0.2761739219302974,32,884.5,971.1225688257747,0.21875,5.7615493898647705e-05,100,,,,,,,,335089,5547120,,,,,,,,,,,,,,,,,,,,,
layer,CYST_PA62,Decoder 2,2,3,1,3,2,False,intermediate_segmentation_conv,"[24, 24, 24]","[192, 192, 192]","[8.0, 8.0, 8.0]",liver,0.5,1213326,1332151.7941697026,356100,390974.27558943856,0.2934907848344138,0.3017905909549096,0.17771105809889937,0.665035102499298,0.1951816741749538,8,2932.5,3219.6912753890156,0.0,0.0,100,,,,,,,,236819,1332607,,,,,,,,,,,,,,,,,,,,,
layer,CYST_PA62,Decoder 3,3,2,2,2,3,False,intermediate_segmentation_conv,"[48, 48, 48]","[192, 192, 192]","[4.0, 4.0, 4.0]",liver,0.5,1213326,1332151.7941697026,501277,550369.031015577,0.41314288163280105,0.3763413454893057,0.23178600036638852,0.6436321634545371,0.2659120467211615,8,2163.0,2374.831109519673,0.375,0.00013565354085665212,100,,,,,,,,322638,1391965,,,,,,,,,,,,,,,,,,,,,
layer,CYST_PA62,Decoder 4,4,1,3,1,4,False,intermediate_segmentation_conv,"[96, 96, 96]","[192, 192, 192]","[2.0, 2.0, 2.0]",liver,0.5,1213326,1332151.7941697026,542181,595278.9208462718,0.44685517330049795,0.40689783635154975,0.255412267735354,0.6587394246570795,0.29436111976500956,21,8.0,8.78347151001266,0.7142857142857143,0.0002508387420437086,100,,,,,,,,357156,1398351,,,,,,,,,,,,,,,,,,,,,
layer,CYST_PA62,Decoder 5,5,0,4,0,5,True,final_mask_einsum,"[192, 192, 192]","[192, 192, 192]","[1.0, 1.0, 1.0]",liver,0.5,1213326,1332151.7941697026,569881,625691.6909496906,0.46968498161252625,0.4296517454227131,0.27360284202587193,0.6722087593725707,0.31572635878568495,53,2.0,2.195867877503165,0.8867924528301887,0.0007071651800990031,100,,,,,,,,383079,1400128,,,,,,,,,,,,,,,,,,,,,
decoder1_extra,CYST_PA62,Decoder 1 extra R1,1,4,0,4,1,False,,"[12, 12, 12]","[192, 192, 192]","[16.0, 16.0, 16.0]",liver,0.5,1213326,,,,,,,,,,,,,,,,,,,,,,,,,,,,,,,4482851,4921874.255266471,233401,4249450,0.052065303977312655,0.26468870107329506,219757,4239382,0.1931440519317577,0.49684586005739595,0.11987146601127059,-0.2365076934909554,0.181119501271711,-0.5523372933613001
pairwise,CYST_PA62,,,,,,,,,[],[],[],,0.5,,,,,,,,,,,,,,,,Decoder 2,Decoder 3,0.7507759130464194,0.560746635373501,0.7185620300751879,0.8699737810386234,0.9304662876667943,107037,190883,,,,,,,,,,,,,,,,,,,,,
pairwise,CYST_PA62,,,,,,,,,[],[],[],,0.5,,,,,,,,,,,,,,,,Decoder 2,Decoder 4,0.7311765472051619,0.5537786764292899,0.7128153897721372,0.8448864585829017,0.9159224456901025,108457,195849,,,,,,,,,,,,,,,,,,,,,
pairwise,CYST_PA62,,,,,,,,,[],[],[],,0.5,,,,,,,,,,,,,,,,Decoder 2,Decoder 5,0.7078352579588566,0.5228843369537637,0.6867026264117903,0.8237163861071829,0.9033382519147598,105094,200989,,,,,,,,,,,,,,,,,,,,,
pairwise,CYST_PA62,,,,,,,,,[],[],[],,0.5,,,,,,,,,,,,,,,,Decoder 3,Decoder 4,0.8924518284396689,0.7828501953632482,0.8782007567424875,0.9251393828253028,0.9611141832936622,159685,203979,,,,,,,,,,,,,,,,,,,,,
pairwise,CYST_PA62,,,,,,,,,[],[],[],,0.5,,,,,,,,,,,,,,,,Decoder 3,Decoder 5,0.8559316179312483,0.7102015602551442,0.8305472018739003,0.8980935626719903,0.9463111622461046,151758,213683,,,,,,,,,,,,,,,,,,,,,
pairwise,CYST_PA62,,,,,,,,,[],[],[],,0.5,,,,,,,,,,,,,,,,Decoder 4,Decoder 5,0.92449341853242,0.8112721338626787,0.8958036936532312,0.9477663396937704,0.9731827893101173,166542,205285,,,,,,,,,,,,,,,,,,,,,
independent_vs_final,CYST_PA62,Decoder 2,2,,,3,2,False,,"[24, 24, 24]","[192, 192, 192]","[8.0, 8.0, 8.0]",,0.5,,,,,,,,,,,,,,,,,,,,,,,,,,,,,14192,14187,0.01709370825790397,,,,,,,,,,,,,,
independent_vs_final,CYST_PA62,Decoder 3,3,,,2,3,False,,"[48, 48, 48]","[192, 192, 192]","[4.0, 4.0, 4.0]",,0.5,,,,,,,,,,,,,,,,,,,,,,,,,,,,,15977,26881,0.019243670859394855,,,,,,,,,,,,,,
independent_vs_final,CYST_PA62,Decoder 4,4,,,1,4,False,,"[96, 96, 96]","[192, 192, 192]","[2.0, 2.0, 2.0]",,0.5,,,,,,,,,,,,,,,,,,,,,,,,,,,,,9651,18483,0.011624251578144817,,,,,,,,,,,,,,
independent_vs_final,CYST_PA62,Decoder 5,5,,,0,5,True,,"[192, 192, 192]","[192, 192, 192]","[1.0, 1.0, 1.0]",,0.5,,,,,,,,,,,,,,,,,,,,,,,,,,,,,0,0,0.0,,,,,,,,,,,,,,
ensemble,CYST_PA62,d2_d5_intersection,,,,,,,,[],[],[],,0.5,1213326,,309457,,,0.2731262432007712,0.1581622525244766,0.6720028953941904,0.17139334358614255,,,,,,,,,,,,,,207956,1314827,0.03697524219751358,309457,641171,468873,,,,,,,,,,,,,,,,,
ensemble,CYST_PA62,d2_d5_union,,,,,,,,[],[],[],,0.5,1213326,,641171,,,0.4443210207403948,0.2856122803381072,0.6425680512686943,0.3395591951379926,,,,,,,,,,,,,,411996,1442501,0.03697524219751358,309457,641171,468873,,,,,,,,,,,,,,,,,
ensemble,CYST_PA62,d2_d5_majority_vote,,,,,,,,[],[],[],,0.5,1213326,,468873,,,0.37317106953457946,0.22938556264045457,0.6694222102786895,0.2586889261418613,,,,,,,,,,,,,,313874,1368325,0.03697524219751358,309457,641171,468873,,,,,,,,,,,,,,,,,
ensemble,CYST_PA62,d2_d5_average_probability,,,,,,,,[],[],[],,0.5,1213326,,497048,,,0.38922130481403483,0.24163549342766732,0.6696677182083018,0.2743343503724473,,,,,,,,,,,,,,332857,1377517,0.03697524219751358,309457,641171,468873,,,,,,,,,,,,,,,,,
layer,CYST_PA69,Decoder 1,1,4,0,4,1,False,intermediate_segmentation_conv,"[12, 12, 12]","[192, 192, 192]","[16.0, 16.0, 16.0]",liver,0.5,1127491,1238588.7418460373,5128287,5633604.6524144225,4.548406151357305,0.11196944648611253,0.05930489116170382,0.0682933696963528,0.31062598282380965,44,176.0,193.34222496224146,0.3409090909090909,0.00012089806986231464,100,,,,,,,,350228,5905550,,,,,,,,,,,,,,,,,,,,,
layer,CYST_PA69,Decoder 2,2,3,1,3,2,False,intermediate_segmentation_conv,"[24, 24, 24]","[192, 192, 192]","[8.0, 8.0, 8.0]",liver,0.5,1127491,1238588.7418460373,1031459,1133094.1932802761,0.914826814582112,0.7684587415178675,0.6239813211495556,0.804231675713722,0.7357327020792184,10,1492.5,1639.5640383871896,0.2,1.1634005811185902e-05,100,,,,,,,,829532,1329418,,,,,,,,,,,,,,,,,,,,,
layer,CYST_PA69,Decoder 3,3,2,2,2,3,False,intermediate_segmentation_conv,"[48, 48, 48]","[192, 192, 192]","[4.0, 4.0, 4.0]",liver,0.5,1127491,1238588.7418460373,1137488,1249570.7999309665,1.008866589622445,0.7824814269801177,0.6426854130358631,0.7790429437497363,0.7859503978302266,10,58.0,63.715051408011384,0.6,0.00013802343409337065,100,,,,,,,,886152,1378827,,,,,,,,,,,,,,,,,,,,,
layer,CYST_PA69,Decoder 4,4,1,3,1,4,False,intermediate_segmentation_conv,"[96, 96, 96]","[192, 192, 192]","[2.0, 2.0, 2.0]",liver,0.5,1127491,1238588.7418460373,1228641,1349705.594430871,1.0897124677713614,0.8219098081092231,0.6976628901307618,0.7880772333008584,0.8587775866947053,25,10.0,10.985353691036446,0.68,0.00012696955416594433,100,,,,,,,,968264,1387868,,,,,,,,,,,,,,,,,,,,,
layer,CYST_PA69,Decoder 5,5,0,4,0,5,True,final_mask_einsum,"[192, 192, 192]","[192, 192, 192]","[1.0, 1.0, 1.0]",liver,0.5,1127491,1238588.7418460373,1273319,1398785.9576516836,1.1293385046975986,0.8369941811305351,0.719681851587089,0.7890654266527084,0.8911219690445422,77,1.0,1.0985353691036446,0.922077922077922,0.00016099657666303574,100,,,,,,,,1004732,1396078,,,,,,,,,,,,,,,,,,,,,
decoder1_extra,CYST_PA69,Decoder 1 extra R1,1,4,0,4,1,False,,"[12, 12, 12]","[192, 192, 192]","[16.0, 16.0, 16.0]",liver,0.5,1127491,,,,,,,,,,,,,,,,,,,,,,,,,,,,,,,4771613,5241785.648174749,59547,4712066,0.012479427816128425,0.25468601080165204,31265,4692930,0.29080597136423064,0.9188516804125266,0.17273773766930764,-0.5461882097663044,0.02772971136798441,-0.6163276889834007
pairwise,CYST_PA69,,,,,,,,,[],[],[],,0.5,,,,,,,,,,,,,,,,Decoder 2,Decoder 3,0.8267652459926407,0.4044519773311065,0.5759570050941727,0.4921807556942692,0.6596798059699832,130530,322733,,,,,,,,,,,,,,,,,,,,,
pairwise,CYST_PA69,,,,,,,,,[],[],[],,0.5,,,,,,,,,,,,,,,,Decoder 2,Decoder 4,0.8139604442281315,0.3653920558084037,0.535219249671212,0.3795927481653148,0.5502968157380147,123717,338587,,,,,,,,,,,,,,,,,,,,,
pairwise,CYST_PA69,,,,,,,,,[],[],[],,0.5,,,,,,,,,,,,,,,,Decoder 2,Decoder 5,0.7986721497688715,0.31451624168498926,0.4785277377506302,0.31603099281484703,0.4802789516968611,112577,357937,,,,,,,,,,,,,,,,,,,,,
pairwise,CYST_PA69,,,,,,,,,[],[],[],,0.5,,,,,,,,,,,,,,,,Decoder 3,Decoder 4,0.9092555815849431,0.6503038004076472,0.7881019243208596,0.5806158848412147,0.7346704413255244,201641,310072,,,,,,,,,,,,,,,,,,,,,
pairwise,CYST_PA69,,,,,,,,,[],[],[],,0.5,,,,,,,,,,,,,,,,Decoder 3,Decoder 5,0.8777301542595488,0.5507082119177645,0.7102667125708999,0.43281361908434796,0.6041450378744184,184642,335281,,,,,,,,,,,,,,,,,,,,,
pairwise,CYST_PA69,,,,,,,,,[],[],[],,0.5,,,,,,,,,,,,,,,,Decoder 4,Decoder 5,0.9329941326000416,0.6823109974652304,0.8111591715126171,0.6125372417381956,0.7597185675884618,214537,314427,,,,,,,,,,,,,,,,,,,,,
independent_vs_final,CYST_PA69,Decoder 2,2,,,3,2,False,,"[24, 24, 24]","[192, 192, 192]","[8.0, 8.0, 8.0]",,0.5,,,,,,,,,,,,,,,,,,,,,,,,,,,,,21728,89350,0.17699720590750984,,,,,,,,,,,,,,
independent_vs_final,CYST_PA69,Decoder 3,3,,,2,3,False,,"[48, 48, 48]","[192, 192, 192]","[4.0, 4.0, 4.0]",,0.5,,,,,,,,,,,,,,,,,,,,,,,,,,,,,12775,66694,0.1040656896846667,,,,,,,,,,,,,,
independent_vs_final,CYST_PA69,Decoder 4,4,,,1,4,False,,"[96, 96, 96]","[192, 192, 192]","[2.0, 2.0, 2.0]",,0.5,,,,,,,,,,,,,,,,,,,,,,,,,,,,,15644,45840,0.12743668488664783,,,,,,,,,,,,,,
independent_vs_final,CYST_PA69,Decoder 5,5,,,0,5,True,,"[192, 192, 192]","[192, 192, 192]","[1.0, 1.0, 1.0]",,0.5,,,,,,,,,,,,,,,,,,,,,,,,,,,,,0,0,0.0,,,,,,,,,,,,,,
ensemble,CYST_PA69,d2_d5_intersection,,,,,,,,[],[],[],,0.5,1127491,,850589,,,0.7647314567661571,0.6190811390405409,0.8892073610168953,0.6708257538197644,,,,,,,,,,,,,,756350,1221730,0.07745908945798874,850589,1442912,1108513,,,,,,,,,,,,,,,,,
ensemble,CYST_PA69,d2_d5_union,,,,,,,,[],[],[],,0.5,1127491,,1442912,,,0.807637557223517,0.6773423317014982,0.7193626499744961,0.9206077919912443,,,,,,,,,,,,,,1037977,1532426,0.07745908945798874,850589,1442912,1108513,,,,,,,,,,,,,,,,,
ensemble,CYST_PA69,d2_d5_majority_vote,,,,,,,,[],[],[],,0.5,1127491,,1108513,,,0.8109457764834053,0.6820090795229301,0.8178875664967393,0.8041208311197162,,,,,,,,,,,,,,906639,1329365,0.07745908945798874,850589,1442912,1108513,,,,,,,,,,,,,,,,,
ensemble,CYST_PA69,d2_d5_average_probability,,,,,,,,[],[],[],,0.5,1127491,,1181462,,,0.8224905400846184,0.6985001548469296,0.8037042240884599,0.8421761238005447,,,,,,,,,,,,,,949546,1359407,0.07745908945798874,850589,1442912,1108513,,,,,,,,,,,,,,,,,
layer,CYST_PA74,Decoder 1,1,4,0,4,1,False,intermediate_segmentation_conv,"[12, 12, 12]","[192, 192, 192]","[16.0, 16.0, 16.0]",liver,0.5,271555,1077005.3173094639,2626290,10416042.034934625,9.67130047320064,0.07430625171463622,0.03858674401409801,0.04099471117051049,0.3964721695420817,12,222.0,880.4668683791533,0.4166666666666667,5.901861561366033e-05,100,,,,,,,,107664,2790181,,,,,,,,,,,,,,,,,,,,,
layer,CYST_PA74,Decoder 2,2,3,1,3,2,False,intermediate_segmentation_conv,"[24, 24, 24]","[192, 192, 192]","[8.0, 8.0, 8.0]",liver,0.5,271555,1077005.3173094639,214612,851165.565570211,0.7903076724788717,0.8250539423695973,0.7022058051188684,0.9345097198665498,0.7385502016166154,1,214612.0,851165.565570211,0.0,0.0,100,,,,,,,,200557,285610,,,,,,,,,,,,,,,,,,,,,
layer,CYST_PA74,Decoder 3,3,2,2,2,3,False,intermediate_segmentation_conv,"[48, 48, 48]","[192, 192, 192]","[4.0, 4.0, 4.0]",liver,0.5,271555,1077005.3173094639,262820,1042361.7222856265,0.9678334039144925,0.8964566081871345,0.8123437780860293,0.9113537782512746,0.8820386293752647,1,262820.0,1042361.7222856265,0.0,0.0,100,,,,,,,,239522,294853,,,,,,,,,,,,,,,,,,,,,
layer,CYST_PA74,Decoder 4,4,1,3,1,4,False,intermediate_segmentation_conv,"[96, 96, 96]","[192, 192, 192]","[2.0, 2.0, 2.0]",liver,0.5,271555,1077005.3173094639,278365,1104014.2334070406,1.0250777927123418,0.9097250509164969,0.8343996637556624,0.8985971655919387,0.9211319990425513,1,278365.0,1104014.2334070406,0.0,0.0,100,,,,,,,,250138,299782,,,,,,,,,,,,,,,,,,,,,
layer,CYST_PA74,Decoder 5,5,0,4,0,5,True,final_mask_einsum,"[192, 192, 192]","[192, 192, 192]","[1.0, 1.0, 1.0]",liver,0.5,271555,1077005.3173094639,283931,1126089.3621881143,1.0455745613227523,0.9353647076613992,0.8785775883934459,0.9149793435729103,0.9566791257756255,5,3.0,11.898200924042612,0.8,3.874180698831759e-05,100,,,,,,,,259791,295695,,,,,,,,,,,,,,,,,,,,,
decoder1_extra,CYST_PA74,Decoder 1 extra R1,1,4,0,4,1,False,,"[12, 12, 12]","[192, 192, 192]","[16.0, 16.0, 16.0]",liver,0.5,271555,,,,,,,,,,,,,,,,,,,,,,,,,,,,,,,2520042,9994655.351008732,9312,2510730,0.0036951765089629457,0.42171030261815706,4961,2510214,0.1724397450581487,0.9749479847544696,0.0945844851891997,-0.7629249626032505,0.018268858978844116,-0.8203948583837106
pairwise,CYST_PA74,,,,,,,,,[],[],[],,0.5,,,,,,,,,,,,,,,,Decoder 2,Decoder 3,0.8654426180063339,0.37818691657750064,0.5488180333574277,0.3699109161015822,0.5400510525958206,10250,27103,,,,,,,,,,,,,,,,,,,,,
pairwise,CYST_PA74,,,,,,,,,[],[],[],,0.5,,,,,,,,,,,,,,,,Decoder 2,Decoder 4,0.8493215707832211,0.33969139127404074,0.5071188685492645,0.26720875383940323,0.42172807444678895,10721,31561,,,,,,,,,,,,,,,,,,,,,
pairwise,CYST_PA74,,,,,,,,,[],[],[],,0.5,,,,,,,,,,,,,,,,Decoder 2,Decoder 5,0.8289435414798724,0.2435697076251872,0.3917266657939521,0.14305839456383626,0.2503081124187429,7481,30714,,,,,,,,,,,,,,,,,,,,,
pairwise,CYST_PA74,,,,,,,,,[],[],[],,0.5,,,,,,,,,,,,,,,,Decoder 3,Decoder 4,0.9524875966628786,0.6342097751276603,0.776166909267346,0.5806594706491203,0.7347053320860617,19996,31529,,,,,,,,,,,,,,,,,,,,,
pairwise,CYST_PA74,,,,,,,,,[],[],[],,0.5,,,,,,,,,,,,,,,,Decoder 3,Decoder 5,0.9209384162077435,0.4350798644724105,0.6063493401914077,0.2815508412582297,0.4393908258556522,14382,33056,,,,,,,,,,,,,,,,,,,,,
pairwise,CYST_PA74,,,,,,,,,[],[],[],,0.5,,,,,,,,,,,,,,,,Decoder 4,Decoder 5,0.9449080199752443,0.5434744164112237,0.7042221246204671,0.3635093486747483,0.533196708959947,18439,33928,,,,,,,,,,,,,,,,,,,,,
independent_vs_final,CYST_PA74,Decoder 2,2,,,3,2,False,,"[24, 24, 24]","[192, 192, 192]","[8.0, 8.0, 8.0]",,0.5,,,,,,,,,,,,,,,,,,,,,,,,,,,,,1406,6574,0.11951717103026181,,,,,,,,,,,,,,
independent_vs_final,CYST_PA74,Decoder 3,3,,,2,3,False,,"[48, 48, 48]","[192, 192, 192]","[4.0, 4.0, 4.0]",,0.5,,,,,,,,,,,,,,,,,,,,,,,,,,,,,2142,8916,0.18208092485549132,,,,,,,,,,,,,,
independent_vs_final,CYST_PA74,Decoder 4,4,,,1,4,False,,"[96, 96, 96]","[192, 192, 192]","[2.0, 2.0, 2.0]",,0.5,,,,,,,,,,,,,,,,,,,,,,,,,,,,,2918,9788,0.24804488269296157,,,,,,,,,,,,,,
independent_vs_final,CYST_PA74,Decoder 5,5,,,0,5,True,,"[192, 192, 192]","[192, 192, 192]","[1.0, 1.0, 1.0]",,0.5,,,,,,,,,,,,,,,,,,,,,,,,,,,,,0,0,0.0,,,,,,,,,,,,,,
ensemble,CYST_PA74,d2_d5_intersection,,,,,,,,[],[],[],,0.5,271555,,202161,,,0.8240253654088103,0.700716955255817,0.9654532773383591,0.7187383771243394,,,,,,,,,,,,,,195177,278539,0.04896320030093193,202161,302831,256513,,,,,,,,,,,,,,,,,
ensemble,CYST_PA74,d2_d5_union,,,,,,,,[],[],[],,0.5,271555,,302831,,,0.9172194308357098,0.8470963156862303,0.8698548035042648,0.970039218574506,,,,,,,,,,,,,,263419,310967,0.04896320030093193,202161,302831,256513,,,,,,,,,,,,,,,,,
ensemble,CYST_PA74,d2_d5_majority_vote,,,,,,,,[],[],[],,0.5,271555,,256513,,,0.9071558965890757,0.830087195198026,0.9337538448343748,0.8820312643847471,,,,,,,,,,,,,,239520,288548,0.04896320030093193,202161,302831,256513,,,,,,,,,,,,,,,,,
ensemble,CYST_PA74,d2_d5_average_probability,,,,,,,,[],[],[],,0.5,271555,,265908,,,0.9143587558585429,0.8422291993720565,0.924067722670999,0.9048516875034524,,,,,,,,,,,,,,245717,291746,0.04896320030093193,202161,302831,256513,,,,,,,,,,,,,,,,,
layer,FNH_PA10,Decoder 1,1,4,0,4,1,False,intermediate_segmentation_conv,"[12, 12, 12]","[192, 192, 192]","[16.0, 16.0, 16.0]",liver,0.5,1005753,1329672.7679964988,7776713,10281334.980481645,7.732229483779815,0.061240658375449446,0.03158755037854975,0.034580419773752744,0.26738374133609344,26,184.5,243.92134619071882,0.38461538461538464,7.38101046033202e-05,100,,,,,,,,268922,8513544,,,,,,,,,,,,,,,,,,,,,
layer,FNH_PA10,Decoder 2,2,3,1,3,2,False,intermediate_segmentation_conv,"[24, 24, 24]","[192, 192, 192]","[8.0, 8.0, 8.0]",liver,0.5,1005753,1329672.7679964988,989291,1307908.9024084683,0.9836321641595899,0.9208348287055323,0.8532844213281857,0.9284962665181428,0.9132987920493402,4,823.5,1088.7221061683304,0.5,4.447629666094203e-05,100,,,,,,,,918553,1076491,,,,,,,,,,,,,,,,,,,,,
layer,FNH_PA10,Decoder 3,3,2,2,2,3,False,intermediate_segmentation_conv,"[48, 48, 48]","[192, 192, 192]","[4.0, 4.0, 4.0]",liver,0.5,1005753,1329672.7679964988,1024496,1354452.2682222584,1.0186357883098534,0.927550266001855,0.8648892685570466,0.9190655698021271,0.9361930812038344,3,4974.0,6575.960845271737,0.0,0.0,100,,,,,,,,941579,1088670,,,,,,,,,,,,,,,,,,,,,
layer,FNH_PA10,Decoder 4,4,1,3,1,4,False,intermediate_segmentation_conv,"[96, 96, 96]","[192, 192, 192]","[2.0, 2.0, 2.0]",liver,0.5,1005753,1329672.7679964988,1037239,1371299.3669458807,1.0313058971735605,0.9328621942719306,0.8741721915057377,0.918703403940654,0.9474642382374201,4,70.5,93.20571765011208,0.75,0.00014365059547510265,100,,,,,,,,952915,1090077,,,,,,,,,,,,,,,,,,,,,
layer,FNH_PA10,Decoder 5,5,0,4,0,5,True,final_mask_einsum,"[192, 192, 192]","[192, 192, 192]","[1.0, 1.0, 1.0]",liver,0.5,1005753,1329672.7679964988,1041035,1376317.9329628996,1.0350801837031558,0.9447827522928608,0.8953443040717546,0.9287728078306685,0.9613543285478642,13,4.0,5.288267668091465,0.9230769230769231,0.000250712031776069,100,,,,,,,,966885,1079903,,,,,,,,,,,,,,,,,,,,,
decoder1_extra,FNH_PA10,Decoder 1 extra R1,1,4,0,4,1,False,,"[12, 12, 12]","[192, 192, 192]","[16.0, 16.0, 16.0]",liver,0.5,1005753,,,,,,,,,,,,,,,,,,,,,,,,,,,,,,,7486041,9897047.145576775,2949,7483092,0.0003939331884503438,0.053128537614490066,2065,7480983,0.20335082366580076,0.9634075165572462,0.11367205129279008,-0.7414319286270601,0.0020531880093820343,-0.8151007565378784
pairwise,FNH_PA10,,,,,,,,,[],[],[],,0.5,,,,,,,,,,,,,,,,Decoder 2,Decoder 3,0.962916137605417,0.618818348469205,0.7645309296801276,0.594484705485801,0.7456762720150092,58737,94918,,,,,,,,,,,,,,,,,,,,,
pairwise,FNH_PA10,,,,,,,,,[],[],[],,0.5,,,,,,,,,,,,,,,,Decoder 2,Decoder 4,0.9550788786743843,0.5396882136828518,0.7010357147463595,0.5162683932999123,0.6809723075165313,54352,100710,,,,,,,,,,,,,,,,,,,,,
pairwise,FNH_PA10,,,,,,,,,[],[],[],,0.5,,,,,,,,,,,,,,,,Decoder 2,Decoder 5,0.9467405726962074,0.4645506924087739,0.63439346253658,0.3912486895105667,0.5624424913538725,45958,98930,,,,,,,,,,,,,,,,,,,,,
pairwise,FNH_PA10,,,,,,,,,[],[],[],,0.5,,,,,,,,,,,,,,,,Decoder 3,Decoder 4,0.9808748457003447,0.741930444020873,0.8518485299657381,0.77740646788085,0.8747649813694321,71232,96009,,,,,,,,,,,,,,,,,,,,,
pairwise,FNH_PA10,,,,,,,,,[],[],[],,0.5,,,,,,,,,,,,,,,,Decoder 3,Decoder 5,0.9664120267379187,0.5966312236973184,0.7473625904868623,0.5525621901791499,0.711806836047437,58693,98374,,,,,,,,,,,,,,,,,,,,,
pairwise,FNH_PA10,,,,,,,,,[],[],[],,0.5,,,,,,,,,,,,,,,,Decoder 4,Decoder 5,0.9789575388038343,0.7315777972027973,0.8449840352360639,0.654267984703081,0.7910060410442065,66954,91520,,,,,,,,,,,,,,,,,,,,,
independent_vs_final,FNH_PA10,Decoder 2,2,,,3,2,False,,"[24, 24, 24]","[192, 192, 192]","[8.0, 8.0, 8.0]",,0.5,,,,,,,,,,,,,,,,,,,,,,,,,,,,,3415,24780,0.0878614798806216,,,,,,,,,,,,,,
independent_vs_final,FNH_PA10,Decoder 3,3,,,2,3,False,,"[48, 48, 48]","[192, 192, 192]","[4.0, 4.0, 4.0]",,0.5,,,,,,,,,,,,,,,,,,,,,,,,,,,,,2195,24224,0.05647319131419162,,,,,,,,,,,,,,
independent_vs_final,FNH_PA10,Decoder 4,4,,,1,4,False,,"[96, 96, 96]","[192, 192, 192]","[2.0, 2.0, 2.0]",,0.5,,,,,,,,,,,,,,,,,,,,,,,,,,,,,2598,17370,0.06684161778326644,,,,,,,,,,,,,,
independent_vs_final,FNH_PA10,Decoder 5,5,,,0,5,True,,"[192, 192, 192]","[192, 192, 192]","[1.0, 1.0, 1.0]",,0.5,,,,,,,,,,,,,,,,,,,,,,,,,,,,,0,0,0.0,,,,,,,,,,,,,,
ensemble,FNH_PA10,d2_d5_intersection,,,,,,,,[],[],[],,0.5,1005753,,953376,,,0.9282206531576022,0.866055737957875,0.9537181552713725,0.9040509946279056,,,,,,,,,,,,,,909252,1049877,0.05259913206100464,953376,1084261,1010346,,,,,,,,,,,,,,,,,
ensemble,FNH_PA10,d2_d5_union,,,,,,,,[],[],[],,0.5,1005753,,1084261,,,0.9302913760386294,0.8696680153830602,0.8966116091974164,0.9666001493408422,,,,,,,,,,,,,,972161,1117853,0.05259913206100464,953376,1084261,1010346,,,,,,,,,,,,,,,,,
ensemble,FNH_PA10,d2_d5_majority_vote,,,,,,,,[],[],[],,0.5,1005753,,1010346,,,0.9351693542827014,0.8782329453457325,0.9330437295738292,0.9373046861406329,,,,,,,,,,,,,,942697,1073402,0.05259913206100464,953376,1084261,1010346,,,,,,,,,,,,,,,,,
ensemble,FNH_PA10,d2_d5_average_probability,,,,,,,,[],[],[],,0.5,1005753,,1024502,,,0.9359129764487712,0.8795455218740511,0.9273490925347144,0.9446365061799468,,,,,,,,,,,,,,950071,1080184,0.05259913206100464,953376,1084261,1010346,,,,,,,,,,,,,,,,,
layer,FNH_PA32,Decoder 1,1,4,0,4,1,False,intermediate_segmentation_conv,"[12, 12, 12]","[192, 192, 192]","[16.0, 16.0, 16.0]",liver,0.5,281818,2096460.8270286918,1864426,13869575.661930025,6.6157094294899546,0.04523716781502942,0.023142023712648955,0.026037504304273807,0.17225656274616952,11,751.0,5586.733569532633,0.18181818181818182,2.4136114814961816e-05,100,,,,,,,,48545,2097699,,,,,,,,,,,,,,,,,,,,,
layer,FNH_PA32,Decoder 2,2,3,1,3,2,False,intermediate_segmentation_conv,"[24, 24, 24]","[192, 192, 192]","[8.0, 8.0, 8.0]",liver,0.5,281818,2096460.8270286918,240355,1788015.1093275845,0.8528731308858909,0.8658816139478679,0.7634843280885367,0.9405670778639929,0.8021843885060571,1,240355.0,1788015.1093275845,0.0,0.0,100,,,,,,,,226070,296103,,,,,,,,,,,,,,,,,,,,,
layer,FNH_PA32,Decoder 3,3,2,2,2,3,False,intermediate_segmentation_conv,"[48, 48, 48]","[192, 192, 192]","[4.0, 4.0, 4.0]",liver,0.5,281818,2096460.8270286918,270644,2013336.7778862715,0.9603502970001916,0.9171961148459079,0.8470565422060554,0.9361301192710719,0.8990128380727987,4,18.0,133.90306824445724,0.75,0.0001588803003207165,100,,,,,,,,253358,299104,,,,,,,,,,,,,,,,,,,,,
layer,FNH_PA32,Decoder 4,4,1,3,1,4,False,intermediate_segmentation_conv,"[96, 96, 96]","[192, 192, 192]","[2.0, 2.0, 2.0]",liver,0.5,281818,2096460.8270286918,275661,2050658.5386297405,0.9781525665500429,0.9243469260725516,0.8593355501672632,0.9346697574194391,0.9142496220965304,2,137830.5,1025329.2693148702,0.0,0.0,100,,,,,,,,257652,299827,,,,,,,,,,,,,,,,,,,,,
layer,FNH_PA32,Decoder 5,5,0,4,0,5,True,final_mask_einsum,"[192, 192, 192]","[192, 192, 192]","[1.0, 1.0, 1.0]",liver,0.5,281818,2096460.8270286918,276513,2056996.6171933115,0.9811757943069641,0.9418964735972031,0.8901742127250445,0.9509317825925002,0.9330312471169336,3,5.0,37.19529673457146,0.6666666666666666,2.1698798971476928e-05,100,,,,,,,,262945,295386,,,,,,,,,,,,,,,,,,,,,
decoder1_extra,FNH_PA32,Decoder 1 extra R1,1,4,0,4,1,False,,"[12, 12, 12]","[192, 192, 192]","[16.0, 16.0, 16.0]",liver,0.5,281818,,,,,,,,,,,,,,,,,,,,,,,,,,,,,,,1816191,13510752.634331614,2985,1813206,0.0016435496046396001,0.11572087108567795,2184,1813092,0.22339755486059823,0.9407809295360836,0.1267474874377865,-0.7184989187366049,0.0077496824191499725,-0.8241842951547137
pairwise,FNH_PA32,,,,,,,,,[],[],[],,0.5,,,,,,,,,,,,,,,,Decoder 2,Decoder 3,0.923907874575097,0.5357038622434089,0.697665579170758,0.48324027266482306,0.6516007980239407,11013,20558,,,,,,,,,,,,,,,,,,,,,
pairwise,FNH_PA32,,,,,,,,,[],[],[],,0.5,,,,,,,,,,,,,,,,Decoder 2,Decoder 4,0.9157971845834237,0.5014878184861447,0.6679878615222642,0.4189023632392891,0.5904597442250419,10786,21508,,,,,,,,,,,,,,,,,,,,,
pairwise,FNH_PA32,,,,,,,,,[],[],[],,0.5,,,,,,,,,,,,,,,,Decoder 2,Decoder 5,0.9050511929544874,0.44833861993656077,0.6191074570064266,0.31969793435200905,0.484501681832192,8622,19231,,,,,,,,,,,,,,,,,,,,,
pairwise,FNH_PA32,,,,,,,,,[],[],[],,0.5,,,,,,,,,,,,,,,,Decoder 3,Decoder 4,0.9778457088988751,0.7431351244567365,0.8526420172829012,0.7681091251175918,0.8688480978983772,15047,20248,,,,,,,,,,,,,,,,,,,,,
pairwise,FNH_PA32,,,,,,,,,[],[],[],,0.5,,,,,,,,,,,,,,,,Decoder 3,Decoder 5,0.9636173895243961,0.593533725854767,0.7449277241200493,0.5945090112851609,0.745695392221072,11492,19362,,,,,,,,,,,,,,,,,,,,,
pairwise,FNH_PA32,,,,,,,,,[],[],[],,0.5,,,,,,,,,,,,,,,,Decoder 4,Decoder 5,0.97270787831372,0.6381510686864494,0.7791113785350097,0.6833809207181132,0.8119147749715374,12301,19276,,,,,,,,,,,,,,,,,,,,,
independent_vs_final,FNH_PA32,Decoder 2,2,,,3,2,False,,"[24, 24, 24]","[192, 192, 192]","[8.0, 8.0, 8.0]",,0.5,,,,,,,,,,,,,,,,,,,,,,,,,,,,,796,5663,0.0421766544799449,,,,,,,,,,,,,,
independent_vs_final,FNH_PA32,Decoder 3,3,,,2,3,False,,"[48, 48, 48]","[192, 192, 192]","[4.0, 4.0, 4.0]",,0.5,,,,,,,,,,,,,,,,,,,,,,,,,,,,,1225,5794,0.06490753987177449,,,,,,,,,,,,,,
independent_vs_final,FNH_PA32,Decoder 4,4,,,1,4,False,,"[96, 96, 96]","[192, 192, 192]","[2.0, 2.0, 2.0]",,0.5,,,,,,,,,,,,,,,,,,,,,,,,,,,,,1401,5708,0.07423303131457638,,,,,,,,,,,,,,
independent_vs_final,FNH_PA32,Decoder 5,5,,,0,5,True,,"[192, 192, 192]","[192, 192, 192]","[1.0, 1.0, 1.0]",,0.5,,,,,,,,,,,,,,,,,,,,,,,,,,,,,0,0,0.0,,,,,,,,,,,,,,
ensemble,FNH_PA32,d2_d5_intersection,,,,,,,,[],[],[],,0.5,281818,,232901,,,0.8724449651168891,0.77374934094222,0.9640662770876897,0.7967269656303004,,,,,,,,,,,,,,224532,290187,0.06181278079748154,232901,289163,265703,,,,,,,,,,,,,,,,,
ensemble,FNH_PA32,d2_d5_union,,,,,,,,[],[],[],,0.5,281818,,289163,,,0.9285387779978669,0.8666097838452788,0.9167459183920488,0.9406389939606412,,,,,,,,,,,,,,265089,305892,0.06181278079748154,232901,289163,265703,,,,,,,,,,,,,,,,,
ensemble,FNH_PA32,d2_d5_majority_vote,,,,,,,,[],[],[],,0.5,281818,,265703,,,0.9214404561651517,0.8543250684973261,0.9493833340233268,0.8950954161905911,,,,,,,,,,,,,,252254,295267,0.06181278079748154,232901,289163,265703,,,,,,,,,,,,,,,,,
ensemble,FNH_PA32,d2_d5_average_probability,,,,,,,,[],[],[],,0.5,281818,,269969,,,0.925309947497857,0.8610016863406408,0.9456159781308224,0.905857681198504,,,,,,,,,,,,,,255287,296500,0.06181278079748154,232901,289163,265703,,,,,,,,,,,,,,,,,
layer,HCC_10020116_20180118,Decoder 1,1,4,0,4,1,False,intermediate_segmentation_conv,"[12, 12, 12]","[192, 192, 192]","[16.0, 16.0, 16.0]",liver,0.5,257643,1241805.7651519775,1833298,8836258.02230835,7.115652278540461,0.09884162202568127,0.0519902093222748,0.05636617723905225,0.40108211750367756,5,5617.0,27073.209762573242,0.2,8.727440928861537e-06,100,,,,,,,,103336,1987605,,,,,,,,,,,,,,,,,,,,,
layer,HCC_10020116_20180118,Decoder 2,2,3,1,3,2,False,intermediate_segmentation_conv,"[24, 24, 24]","[192, 192, 192]","[8.0, 8.0, 8.0]",liver,0.5,257643,1241805.7651519775,201424,970837.4938964844,0.781794964349895,0.6507677528552477,0.482324488043036,0.7415849154023354,0.5797673524993887,4,504.0,2429.2144775390625,0.25,5.9575820160457545e-05,100,,,,,,,,149373,309694,,,,,,,,,,,,,,,,,,,,,
layer,HCC_10020116_20180118,Decoder 3,3,2,2,2,3,False,intermediate_segmentation_conv,"[48, 48, 48]","[192, 192, 192]","[4.0, 4.0, 4.0]",liver,0.5,257643,1241805.7651519775,233617,1126003.568649292,0.9067469327713154,0.730440092822538,0.5753490549701451,0.7680006163934988,0.6963822032812845,6,73.0,351.8505096435547,0.6666666666666666,0.000749089321410685,100,,,,,,,,179418,311842,,,,,,,,,,,,,,,,,,,,,
layer,HCC_10020116_20180118,Decoder 4,4,1,3,1,4,False,intermediate_segmentation_conv,"[96, 96, 96]","[192, 192, 192]","[2.0, 2.0, 2.0]",liver,0.5,257643,1241805.7651519775,276346,1331951.7936706543,1.072592696094984,0.7939526844185929,0.6583097314352439,0.767085465322458,0.8227702673854908,8,41.5,200.02460479736328,0.625,0.0003582465459966853,100,,,,,,,,211981,322008,,,,,,,,,,,,,,,,,,,,,
layer,HCC_10020116_20180118,Decoder 5,5,0,4,0,5,True,final_mask_einsum,"[192, 192, 192]","[192, 192, 192]","[1.0, 1.0, 1.0]",liver,0.5,257643,1241805.7651519775,291274,1403902.8129577637,1.1305333348858693,0.8074080416529275,0.677019525414201,0.7607956769227601,0.8601048737982402,14,5.5,26.50928497314453,0.8571428571428571,0.0002677890920576502,100,,,,,,,,221600,327317,,,,,,,,,,,,,,,,,,,,,
decoder1_extra,HCC_10020116_20180118,Decoder 1 extra R1,1,4,0,4,1,False,,"[12, 12, 12]","[192, 192, 192]","[16.0, 16.0, 16.0]",liver,0.5,257643,,,,,,,,,,,,,,,,,,,,,,,,,,,,,,,1723879,8308872.667312622,18489,1705390,0.010725230715148802,0.26496129622950365,9550,1697794,0.20489650798378378,0.8971716677728485,0.11565491754802569,-0.6025115336691437,0.037066793974608325,-0.6451407593747344
pairwise,HCC_10020116_20180118,,,,,,,,,[],[],[],,0.5,,,,,,,,,,,,,,,,Decoder 2,Decoder 3,0.725963759737588,0.3456009928952268,0.513675294117647,0.4682333490788852,0.6378187082763613,27289,78961,,,,,,,,,,,,,,,,,,,,,
pairwise,HCC_10020116_20180118,,,,,,,,,[],[],[],,0.5,,,,,,,,,,,,,,,,Decoder 2,Decoder 4,0.7042468133202169,0.3398397937574809,0.507284222100055,0.2942313998167097,0.4546812878413845,29528,86888,,,,,,,,,,,,,,,,,,,,,
pairwise,HCC_10020116_20180118,,,,,,,,,[],[],[],,0.5,,,,,,,,,,,,,,,,Decoder 2,Decoder 5,0.7067453084851166,0.32127389364681364,0.486309303758472,0.2755822689706987,0.432088585227942,29598,92127,,,,,,,,,,,,,,,,,,,,,
pairwise,HCC_10020116_20180118,,,,,,,,,[],[],[],,0.5,,,,,,,,,,,,,,,,Decoder 3,Decoder 4,0.8767616474136359,0.7030897625579959,0.8256637765257583,0.49203921379709026,0.6595526568566517,48947,69617,,,,,,,,,,,,,,,,,,,,,
pairwise,HCC_10020116_20180118,,,,,,,,,[],[],[],,0.5,,,,,,,,,,,,,,,,Decoder 3,Decoder 5,0.8448192100836174,0.6194242535167076,0.764993178497332,0.3716823720064822,0.5419365001575244,47381,76492,,,,,,,,,,,,,,,,,,,,,
pairwise,HCC_10020116_20180118,,,,,,,,,[],[],[],,0.5,,,,,,,,,,,,,,,,Decoder 4,Decoder 5,0.9191642295902188,0.7210744597526997,0.8379352278068324,0.5435550601704041,0.7042898231442384,56158,77881,,,,,,,,,,,,,,,,,,,,,
independent_vs_final,HCC_10020116_20180118,Decoder 2,2,,,3,2,False,,"[24, 24, 24]","[192, 192, 192]","[8.0, 8.0, 8.0]",,0.5,,,,,,,,,,,,,,,,,,,,,,,,,,,,,4865,22453,0.13497766556612933,,,,,,,,,,,,,,
independent_vs_final,HCC_10020116_20180118,Decoder 3,3,,,2,3,False,,"[48, 48, 48]","[192, 192, 192]","[4.0, 4.0, 4.0]",,0.5,,,,,,,,,,,,,,,,,,,,,,,,,,,,,5080,6818,0.14094276281108675,,,,,,,,,,,,,,
independent_vs_final,HCC_10020116_20180118,Decoder 4,4,,,1,4,False,,"[96, 96, 96]","[192, 192, 192]","[2.0, 2.0, 2.0]",,0.5,,,,,,,,,,,,,,,,,,,,,,,,,,,,,7271,8207,0.20173126543295508,,,,,,,,,,,,,,
independent_vs_final,HCC_10020116_20180118,Decoder 5,5,,,0,5,True,,"[192, 192, 192]","[192, 192, 192]","[1.0, 1.0, 1.0]",,0.5,,,,,,,,,,,,,,,,,,,,,,,,,,,,,0,0,0.0,,,,,,,,,,,,,,
ensemble,HCC_10020116_20180118,d2_d5_intersection,,,,,,,,[],[],[],,0.5,257643,,152168,,,0.6187779244578598,0.4479930746943679,0.8332303769517901,0.49211893977325216,,,,,,,,,,,,,,126791,283020,0.0760977640748024,152168,333899,233299,,,,,,,,,,,,,,,,,
ensemble,HCC_10020116_20180118,d2_d5_union,,,,,,,,[],[],[],,0.5,257643,,333899,,,0.7869703250149609,0.6487642810755367,0.6971060110991647,0.9034322686818582,,,,,,,,,,,,,,232763,358779,0.0760977640748024,152168,333899,233299,,,,,,,,,,,,,,,,,
ensemble,HCC_10020116_20180118,d2_d5_majority_vote,,,,,,,,[],[],[],,0.5,257643,,233299,,,0.7508218893474178,0.6010527105339538,0.7899948135225612,0.7153503103131077,,,,,,,,,,,,,,184305,306637,0.0760977640748024,152168,333899,233299,,,,,,,,,,,,,,,,,
ensemble,HCC_10020116_20180118,d2_d5_average_probability,,,,,,,,[],[],[],,0.5,257643,,256006,,,0.7849874135839844,0.6460734829912352,0.7874971680351242,0.782493605492872,,,,,,,,,,,,,,201604,312045,0.0760977640748024,152168,333899,233299,,,,,,,,,,,,,,,,,
layer,HCC_10074592_20130816,Decoder 1,1,4,0,4,1,False,intermediate_segmentation_conv,"[12, 12, 12]","[192, 192, 192]","[16.0, 16.0, 16.0]",liver,0.5,267135,1103619.4038391113,2303315,9515724.73526001,8.622288356074645,0.05295337392285397,0.027196767254384104,0.029547413184909575,0.2547663166563722,8,1128.5,4662.191390991211,0.125,2.17078428265348e-06,100,,,,,,,,68057,2502393,,,,,,,,,,,,,,,,,,,,,
layer,HCC_10074592_20130816,Decoder 2,2,3,1,3,2,False,intermediate_segmentation_conv,"[24, 24, 24]","[192, 192, 192]","[8.0, 8.0, 8.0]",liver,0.5,267135,1103619.4038391113,269113,1111791.1491394043,1.0074044958541561,0.8279415494323522,0.7063995392306297,0.8248988343186691,0.8310067943174799,1,269113.0,1111791.1491394043,0.0,0.0,100,,,,,,,,221991,314257,,,,,,,,,,,,,,,,,,,,,
layer,HCC_10074592_20130816,Decoder 3,3,2,2,2,3,False,intermediate_segmentation_conv,"[48, 48, 48]","[192, 192, 192]","[4.0, 4.0, 4.0]",liver,0.5,267135,1103619.4038391113,294810,1217953.6056518555,1.1035993037228369,0.838405893815231,0.7217718214574601,0.7990536277602523,0.8818350272334213,2,147405.0,608976.8028259277,0.5,6.7840303924561585e-06,100,,,,,,,,235569,326376,,,,,,,,,,,,,,,,,,,,,
layer,HCC_10074592_20130816,Decoder 4,4,1,3,1,4,False,intermediate_segmentation_conv,"[96, 96, 96]","[192, 192, 192]","[2.0, 2.0, 2.0]",liver,0.5,267135,1103619.4038391113,306519,1266327.1980285645,1.1474310741759783,0.8472633329498269,0.7350016332159838,0.7928317657306725,0.9097198045931832,7,21.0,86.75765991210938,0.7142857142857143,0.0004991533966899279,100,,,,,,,,243018,330636,,,,,,,,,,,,,,,,,,,,,
layer,HCC_10074592_20130816,Decoder 5,5,0,4,0,5,True,final_mask_einsum,"[192, 192, 192]","[192, 192, 192]","[1.0, 1.0, 1.0]",liver,0.5,267135,1103619.4038391113,313213,1293982.234954834,1.1724895652011156,0.8803545458931538,0.7862797483471431,0.8155983308483364,0.9562805323151216,17,1.0,4.131317138671875,0.8823529411764706,0.0003671622825361655,100,,,,,,,,255456,324892,,,,,,,,,,,,,,,,,,,,,
decoder1_extra,HCC_10074592_20130816,Decoder 1 extra R1,1,4,0,4,1,False,,"[12, 12, 12]","[192, 192, 192]","[16.0, 16.0, 16.0]",liver,0.5,267135,,,,,,,,,,,,,,,,,,,,,,,,,,,,,,,2215915,9154647.617340088,4242,2211673,0.0019143333566495105,0.11499272197962154,1343,2207829,0.1841169806991884,0.9613079529077059,0.10180801106888916,-0.6962375651939654,0.00502742059258432,-0.7137903197794473
pairwise,HCC_10074592_20130816,,,,,,,,,[],[],[],,0.5,,,,,,,,,,,,,,,,Decoder 2,Decoder 3,0.8612948930971073,0.4477459574236402,0.6185421622180646,0.34159991605162826,0.509242602007561,32895,73468,,,,,,,,,,,,,,,,,,,,,
pairwise,HCC_10074592_20130816,,,,,,,,,[],[],[],,0.5,,,,,,,,,,,,,,,,Decoder 2,Decoder 4,0.8533507518692498,0.4275224859019524,0.5989712808367157,0.2671935891102695,0.4217091869883484,33130,77493,,,,,,,,,,,,,,,,,,,,,
pairwise,HCC_10074592_20130816,,,,,,,,,[],[],[],,0.5,,,,,,,,,,,,,,,,Decoder 2,Decoder 5,0.8502831747165677,0.37310325866380384,0.5434453036356182,0.1822853813823811,0.30836105098287664,28498,76381,,,,,,,,,,,,,,,,,,,,,
pairwise,HCC_10074592_20130816,,,,,,,,,[],[],[],,0.5,,,,,,,,,,,,,,,,Decoder 3,Decoder 4,0.9392828218828628,0.6823190789473684,0.8111648824363299,0.6136258258954446,0.760555286173518,49782,72960,,,,,,,,,,,,,,,,,,,,,
pairwise,HCC_10074592_20130816,,,,,,,,,[],[],[],,0.5,,,,,,,,,,,,,,,,Decoder 3,Decoder 5,0.9072288383827586,0.5513066999032075,0.7107642865690011,0.3141980185984319,0.4781593247774309,41579,75419,,,,,,,,,,,,,,,,,,,,,
pairwise,HCC_10074592_20130816,,,,,,,,,[],[],[],,0.5,,,,,,,,,,,,,,,,Decoder 4,Decoder 5,0.9369985735769655,0.6673037523890715,0.8004585264477395,0.41363241450122423,0.5852050508436697,48531,72727,,,,,,,,,,,,,,,,,,,,,
independent_vs_final,HCC_10074592_20130816,Decoder 2,2,,,3,2,False,,"[24, 24, 24]","[192, 192, 192]","[8.0, 8.0, 8.0]",,0.5,,,,,,,,,,,,,,,,,,,,,,,,,,,,,2918,18624,0.24985015840397296,,,,,,,,,,,,,,
independent_vs_final,HCC_10074592_20130816,Decoder 3,3,,,2,3,False,,"[48, 48, 48]","[192, 192, 192]","[4.0, 4.0, 4.0]",,0.5,,,,,,,,,,,,,,,,,,,,,,,,,,,,,1340,17662,0.11473585067214659,,,,,,,,,,,,,,
independent_vs_final,HCC_10074592_20130816,Decoder 4,4,,,1,4,False,,"[96, 96, 96]","[192, 192, 192]","[2.0, 2.0, 2.0]",,0.5,,,,,,,,,,,,,,,,,,,,,,,,,,,,,1205,14970,0.10317664183577362,,,,,,,,,,,,,,
independent_vs_final,HCC_10074592_20130816,Decoder 5,5,,,0,5,True,,"[192, 192, 192]","[192, 192, 192]","[1.0, 1.0, 1.0]",,0.5,,,,,,,,,,,,,,,,,,,,,,,,,,,,,0,0,0.0,,,,,,,,,,,,,,
ensemble,HCC_10074592_20130816,d2_d5_intersection,,,,,,,,[],[],[],,0.5,267135,,233771,,,0.8301318011762686,0.7095942961873329,0.8893703667264118,0.7782918748947162,,,,,,,,,,,,,,207909,292997,0.07074441760778427,233771,350882,284277,,,,,,,,,,,,,,,,,
ensemble,HCC_10074592_20130816,d2_d5_union,,,,,,,,[],[],[],,0.5,267135,,350882,,,0.8402908010621067,0.724570264538453,0.7400123118313279,0.9720066632975837,,,,,,,,,,,,,,259657,358360,0.07074441760778427,233771,350882,284277,,,,,,,,,,,,,,,,,
ensemble,HCC_10074592_20130816,d2_d5_majority_vote,,,,,,,,[],[],[],,0.5,267135,,284277,,,0.8631730901757669,0.7592827744631975,0.8371482743943407,0.8908679132273943,,,,,,,,,,,,,,237982,313430,0.07074441760778427,233771,350882,284277,,,,,,,,,,,,,,,,,
ensemble,HCC_10074592_20130816,d2_d5_average_probability,,,,,,,,[],[],[],,0.5,267135,,298500,,,0.86861668743978,0.7677474802718962,0.8229815745393635,0.9196099350515657,,,,,,,,,,,,,,245660,319975,0.07074441760778427,233771,350882,284277,,,,,,,,,,,,,,,,,
layer,HCC_10076307_20130925,Decoder 1,1,4,0,4,1,False,intermediate_segmentation_conv,"[12, 12, 12]","[192, 192, 192]","[16.0, 16.0, 16.0]",liver,0.5,275831,1139545.337677002,2629348,10862670.455932617,9.53246009331801,0.06557255163967521,0.033897653641782405,0.036225710708510245,0.3453201416809568,3,905.0,3738.842010498047,0.3333333333333333,3.118643861520042e-05,100,,,,,,,,95250,2809929,,,,,,,,,,,,,,,,,,,,,
layer,HCC_10076307_20130925,Decoder 2,2,3,1,3,2,False,intermediate_segmentation_conv,"[24, 24, 24]","[192, 192, 192]","[8.0, 8.0, 8.0]",liver,0.5,275831,1139545.337677002,208147,859921.2684631348,0.7546178638369146,0.7347813330357992,0.5807544199445405,0.8542472387303204,0.6446302264792573,4,1074.0,4437.034606933594,0.25,9.608593926407779e-06,100,,,,,,,,177809,306169,,,,,,,,,,,,,,,,,,,,,
layer,HCC_10076307_20130925,Decoder 3,3,2,2,2,3,False,intermediate_segmentation_conv,"[48, 48, 48]","[192, 192, 192]","[4.0, 4.0, 4.0]",liver,0.5,275831,1139545.337677002,264850,1094179.344177246,0.9601893913301985,0.7829829418825518,0.6433623396320466,0.7992146498017746,0.7673974281353437,2,132425.0,547089.672088623,0.5,1.5102888427411742e-05,100,,,,,,,,211672,329009,,,,,,,,,,,,,,,,,,,,,
layer,HCC_10076307_20130925,Decoder 4,4,1,3,1,4,False,intermediate_segmentation_conv,"[96, 96, 96]","[192, 192, 192]","[2.0, 2.0, 2.0]",liver,0.5,275831,1139545.337677002,283065,1169431.2858581543,1.0262262037261947,0.8242821562508946,0.7010884121843727,0.8137494921661103,0.8350910521297461,7,2.0,8.26263427734375,0.7142857142857143,0.0001448430572483352,100,,,,,,,,230344,328552,,,,,,,,,,,,,,,,,,,,,
layer,HCC_10076307_20130925,Decoder 5,5,0,4,0,5,True,final_mask_einsum,"[192, 192, 192]","[192, 192, 192]","[1.0, 1.0, 1.0]",liver,0.5,275831,1139545.337677002,294653,1217304.988861084,1.0682374352411441,0.848752988690305,0.7372466380822452,0.8216444427852423,0.8777113522410461,6,1.5,6.1969757080078125,0.6666666666666666,1.69691128208435e-05,100,,,,,,,,242100,328384,,,,,,,,,,,,,,,,,,,,,
decoder1_extra,HCC_10076307_20130925,Decoder 1 extra R1,1,4,0,4,1,False,,"[12, 12, 12]","[192, 192, 192]","[16.0, 16.0, 16.0]",liver,0.5,275831,,,,,,,,,,,,,,,,,,,,,,,,,,,,,,,2529432,10449885.772705078,16969,2512463,0.006708620749638654,0.3251608312827962,10968,2506012,0.16393259969994792,0.9174748306027967,0.09000747963905674,-0.6848203889903571,0.03976347836175054,-0.7316369631461855
pairwise,HCC_10076307_20130925,,,,,,,,,[],[],[],,0.5,,,,,,,,,,,,,,,,Decoder 2,Decoder 3,0.8095527032941012,0.3832419629991553,0.554121365965803,0.5084920753032219,0.6741726836065877,23139,60377,,,,,,,,,,,,,,,,,,,,,
pairwise,HCC_10076307_20130925,,,,,,,,,[],[],[],,0.5,,,,,,,,,,,,,,,,Decoder 2,Decoder 4,0.787859417115217,0.3484041689665249,0.516765191008801,0.38269951536289976,0.5535541324934324,21461,61598,,,,,,,,,,,,,,,,,,,,,
pairwise,HCC_10076307_20130925,,,,,,,,,[],[],[],,0.5,,,,,,,,,,,,,,,,Decoder 2,Decoder 5,0.7731941129673826,0.29494930558810206,0.45553799568107517,0.3131964517093591,0.4769986262172398,18880,64011,,,,,,,,,,,,,,,,,,,,,
pairwise,HCC_10076307_20130925,,,,,,,,,[],[],[],,0.5,,,,,,,,,,,,,,,,Decoder 3,Decoder 4,0.9160544975041749,0.672837848511176,0.8044268595548588,0.6252278959460461,0.7694033526074823,42594,63305,,,,,,,,,,,,,,,,,,,,,
pairwise,HCC_10076307_20130925,,,,,,,,,[],[],[],,0.5,,,,,,,,,,,,,,,,Decoder 3,Decoder 5,0.8849639769581218,0.575464528914783,0.7305331454351136,0.46364438330766583,0.6335478598426806,38620,67111,,,,,,,,,,,,,,,,,,,,,
pairwise,HCC_10076307_20130925,,,,,,,,,[],[],[],,0.5,,,,,,,,,,,,,,,,Decoder 4,Decoder 5,0.9310286333470655,0.6873807882799853,0.814731082698482,0.59136199276818,0.7432149259006792,42885,62389,,,,,,,,,,,,,,,,,,,,,
independent_vs_final,HCC_10076307_20130925,Decoder 2,2,,,3,2,False,,"[24, 24, 24]","[192, 192, 192]","[8.0, 8.0, 8.0]",,0.5,,,,,,,,,,,,,,,,,,,,,,,,,,,,,2308,11458,0.06842370519699979,,,,,,,,,,,,,,
independent_vs_final,HCC_10076307_20130925,Decoder 3,3,,,2,3,False,,"[48, 48, 48]","[192, 192, 192]","[4.0, 4.0, 4.0]",,0.5,,,,,,,,,,,,,,,,,,,,,,,,,,,,,2722,14558,0.08069728143251015,,,,,,,,,,,,,,
independent_vs_final,HCC_10076307_20130925,Decoder 4,4,,,1,4,False,,"[96, 96, 96]","[192, 192, 192]","[2.0, 2.0, 2.0]",,0.5,,,,,,,,,,,,,,,,,,,,,,,,,,,,,4293,9836,0.12727164922474873,,,,,,,,,,,,,,
independent_vs_final,HCC_10076307_20130925,Decoder 5,5,,,0,5,True,,"[192, 192, 192]","[192, 192, 192]","[1.0, 1.0, 1.0]",,0.5,,,,,,,,,,,,,,,,,,,,,,,,,,,,,0,0,0.0,,,,,,,,,,,,,,
ensemble,HCC_10076307_20130925,d2_d5_intersection,,,,,,,,[],[],[],,0.5,275831,,183646,,,0.7262648620061505,0.5701851510118718,0.9085468782331224,0.6049030022006229,,,,,,,,,,,,,,166851,292626,0.06048212945461273,183646,324648,253449,,,,,,,,,,,,,,,,,
ensemble,HCC_10076307_20130925,d2_d5_union,,,,,,,,[],[],[],,0.5,275831,,324648,,,0.8291147567192192,0.7081093228197732,0.7667781720509598,0.9024837672342848,,,,,,,,,,,,,,248933,351546,0.06048212945461273,183646,324648,253449,,,,,,,,,,,,,,,,,
ensemble,HCC_10076307_20130925,d2_d5_majority_vote,,,,,,,,[],[],[],,0.5,275831,,253449,,,0.8031098851269649,0.6709971743831789,0.8385710734704024,0.7705261555082641,,,,,,,,,,,,,,212535,316745,0.06048212945461273,183646,324648,253449,,,,,,,,,,,,,,,,,
ensemble,HCC_10076307_20130925,d2_d5_average_probability,,,,,,,,[],[],[],,0.5,275831,,269711,,,0.8181698201055098,0.6922905118047952,0.8274523471419408,0.809093249127183,,,,,,,,,,,,,,223173,322369,0.06048212945461273,183646,324648,253449,,,,,,,,,,,,,,,,,
layer,HCC_10081574_20140213,Decoder 1,1,4,0,4,1,False,intermediate_segmentation_conv,"[12, 12, 12]","[192, 192, 192]","[16.0, 16.0, 16.0]",liver,0.5,260574,1255932.804107666,2205628,10630840.217590332,8.464497609124471,0.09864560972702155,0.05188175872508383,0.05514982580924798,0.4668155687060106,11,506.0,2438.854217529297,0.2727272727272727,3.989793383109028e-05,100,,,,,,,,121640,2344562,,,,,,,,,,,,,,,,,,,,,
layer,HCC_10081574_20140213,Decoder 2,2,3,1,3,2,False,intermediate_segmentation_conv,"[24, 24, 24]","[192, 192, 192]","[8.0, 8.0, 8.0]",liver,0.5,260574,1255932.804107666,252788,1218405.2963256836,0.9701198124141319,0.8010253972830089,0.6680920475444674,0.8133613937370445,0.7890580027170785,1,252788.0,1218405.2963256836,0.0,0.0,100,,,,,,,,205608,307754,,,,,,,,,,,,,,,,,,,,,
layer,HCC_10081574_20140213,Decoder 3,3,2,2,2,3,False,intermediate_segmentation_conv,"[48, 48, 48]","[192, 192, 192]","[4.0, 4.0, 4.0]",liver,0.5,260574,1255932.804107666,277087,1335523.3173370361,1.0633716333939687,0.8481068926330904,0.7362722176294306,0.8228354271402123,0.8749798521725115,9,13.0,62.65830993652344,0.7777777777777778,0.00040781415223377495,100,,,,,,,,227997,309664,,,,,,,,,,,,,,,,,,,,,
layer,HCC_10081574_20140213,Decoder 4,4,1,3,1,4,False,intermediate_segmentation_conv,"[96, 96, 96]","[192, 192, 192]","[2.0, 2.0, 2.0]",liver,0.5,260574,1255932.804107666,297155,1432248.4683990479,1.140386224258752,0.8602959501836913,0.7548415312925748,0.8073429691575104,0.9206828002793832,10,4.0,19.27947998046875,0.7,0.00013460988373071293,100,,,,,,,,239906,317823,,,,,,,,,,,,,,,,,,,,,
layer,HCC_10081574_20140213,Decoder 5,5,0,4,0,5,True,final_mask_einsum,"[192, 192, 192]","[192, 192, 192]","[1.0, 1.0, 1.0]",liver,0.5,260574,1255932.804107666,305142,1470744.7700500488,1.1710377858113243,0.8863210515523691,0.7958496950919486,0.8215945363142406,0.9621182466401099,18,2.0,9.639739990234375,0.8888888888888888,0.00024251004450387032,100,,,,,,,,250703,315013,,,,,,,,,,,,,,,,,,,,,
decoder1_extra,HCC_10081574_20140213,Decoder 1 extra R1,1,4,0,4,1,False,,"[12, 12, 12]","[192, 192, 192]","[16.0, 16.0, 16.0]",liver,0.5,260574,,,,,,,,,,,,,,,,,,,,,,,,,,,,,,,2079079,10020890.489578247,9337,2069742,0.004490930840049849,0.4616553540674704,4557,2066153,0.19364093663163692,0.9796065609001665,0.10743935228288631,-0.6926801149207321,0.017488314260056592,-0.7141551840313543
pairwise,HCC_10081574_20140213,,,,,,,,,[],[],[],,0.5,,,,,,,,,,,,,,,,Decoder 2,Decoder 3,0.8417192734135409,0.3674910154973792,0.5374675392126311,0.37989029349642195,0.5506094148018688,25871,70399,,,,,,,,,,,,,,,,,,,,,
pairwise,HCC_10081574_20140213,,,,,,,,,[],[],[],,0.5,,,,,,,,,,,,,,,,Decoder 2,Decoder 4,0.82850404496466,0.3611704900938478,0.5306763446935239,0.25081034596811536,0.40103657085437766,27709,76720,,,,,,,,,,,,,,,,,,,,,
pairwise,HCC_10081574_20140213,,,,,,,,,[],[],[],,0.5,,,,,,,,,,,,,,,,Decoder 2,Decoder 5,0.8159733299876328,0.29396559408146894,0.4543638492801543,0.1571423472301542,0.27160417662754294,23086,78533,,,,,,,,,,,,,,,,,,,,,
pairwise,HCC_10081574_20140213,,,,,,,,,[],[],[],,0.5,,,,,,,,,,,,,,,,Decoder 3,Decoder 4,0.9276925059469701,0.6129565586700643,0.7600410009497927,0.5377617328519856,0.6994083951544746,40411,65928,,,,,,,,,,,,,,,,,,,,,
pairwise,HCC_10081574_20140213,,,,,,,,,[],[],[],,0.5,,,,,,,,,,,,,,,,Decoder 3,Decoder 5,0.8950224052735264,0.47001860082070795,0.6394729979039689,0.2815651228790532,0.4394082171127026,33102,70427,,,,,,,,,,,,,,,,,,,,,
pairwise,HCC_10081574_20140213,,,,,,,,,[],[],[],,0.5,,,,,,,,,,,,,,,,Decoder 4,Decoder 5,0.9317828247525722,0.6072759717365338,0.7556586204426617,0.37761638397690367,0.5482170339565801,42199,69489,,,,,,,,,,,,,,,,,,,,,
independent_vs_final,HCC_10081574_20140213,Decoder 2,2,,,3,2,False,,"[24, 24, 24]","[192, 192, 192]","[8.0, 8.0, 8.0]",,0.5,,,,,,,,,,,,,,,,,,,,,,,,,,,,,1066,24094,0.10799311113362374,,,,,,,,,,,,,,
independent_vs_final,HCC_10081574_20140213,Decoder 3,3,,,2,3,False,,"[48, 48, 48]","[192, 192, 192]","[4.0, 4.0, 4.0]",,0.5,,,,,,,,,,,,,,,,,,,,,,,,,,,,,545,15988,0.0552122378685037,,,,,,,,,,,,,,
independent_vs_final,HCC_10081574_20140213,Decoder 4,4,,,1,4,False,,"[96, 96, 96]","[192, 192, 192]","[2.0, 2.0, 2.0]",,0.5,,,,,,,,,,,,,,,,,,,,,,,,,,,,,1500,15050,0.15196028771147807,,,,,,,,,,,,,,
independent_vs_final,HCC_10081574_20140213,Decoder 5,5,,,0,5,True,,"[192, 192, 192]","[192, 192, 192]","[1.0, 1.0, 1.0]",,0.5,,,,,,,,,,,,,,,,,,,,,,,,,,,,,0,0,0.0,,,,,,,,,,,,,,
ensemble,HCC_10081574_20140213,d2_d5_intersection,,,,,,,,[],[],[],,0.5,260574,,214964,,,0.8240897677998393,0.7008101003236825,0.9115154165348617,0.7519668117310245,,,,,,,,,,,,,,195943,279595,0.06567676365375519,214964,345593,269458,,,,,,,,,,,,,,,,,
ensemble,HCC_10081574_20140213,d2_d5_union,,,,,,,,[],[],[],,0.5,260574,,345593,,,0.8355717153853641,0.7175810880116967,0.7327926202208956,0.971885145870271,,,,,,,,,,,,,,253248,352919,0.06567676365375519,214964,345593,269458,,,,,,,,,,,,,,,,,
ensemble,HCC_10081574_20140213,d2_d5_majority_vote,,,,,,,,[],[],[],,0.5,260574,,269458,,,0.8706455459293024,0.7709231966909124,0.8562930029911897,0.8854874239179658,,,,,,,,,,,,,,230735,299297,0.06567676365375519,214964,345593,269458,,,,,,,,,,,,,,,,,
ensemble,HCC_10081574_20140213,d2_d5_average_probability,,,,,,,,[],[],[],,0.5,260574,,284532,,,0.8746775856438931,0.7772684294610545,0.8378530358623986,0.9148879013255352,,,,,,,,,,,,,,238396,306710,0.06567676365375519,214964,345593,269458,,,,,,,,,,,,,,,,,
layer,HCC_10136895_20170421,Decoder 1,1,4,0,4,1,False,intermediate_segmentation_conv,"[12, 12, 12]","[192, 192, 192]","[16.0, 16.0, 16.0]",liver,0.5,298520,1438827.5909423828,2402470,11579593.06716919,8.04793648666756,0.06893620487302804,0.03569856420434588,0.03875095214508402,0.3118652016615302,7,788.0,3798.0575561523438,0.14285714285714285,1.290338693095023e-05,100,,,,,,,,93098,2607892,,,,,,,,,,,,,,,,,,,,,
layer,HCC_10136895_20170421,Decoder 2,2,3,1,3,2,False,intermediate_segmentation_conv,"[24, 24, 24]","[192, 192, 192]","[8.0, 8.0, 8.0]",liver,0.5,298520,1438827.5909423828,213857,1030762.9375457764,0.7163908615838135,0.7343733227681961,0.5802448194079058,0.879737394614158,0.630235830095136,3,70.0,337.3908996582031,0.6666666666666666,0.0003319975497645623,100,,,,,,,,188138,324239,,,,,,,,,,,,,,,,,,,,,
layer,HCC_10136895_20170421,Decoder 3,3,2,2,2,3,False,intermediate_segmentation_conv,"[48, 48, 48]","[192, 192, 192]","[4.0, 4.0, 4.0]",liver,0.5,298520,1438827.5909423828,293087,1412641.2372589111,0.9818002143909956,0.8171032459047983,0.6907646361155171,0.8246766318533405,0.8096676939568538,12,70.0,337.3908996582031,0.5833333333333334,0.0005732086377082573,100,,,,,,,,241702,349905,,,,,,,,,,,,,,,,,,,,,
layer,HCC_10136895_20170421,Decoder 4,4,1,3,1,4,False,intermediate_segmentation_conv,"[96, 96, 96]","[192, 192, 192]","[2.0, 2.0, 2.0]",liver,0.5,298520,1438827.5909423828,328482,1583240.535736084,1.10036848452365,0.8370914287354745,0.7198256590586796,0.798914400180223,0.8791002277904328,11,863.0,4159.547805786133,0.45454545454545453,0.00010350643262035667,100,,,,,,,,262429,364573,,,,,,,,,,,,,,,,,,,,,
layer,HCC_10136895_20170421,Decoder 5,5,0,4,0,5,True,final_mask_einsum,"[192, 192, 192]","[192, 192, 192]","[1.0, 1.0, 1.0]",liver,0.5,298520,1438827.5909423828,342113,1648940.1836395264,1.1460304167224977,0.8686439818117393,0.7677901278173911,0.8133014530286776,0.9320682031354683,28,3.0,14.459609985351562,0.7857142857142857,0.00023384086544504302,100,,,,,,,,278241,362392,,,,,,,,,,,,,,,,,,,,,
decoder1_extra,HCC_10136895_20170421,Decoder 1 extra R1,1,4,0,4,1,False,,"[12, 12, 12]","[192, 192, 192]","[16.0, 16.0, 16.0]",liver,0.5,298520,,,,,,,,,,,,,,,,,,,,,,,,,,,,,,,2306536,11117203.659057617,9137,2297399,0.003961351567892285,0.18546279402337393,3761,2289205,0.1922566785712703,0.9446670239849926,0.1070184233565673,-0.676387303240469,0.01259882084952424,-0.7062830296721103
pairwise,HCC_10136895_20170421,,,,,,,,,[],[],[],,0.5,,,,,,,,,,,,,,,,Decoder 2,Decoder 3,0.8047161027648024,0.40651963735201296,0.5780504253994605,0.4311147630786086,0.602488038277512,22285,54819,,,,,,,,,,,,,,,,,,,,,
pairwise,HCC_10136895_20170421,,,,,,,,,[],[],[],,0.5,,,,,,,,,,,,,,,,Decoder 2,Decoder 4,0.7658678428068053,0.3177301705818161,0.48223859129146146,0.29658841441824235,0.4574904589924423,22128,69644,,,,,,,,,,,,,,,,,,,,,
pairwise,HCC_10136895_20170421,,,,,,,,,[],[],[],,0.5,,,,,,,,,,,,,,,,Decoder 2,Decoder 5,0.7428782128532115,0.27377550295016706,0.42986460693596457,0.17430145505855285,0.296859812798004,19256,70335,,,,,,,,,,,,,,,,,,,,,
pairwise,HCC_10136895_20170421,,,,,,,,,[],[],[],,0.5,,,,,,,,,,,,,,,,Decoder 3,Decoder 4,0.9122430494442291,0.6139574514869991,0.7608099592976719,0.5567079402845031,0.7152374904476423,44674,72764,,,,,,,,,,,,,,,,,,,,,
pairwise,HCC_10136895_20170421,,,,,,,,,[],[],[],,0.5,,,,,,,,,,,,,,,,Decoder 3,Decoder 5,0.8758879093198992,0.48893539510909584,0.6567583747624873,0.3250094524456055,0.49057680584199126,37848,77409,,,,,,,,,,,,,,,,,,,,,
pairwise,HCC_10136895_20170421,,,,,,,,,[],[],[],,0.5,,,,,,,,,,,,,,,,Decoder 4,Decoder 5,0.9298488655596895,0.658581732303568,0.7941504714258226,0.470496165284082,0.6399148483235764,51590,78335,,,,,,,,,,,,,,,,,,,,,
independent_vs_final,HCC_10136895_20170421,Decoder 2,2,,,3,2,False,,"[24, 24, 24]","[192, 192, 192]","[8.0, 8.0, 8.0]",,0.5,,,,,,,,,,,,,,,,,,,,,,,,,,,,,885,6463,0.04364120518763252,,,,,,,,,,,,,,
independent_vs_final,HCC_10136895_20170421,Decoder 3,3,,,2,3,False,,"[48, 48, 48]","[192, 192, 192]","[4.0, 4.0, 4.0]",,0.5,,,,,,,,,,,,,,,,,,,,,,,,,,,,,1368,13537,0.06745894767986588,,,,,,,,,,,,,,
independent_vs_final,HCC_10136895_20170421,Decoder 4,4,,,1,4,False,,"[96, 96, 96]","[192, 192, 192]","[2.0, 2.0, 2.0]",,0.5,,,,,,,,,,,,,,,,,,,,,,,,,,,,,2243,14463,0.11060703190492628,,,,,,,,,,,,,,
independent_vs_final,HCC_10136895_20170421,Decoder 5,5,,,0,5,True,,"[192, 192, 192]","[192, 192, 192]","[1.0, 1.0, 1.0]",,0.5,,,,,,,,,,,,,,,,,,,,,,,,,,,,,0,0,0.0,,,,,,,,,,,,,,
ensemble,HCC_10136895_20170421,d2_d5_intersection,,,,,,,,[],[],[],,0.5,298520,,199438,,,0.7263584479012286,0.5703005266311375,0.906788074489315,0.6058153557550583,,,,,,,,,,,,,,180848,317110,0.06676606088876724,199438,368011,283227,,,,,,,,,,,,,,,,,
ensemble,HCC_10136895_20170421,d2_d5_union,,,,,,,,[],[],[],,0.5,298520,,368011,,,0.8439967533393046,0.7300989471935544,0.7643113928659742,0.9422316762695967,,,,,,,,,,,,,,281275,385256,0.06676606088876724,199438,368011,283227,,,,,,,,,,,,,,,,,
ensemble,HCC_10136895_20170421,d2_d5_majority_vote,,,,,,,,[],[],[],,0.5,298520,,283227,,,0.8351362361988974,0.7169389778884862,0.8576830598777659,0.8137444727321452,,,,,,,,,,,,,,242919,338828,0.06676606088876724,199438,368011,283227,,,,,,,,,,,,,,,,,
ensemble,HCC_10136895_20170421,d2_d5_average_probability,,,,,,,,[],[],[],,0.5,298520,,301087,,,0.8480854959998799,0.7362399666423434,0.8444702029645916,0.8517318772611551,,,,,,,,,,,,,,254259,345348,0.06676606088876724,199438,368011,283227,,,,,,,,,,,,,,,,,
layer,HCC_10140276_20170721,Decoder 1,1,4,0,4,1,False,intermediate_segmentation_conv,"[12, 12, 12]","[192, 192, 192]","[16.0, 16.0, 16.0]",liver,0.5,224631,1082692.216873169,2104488,10143358.56628418,9.368644577106455,0.07827079681201347,0.040729358060526334,0.04331267272609775,0.4057810364553423,6,914.0,4405.361175537109,0.16666666666666666,3.991469659128491e-05,100,,,,,,,,91151,2237968,,,,,,,,,,,,,,,,,,,,,
layer,HCC_10140276_20170721,Decoder 2,2,3,1,3,2,False,intermediate_segmentation_conv,"[24, 24, 24]","[192, 192, 192]","[8.0, 8.0, 8.0]",liver,0.5,224631,1082692.216873169,138238,666289.1883850098,0.6154003677141623,0.6167074068052107,0.4458257131131538,0.8094156454809821,0.49811468586259244,5,582.0,2805.164337158203,0.4,0.00011574241525485033,100,,,,,,,,111892,250977,,,,,,,,,,,,,,,,,,,,,
layer,HCC_10140276_20170721,Decoder 3,3,2,2,2,3,False,intermediate_segmentation_conv,"[48, 48, 48]","[192, 192, 192]","[4.0, 4.0, 4.0]",liver,0.5,224631,1082692.216873169,189174,911794.0864562988,0.8421544666586536,0.7375309626514904,0.5841972680775473,0.8066489052406779,0.6793229785737498,5,882.0,4251.125335693359,0.4,7.400594161988434e-05,100,,,,,,,,152597,261208,,,,,,,,,,,,,,,,,,,,,
layer,HCC_10140276_20170721,Decoder 4,4,1,3,1,4,False,intermediate_segmentation_conv,"[96, 96, 96]","[192, 192, 192]","[2.0, 2.0, 2.0]",liver,0.5,224631,1082692.216873169,230884,1112830.8639526367,1.0278367634030923,0.7908499171267686,0.6540543877295356,0.7801406767034528,0.8018572681419751,2,115442.0,556415.4319763184,0.5,8.662358586996067e-06,100,,,,,,,,180122,275393,,,,,,,,,,,,,,,,,,,,,
layer,HCC_10140276_20170721,Decoder 5,5,0,4,0,5,True,final_mask_einsum,"[192, 192, 192]","[192, 192, 192]","[1.0, 1.0, 1.0]",liver,0.5,224631,1082692.216873169,246083,1186088.0680084229,1.0954988403203476,0.8172903291595321,0.6910320844664624,0.7816671610797983,0.8563154684794173,4,1.0,4.8198699951171875,0.75,1.2191008724698577e-05,100,,,,,,,,192355,278359,,,,,,,,,,,,,,,,,,,,,
decoder1_extra,HCC_10140276_20170721,Decoder 1 extra R1,1,4,0,4,1,False,,"[12, 12, 12]","[192, 192, 192]","[16.0, 16.0, 16.0]",liver,0.5,224631,,,,,,,,,,,,,,,,,,,,,,,,,,,,,,,2010213,9688965.322494507,17142,1993071,0.008527454553323453,0.22431528070392862,7240,1982187,0.16226305728005022,0.8885461045002694,0.08928387705713685,-0.655027271879482,0.03223063602085208,-0.6923832840226615
pairwise,HCC_10140276_20170721,,,,,,,,,[],[],[],,0.5,,,,,,,,,,,,,,,,Decoder 2,Decoder 3,0.6368489853762233,0.17109622184999068,0.2921984012205394,0.4260697085700173,0.5975440134651708,9193,53730,,,,,,,,,,,,,,,,,,,,,
pairwise,HCC_10140276_20170721,,,,,,,,,[],[],[],,0.5,,,,,,,,,,,,,,,,Decoder 2,Decoder 4,0.6155254902173265,0.16356063921290498,0.28113814390205943,0.2903141103489021,0.449989824989825,10839,66269,,,,,,,,,,,,,,,,,,,,,
pairwise,HCC_10140276_20170721,,,,,,,,,[],[],[],,0.5,,,,,,,,,,,,,,,,Decoder 2,Decoder 5,0.6283185149913744,0.16771907310457468,0.28725928516122584,0.2566944555176179,0.40852325621487434,11501,68573,,,,,,,,,,,,,,,,,,,,,
pairwise,HCC_10140276_20170721,,,,,,,,,[],[],[],,0.5,,,,,,,,,,,,,,,,Decoder 3,Decoder 4,0.8746792109661047,0.6276369735370854,0.7712247678585741,0.5621967239484196,0.7197515080270801,33679,53660,,,,,,,,,,,,,,,,,,,,,
pairwise,HCC_10140276_20170721,,,,,,,,,[],[],[],,0.5,,,,,,,,,,,,,,,,Decoder 3,Decoder 5,0.833709739303446,0.5435169042491368,0.7042577930347157,0.3909669160299236,0.5621512798389416,31799,58506,,,,,,,,,,,,,,,,,,,,,
pairwise,HCC_10140276_20170721,,,,,,,,,[],[],[],,0.5,,,,,,,,,,,,,,,,Decoder 4,Decoder 5,0.9151660387406256,0.6785272525742558,0.8084792803139056,0.5793533259286684,0.7336589177573745,42239,62251,,,,,,,,,,,,,,,,,,,,,
independent_vs_final,HCC_10140276_20170721,Decoder 2,2,,,3,2,False,,"[24, 24, 24]","[192, 192, 192]","[8.0, 8.0, 8.0]",,0.5,,,,,,,,,,,,,,,,,,,,,,,,,,,,,2655,14845,0.08225926384929978,,,,,,,,,,,,,,
independent_vs_final,HCC_10140276_20170721,Decoder 3,3,,,2,3,False,,"[48, 48, 48]","[192, 192, 192]","[4.0, 4.0, 4.0]",,0.5,,,,,,,,,,,,,,,,,,,,,,,,,,,,,2957,4778,0.09161606146982278,,,,,,,,,,,,,,
independent_vs_final,HCC_10140276_20170721,Decoder 4,4,,,1,4,False,,"[96, 96, 96]","[192, 192, 192]","[2.0, 2.0, 2.0]",,0.5,,,,,,,,,,,,,,,,,,,,,,,,,,,,,4109,8523,0.12730821663155287,,,,,,,,,,,,,,
independent_vs_final,HCC_10140276_20170721,Decoder 5,5,,,0,5,True,,"[192, 192, 192]","[192, 192, 192]","[1.0, 1.0, 1.0]",,0.5,,,,,,,,,,,,,,,,,,,,,,,,,,,,,0,0,0.0,,,,,,,,,,,,,,
ensemble,HCC_10140276_20170721,d2_d5_intersection,,,,,,,,[],[],[],,0.5,224631,,102422,,,0.5764325659755453,0.4049211524500518,0.9203296166839156,0.4196304161046338,,,,,,,,,,,,,,94262,232791,0.05662662163376808,102422,277096,189868,,,,,,,,,,,,,,,,,
ensemble,HCC_10140276_20170721,d2_d5_union,,,,,,,,[],[],[],,0.5,224631,,277096,,,0.7960225381532188,0.6611606640312018,0.7206635967318186,0.8889823755403305,,,,,,,,,,,,,,199693,302034,0.05662662163376808,102422,277096,189868,,,,,,,,,,,,,,,,,
ensemble,HCC_10140276_20170721,d2_d5_majority_vote,,,,,,,,[],[],[],,0.5,224631,,189868,,,0.7572901261522947,0.6093861021700556,0.826616386120884,0.6986925224034083,,,,,,,,,,,,,,156948,257551,0.05662662163376808,102422,277096,189868,,,,,,,,,,,,,,,,,
ensemble,HCC_10140276_20170721,d2_d5_average_probability,,,,,,,,[],[],[],,0.5,224631,,209531,,,0.7867201643626112,0.6484243298655934,0.8150679374412378,0.7602779669769533,,,,,,,,,,,,,,170782,263380,0.05662662163376808,102422,277096,189868,,,,,,,,,,,,,,,,,
layer,HCC_10142924_20170911,Decoder 1,1,4,0,4,1,False,intermediate_segmentation_conv,"[12, 12, 12]","[192, 192, 192]","[16.0, 16.0, 16.0]",liver,0.5,212070,1022149.829864502,1955888,9427125.885009766,9.222841514594238,0.10824194933665689,0.05721764963479445,0.059989120031412844,0.5532701466496911,7,1053.0,5075.323104858398,0.14285714285714285,1.6360855018283255e-05,100,,,,,,,,117332,2050626,,,,,,,,,,,,,,,,,,,,,
layer,HCC_10142924_20170911,Decoder 2,2,3,1,3,2,False,intermediate_segmentation_conv,"[24, 24, 24]","[192, 192, 192]","[8.0, 8.0, 8.0]",liver,0.5,212070,1022149.829864502,144955,698664.2551422119,0.6835243080115057,0.7276969399901968,0.5719525189105414,0.8961608775137112,0.6125477436695431,2,72477.5,349332.12757110596,0.0,0.0,100,,,,,,,,129903,227122,,,,,,,,,,,,,,,,,,,,,
layer,HCC_10142924_20170911,Decoder 3,3,2,2,2,3,False,intermediate_segmentation_conv,"[48, 48, 48]","[192, 192, 192]","[4.0, 4.0, 4.0]",liver,0.5,212070,1022149.829864502,180711,871003.5266876221,0.8521290140048098,0.7820744893464806,0.6421365531023584,0.8499316588364848,0.7242514264158061,4,38.0,183.15505981445312,0.75,0.000492499073105677,100,,,,,,,,153592,239189,,,,,,,,,,,,,,,,,,,,,
layer,HCC_10142924_20170911,Decoder 4,4,1,3,1,4,False,intermediate_segmentation_conv,"[96, 96, 96]","[192, 192, 192]","[2.0, 2.0, 2.0]",liver,0.5,212070,1022149.829864502,205354,989779.5829772949,0.9683312113924647,0.8101498715933918,0.6808839636621352,0.8233976450422198,0.7973216390814354,3,1580.0,7615.394592285156,0.3333333333333333,0.00022887306797043155,100,,,,,,,,169088,248336,,,,,,,,,,,,,,,,,,,,,
layer,HCC_10142924_20170911,Decoder 5,5,0,4,0,5,True,final_mask_einsum,"[192, 192, 192]","[192, 192, 192]","[1.0, 1.0, 1.0]",liver,0.5,212070,1022149.829864502,214637,1034522.4361419678,1.0121044937992172,0.8527115796084901,0.7432408141254524,0.847612480606792,0.857872400622436,6,16.0,77.117919921875,0.6666666666666666,0.0001584069848162246,100,,,,,,,,181929,244778,,,,,,,,,,,,,,,,,,,,,
decoder1_extra,HCC_10142924_20170911,Decoder 1 extra R1,1,4,0,4,1,False,,"[12, 12, 12]","[192, 192, 192]","[16.0, 16.0, 16.0]",liver,0.5,212070,,,,,,,,,,,,,,,,,,,,,,,,,,,,,,,1856193,8946608.945846558,27276,1828917,0.014694592642036685,0.5975581433927208,18011,1821304,0.17646783658764126,0.9428019050313575,0.09734404698843985,-0.6762437430208488,0.08492950440892155,-0.750268433618352
pairwise,HCC_10142924_20170911,,,,,,,,,[],[],[],,0.5,,,,,,,,,,,,,,,,Decoder 2,Decoder 3,0.7504682711735337,0.16526664824537166,0.2836546441867634,0.46734480959833075,0.6369938497635892,5981,36190,,,,,,,,,,,,,,,,,,,,,
pairwise,HCC_10142924_20170911,,,,,,,,,[],[],[],,0.5,,,,,,,,,,,,,,,,Decoder 2,Decoder 4,0.7369665067126451,0.15368014028146215,0.2664172415136989,0.3932845707669528,0.5645430646669171,6836,44482,,,,,,,,,,,,,,,,,,,,,
pairwise,HCC_10142924_20170911,,,,,,,,,[],[],[],,0.5,,,,,,,,,,,,,,,,Decoder 2,Decoder 5,0.7422634541369107,0.12907801418439716,0.228643216080402,0.3358232033684611,0.5027958827510062,5460,42300,,,,,,,,,,,,,,,,,,,,,
pairwise,HCC_10142924_20170911,,,,,,,,,[],[],[],,0.5,,,,,,,,,,,,,,,,Decoder 3,Decoder 4,0.9124681077020709,0.6406957782206921,0.7810049696300386,0.6718847839699437,0.80374531835206,24752,38633,,,,,,,,,,,,,,,,,,,,,
pairwise,HCC_10142924_20170911,,,,,,,,,[],[],[],,0.5,,,,,,,,,,,,,,,,Decoder 3,Decoder 5,0.8740754980422312,0.5485181829946939,0.7084426763835726,0.46526124338624336,0.6350556878321805,21192,38635,,,,,,,,,,,,,,,,,,,,,
pairwise,HCC_10142924_20170911,,,,,,,,,[],[],[],,0.5,,,,,,,,,,,,,,,,Decoder 4,Decoder 5,0.923853130186123,0.6813494868732175,0.8104793110447415,0.589077712100139,0.7414083120222091,27951,41023,,,,,,,,,,,,,,,,,,,,,
independent_vs_final,HCC_10142924_20170911,Decoder 2,2,,,3,2,False,,"[24, 24, 24]","[192, 192, 192]","[8.0, 8.0, 8.0]",,0.5,,,,,,,,,,,,,,,,,,,,,,,,,,,,,1907,9592,0.06326930095219137,,,,,,,,,,,,,,
independent_vs_final,HCC_10142924_20170911,Decoder 3,3,,,2,3,False,,"[48, 48, 48]","[192, 192, 192]","[4.0, 4.0, 4.0]",,0.5,,,,,,,,,,,,,,,,,,,,,,,,,,,,,2002,5927,0.06642115390995654,,,,,,,,,,,,,,
independent_vs_final,HCC_10142924_20170911,Decoder 4,4,,,1,4,False,,"[96, 96, 96]","[192, 192, 192]","[2.0, 2.0, 2.0]",,0.5,,,,,,,,,,,,,,,,,,,,,,,,,,,,,3034,8315,0.10066023025115292,,,,,,,,,,,,,,
independent_vs_final,HCC_10142924_20170911,Decoder 5,5,,,0,5,True,,"[192, 192, 192]","[192, 192, 192]","[1.0, 1.0, 1.0]",,0.5,,,,,,,,,,,,,,,,,,,,,,,,,,,,,0,0,0.0,,,,,,,,,,,,,,
ensemble,HCC_10142924_20170911,d2_d5_intersection,,,,,,,,[],[],[],,0.5,212070,,119648,,,0.6928897436979603,0.5300928061403347,0.9605008023535705,0.5419059744424011,,,,,,,,,,,,,,114922,216796,0.05429850518703461,119648,236955,179665,,,,,,,,,,,,,,,,,
ensemble,HCC_10142924_20170911,d2_d5_union,,,,,,,,[],[],[],,0.5,212070,,236955,,,0.8302433049384779,0.7097572584483579,0.7866472536979595,0.8789550620078276,,,,,,,,,,,,,,186400,262625,0.05429850518703461,119648,236955,179665,,,,,,,,,,,,,,,,,
ensemble,HCC_10142924_20170911,d2_d5_majority_vote,,,,,,,,[],[],[],,0.5,212070,,179665,,,0.80429371896818,0.6726515798462852,0.8768263156430023,0.7428443438487292,,,,,,,,,,,,,,157535,234200,0.05429850518703461,119648,236955,179665,,,,,,,,,,,,,,,,,
ensemble,HCC_10142924_20170911,d2_d5_average_probability,,,,,,,,[],[],[],,0.5,212070,,192702,,,0.8230855889241351,0.6993589178432434,0.8644487343151602,0.7855000707313623,,,,,,,,,,,,,,166581,238191,0.05429850518703461,119648,236955,179665,,,,,,,,,,,,,,,,,
layer,HCC_10147777_20171222,Decoder 1,1,4,0,4,1,False,intermediate_segmentation_conv,"[12, 12, 12]","[192, 192, 192]","[16.0, 16.0, 16.0]",liver,0.5,249382,1201988.8191223145,1875121,9037839.445114136,7.519071143867641,0.10250962225047458,0.05402379029297305,0.05807145245560153,0.4366433824413951,14,1063.0,5123.52180480957,0.14285714285714285,1.973205995773073e-05,100,,,,,,,,108891,2015612,,,,,,,,,,,,,,,,,,,,,
layer,HCC_10147777_20171222,Decoder 2,2,3,1,3,2,False,intermediate_segmentation_conv,"[24, 24, 24]","[192, 192, 192]","[8.0, 8.0, 8.0]",liver,0.5,249382,1201988.8191223145,206014,992960.6971740723,0.8260981145391407,0.7856854254319318,0.6470196783328571,0.8683827312706903,0.7173693370010666,3,14457.0,69680.86051940918,0.0,0.0,100,,,,,,,,178899,276497,,,,,,,,,,,,,,,,,,,,,
layer,HCC_10147777_20171222,Decoder 3,3,2,2,2,3,False,intermediate_segmentation_conv,"[48, 48, 48]","[192, 192, 192]","[4.0, 4.0, 4.0]",liver,0.5,249382,1201988.8191223145,267474,1289189.9070739746,1.0725473370171064,0.806429643846642,0.6756448329075513,0.7791561048924381,0.8356818054230056,3,36368.0,175289.03198242188,0.0,0.0,100,,,,,,,,208404,308452,,,,,,,,,,,,,,,,,,,,,
layer,HCC_10147777_20171222,Decoder 4,4,1,3,1,4,False,intermediate_segmentation_conv,"[96, 96, 96]","[192, 192, 192]","[2.0, 2.0, 2.0]",liver,0.5,249382,1201988.8191223145,288966,1392778.5530090332,1.1587283765468237,0.8228469317244608,0.6990143881032257,0.7664880989458968,0.8881515105340402,4,20016.5,96476.92775726318,0.5,7.267290961566412e-05,100,,,,,,,,221489,316859,,,,,,,,,,,,,,,,,,,,,
layer,HCC_10147777_20171222,Decoder 5,5,0,4,0,5,True,final_mask_einsum,"[192, 192, 192]","[192, 192, 192]","[1.0, 1.0, 1.0]",liver,0.5,249382,1201988.8191223145,301790,1454588.565826416,1.21015149449439,0.8456343936194146,0.7325533513345299,0.772209152059379,0.9344900594269033,5,27.0,130.13648986816406,0.6,0.00010934755956128433,100,,,,,,,,233045,318127,,,,,,,,,,,,,,,,,,,,,
decoder1_extra,HCC_10147777_20171222,Decoder 1 extra R1,1,4,0,4,1,False,,"[12, 12, 12]","[192, 192, 192]","[16.0, 16.0, 16.0]",liver,0.5,249382,,,,,,,,,,,,,,,,,,,,,,,,,,,,,,,1759392,8480040.710449219,14299,1745093,0.008127239409977992,0.5067025769725164,8278,1738845,0.21000176217587385,0.9676841151326078,0.11778098923673187,-0.6356326314435408,0.03319405570570444,-0.6544281628226472
pairwise,HCC_10147777_20171222,,,,,,,,,[],[],[],,0.5,,,,,,,,,,,,,,,,Decoder 2,Decoder 3,0.7931140810326767,0.3286211999753345,0.49468004873237803,0.3439723153350857,0.5118741084325459,21317,64868,,,,,,,,,,,,,,,,,,,,,
pairwise,HCC_10147777_20171222,,,,,,,,,[],[],[],,0.5,,,,,,,,,,,,,,,,Decoder 2,Decoder 4,0.7842781526526325,0.30087741012734825,0.4625761163734777,0.27497764356717946,0.4313450435065463,21878,72714,,,,,,,,,,,,,,,,,,,,,
pairwise,HCC_10147777_20171222,,,,,,,,,[],[],[],,0.5,,,,,,,,,,,,,,,,Decoder 2,Decoder 5,0.7724436987499114,0.28225364170200246,0.440246192363864,0.16759460986040506,0.2870767104353836,21101,74759,,,,,,,,,,,,,,,,,,,,,
pairwise,HCC_10147777_20171222,,,,,,,,,[],[],[],,0.5,,,,,,,,,,,,,,,,Decoder 3,Decoder 4,0.9264502911365107,0.7360175595033953,0.8479379202983872,0.5211034299975705,0.6851650186580709,53652,72895,,,,,,,,,,,,,,,,,,,,,
pairwise,HCC_10147777_20171222,,,,,,,,,[],[],[],,0.5,,,,,,,,,,,,,,,,Decoder 3,Decoder 5,0.8938805194075157,0.6245329062762145,0.7688768923835231,0.2998956726843872,0.4614149873506063,49137,78678,,,,,,,,,,,,,,,,,,,,,
pairwise,HCC_10147777_20171222,,,,,,,,,[],[],[],,0.5,,,,,,,,,,,,,,,,Decoder 4,Decoder 5,0.926060844070987,0.7012651271996103,0.8244042812467883,0.3824035005469605,0.5532444042505087,56151,80071,,,,,,,,,,,,,,,,,,,,,
independent_vs_final,HCC_10147777_20171222,Decoder 2,2,,,3,2,False,,"[24, 24, 24]","[192, 192, 192]","[8.0, 8.0, 8.0]",,0.5,,,,,,,,,,,,,,,,,,,,,,,,,,,,,3875,6014,0.23719165085388993,,,,,,,,,,,,,,
independent_vs_final,HCC_10147777_20171222,Decoder 3,3,,,2,3,False,,"[48, 48, 48]","[192, 192, 192]","[4.0, 4.0, 4.0]",,0.5,,,,,,,,,,,,,,,,,,,,,,,,,,,,,3114,9933,0.19061027116361634,,,,,,,,,,,,,,
independent_vs_final,HCC_10147777_20171222,Decoder 4,4,,,1,4,False,,"[96, 96, 96]","[192, 192, 192]","[2.0, 2.0, 2.0]",,0.5,,,,,,,,,,,,,,,,,,,,,,,,,,,,,4102,11326,0.25108649078778233,,,,,,,,,,,,,,
independent_vs_final,HCC_10147777_20171222,Decoder 5,5,,,0,5,True,,"[192, 192, 192]","[192, 192, 192]","[1.0, 1.0, 1.0]",,0.5,,,,,,,,,,,,,,,,,,,,,,,,,,,,,0,0,0.0,,,,,,,,,,,,,,
ensemble,HCC_10147777_20171222,d2_d5_intersection,,,,,,,,[],[],[],,0.5,249382,,184290,,,0.7556494309063071,0.6072641019939219,0.889098703130935,0.6570321835577547,,,,,,,,,,,,,,163852,269820,0.0766383558511734,184290,328706,259595,,,,,,,,,,,,,,,,,
ensemble,HCC_10147777_20171222,d2_d5_union,,,,,,,,[],[],[],,0.5,249382,,328706,,,0.8286731431892722,0.7074653316202206,0.7286845996118112,0.9604662726259313,,,,,,,,,,,,,,239523,338565,0.0766383558511734,184290,328706,259595,,,,,,,,,,,,,,,,,
ensemble,HCC_10147777_20171222,d2_d5_majority_vote,,,,,,,,[],[],[],,0.5,249382,,259595,,,0.8269882529073023,0.7050127630494644,0.8107205454650513,0.843922175618128,,,,,,,,,,,,,,210459,298518,0.0766383558511734,184290,328706,259595,,,,,,,,,,,,,,,,,
ensemble,HCC_10147777_20171222,d2_d5_average_probability,,,,,,,,[],[],[],,0.5,249382,,274710,,,0.841802584279096,0.7268213284305488,0.8029958865712934,0.8845506091057093,,,,,,,,,,,,,,220591,303501,0.0766383558511734,184290,328706,259595,,,,,,,,,,,,,,,,,
layer,HCC_PA0,Decoder 1,1,4,0,4,1,False,intermediate_segmentation_conv,"[12, 12, 12]","[192, 192, 192]","[16.0, 16.0, 16.0]",liver,0.5,1401552,1544120.2946807826,9411143,10368460.750969628,6.714801163281847,0.07059109685420702,0.03658690324228949,0.04055192870834074,0.272298138064089,20,210.0,231.36156338328107,0.35,2.348280118578583e-05,100,,,,,,,,381640,10431055,,,,,,,,,,,,,,,,,,,,,
layer,HCC_PA0,Decoder 2,2,3,1,3,2,False,intermediate_segmentation_conv,"[24, 24, 24]","[192, 192, 192]","[8.0, 8.0, 8.0]",liver,0.5,1401552,1544120.2946807826,1550788,1708536.8388382462,1.1064791031656336,0.8976676128088228,0.8143347897961567,0.8544752732159393,0.9454590339851822,5,2015.0,2219.9692867491017,0.0,0.0,100,,,,,,,,1325110,1627230,,,,,,,,,,,,,,,,,,,,,
layer,HCC_PA0,Decoder 3,3,2,2,2,3,False,intermediate_segmentation_conv,"[48, 48, 48]","[192, 192, 192]","[4.0, 4.0, 4.0]",liver,0.5,1401552,1544120.2946807826,1628326,1793962.1383697358,1.161802059431259,0.8907078106775256,0.8029514849658734,0.8286841824057345,0.9627669897370914,9,36.0,39.661982294276754,0.6666666666666666,8.413548638294788e-05,100,,,,,,,,1349368,1680510,,,,,,,,,,,,,,,,,,,,,
layer,HCC_PA0,Decoder 4,4,1,3,1,4,False,intermediate_segmentation_conv,"[96, 96, 96]","[192, 192, 192]","[2.0, 2.0, 2.0]",liver,0.5,1401552,1544120.2946807826,1660799,1829738.3481209038,1.184971374590454,0.8875004857379184,0.7977535939209783,0.8182320678179599,0.9695815781362376,5,5947.0,6551.93913066844,0.4,1.685935504537274e-05,100,,,,,,,,1358919,1703432,,,,,,,,,,,,,,,,,,,,,
layer,HCC_PA0,Decoder 5,5,0,4,0,5,True,final_mask_einsum,"[192, 192, 192]","[192, 192, 192]","[1.0, 1.0, 1.0]",liver,0.5,1401552,1544120.2946807826,1665945,1835407.8081455247,1.1886430185965273,0.8927187214853022,0.8062257881599797,0.8218794738121606,0.9769212986746122,28,2.5,2.7543043259914413,0.8928571428571429,0.0001152499032080891,100,,,,,,,,1369206,1698291,,,,,,,,,,,,,,,,,,,,,
decoder1_extra,HCC_PA0,Decoder 1 extra R1,1,4,0,4,1,False,,"[12, 12, 12]","[192, 192, 192]","[16.0, 16.0, 16.0]",liver,0.5,1401552,,,,,,,,,,,,,,,,,,,,,,,,,,,,,,,8988178,9902471.019272441,8314,8979864,0.0009249928072185486,0.18843133617757993,6095,8973928,0.2283127149820046,0.9812700492025983,0.12918515253850096,-0.6644060065032976,0.004348750527986112,-0.6926943212736597
pairwise,HCC_PA0,,,,,,,,,[],[],[],,0.5,,,,,,,,,,,,,,,,Decoder 2,Decoder 3,0.9517614027052821,0.6300876036902086,0.77307207571398,0.5361446502573657,0.6980392766625722,195060,309576,,,,,,,,,,,,,,,,,,,,,
pairwise,HCC_PA0,,,,,,,,,[],[],[],,0.5,,,,,,,,,,,,,,,,Decoder 2,Decoder 4,0.942081282555945,0.5794393082966085,0.7337278555154125,0.44673535343717347,0.6175771572538317,193542,334016,,,,,,,,,,,,,,,,,,,,,
pairwise,HCC_PA0,,,,,,,,,[],[],[],,0.5,,,,,,,,,,,,,,,,Decoder 2,Decoder 5,0.935698424457361,0.5459600383518187,0.7063054992467703,0.3414222123577356,0.5090451152700666,184493,337924,,,,,,,,,,,,,,,,,,,,,
pairwise,HCC_PA0,,,,,,,,,[],[],[],,0.5,,,,,,,,,,,,,,,,Decoder 3,Decoder 4,0.9745412533728576,0.7866331182213582,0.8805759953722037,0.7367659449756383,0.8484343524895325,255736,325102,,,,,,,,,,,,,,,,,,,,,
pairwise,HCC_PA0,,,,,,,,,[],[],[],,0.5,,,,,,,,,,,,,,,,Decoder 3,Decoder 5,0.965026253152822,0.7270409158134414,0.8419498451442339,0.5545175349872189,0.7134271856145747,242354,333343,,,,,,,,,,,,,,,,,,,,,
pairwise,HCC_PA0,,,,,,,,,[],[],[],,0.5,,,,,,,,,,,,,,,,Decoder 4,Decoder 5,0.9810409216940047,0.8512004898443878,0.9196199920149544,0.6674227767029155,0.8005441523626615,275251,323368,,,,,,,,,,,,,,,,,,,,,
independent_vs_final,HCC_PA0,Decoder 2,2,,,3,2,False,,"[24, 24, 24]","[192, 192, 192]","[8.0, 8.0, 8.0]",,0.5,,,,,,,,,,,,,,,,,,,,,,,,,,,,,4657,41185,0.14397452544364064,,,,,,,,,,,,,,
independent_vs_final,HCC_PA0,Decoder 3,3,,,2,3,False,,"[48, 48, 48]","[192, 192, 192]","[4.0, 4.0, 4.0]",,0.5,,,,,,,,,,,,,,,,,,,,,,,,,,,,,2193,36604,0.06779818215544425,,,,,,,,,,,,,,
independent_vs_final,HCC_PA0,Decoder 4,4,,,1,4,False,,"[96, 96, 96]","[192, 192, 192]","[2.0, 2.0, 2.0]",,0.5,,,,,,,,,,,,,,,,,,,,,,,,,,,,,2334,26629,0.07215729920237433,,,,,,,,,,,,,,
independent_vs_final,HCC_PA0,Decoder 5,5,,,0,5,True,,"[192, 192, 192]","[192, 192, 192]","[1.0, 1.0, 1.0]",,0.5,,,,,,,,,,,,,,,,,,,,,,,,,,,,,0,0,0.0,,,,,,,,,,,,,,
ensemble,HCC_PA0,d2_d5_intersection,,,,,,,,[],[],[],,0.5,1401552,,1492066,,,0.9092658395130249,0.8336273607742046,0.8816861988678785,0.9386266082171764,,,,,,,,,,,,,,1315534,1578084,0.06808076798915863,1492066,1739213,1603895,,,,,,,,,,,,,,,,,
ensemble,HCC_PA0,d2_d5_union,,,,,,,,[],[],[],,0.5,1401552,,1739213,,,0.8756325290176119,0.7787778921179122,0.7906323147308582,0.9811109398723701,,,,,,,,,,,,,,1375078,1765687,0.06808076798915863,1492066,1739213,1603895,,,,,,,,,,,,,,,,,
ensemble,HCC_PA0,d2_d5_majority_vote,,,,,,,,[],[],[],,0.5,1401552,,1603895,,,0.8981312929491021,0.8150982845795759,0.8414784010175229,0.9629632007945478,,,,,,,,,,,,,,1349643,1655804,0.06808076798915863,1492066,1739213,1603895,,,,,,,,,,,,,,,,,
ensemble,HCC_PA0,d2_d5_average_probability,,,,,,,,[],[],[],,0.5,1401552,,1630298,,,0.8950594521496776,0.8100521370955465,0.832266861641246,0.968100363026131,,,,,,,,,,,,,,1356843,1675007,0.06808076798915863,1492066,1739213,1603895,,,,,,,,,,,,,,,,,
layer,HEM_PA101,Decoder 1,1,4,0,4,1,False,intermediate_segmentation_conv,"[12, 12, 12]","[192, 192, 192]","[16.0, 16.0, 16.0]",liver,0.5,1019798,1119671.131544834,4816496,5288195.825448928,4.722990239243458,0.10295163334814868,0.05426937718506915,0.06237480525261518,0.2945955963828131,39,461.0,506.1476798759837,0.358974358974359,0.00010900040195195843,100,,,,,,,,300428,5535866,,,,,,,,,,,,,,,,,,,,,
layer,HEM_PA101,Decoder 2,2,3,1,3,2,False,intermediate_segmentation_conv,"[24, 24, 24]","[192, 192, 192]","[8.0, 8.0, 8.0]",liver,0.5,1019798,1119671.131544834,716128,786261.4440221875,0.7022253426659005,0.6608588154103343,0.4934945045490719,0.8009755239286831,0.5624653117578187,5,329.0,361.2203615600838,0.4,2.513517136601278e-05,100,,,,,,,,573601,1162325,,,,,,,,,,,,,,,,,,,,,
layer,HEM_PA101,Decoder 3,3,2,2,2,3,False,intermediate_segmentation_conv,"[48, 48, 48]","[192, 192, 192]","[4.0, 4.0, 4.0]",liver,0.5,1019798,1119671.131544834,838232,920323.6052013136,0.82195885851904,0.7220400101182435,0.5649942219122607,0.8002390746237319,0.6577635963200555,8,434.0,476.5034556750042,0.25,1.7894807165557983e-05,100,,,,,,,,670786,1187244,,,,,,,,,,,,,,,,,,,,,
layer,HEM_PA101,Decoder 4,4,1,3,1,4,False,intermediate_segmentation_conv,"[96, 96, 96]","[192, 192, 192]","[2.0, 2.0, 2.0]",liver,0.5,1019798,1119671.131544834,827066,908064.0715928641,0.8110096313191436,0.7638862417590033,0.6179740632011262,0.8528908212887484,0.6917026705288695,27,26.0,28.546289971313616,0.6666666666666666,0.0004002098986054317,100,,,,,,,,705397,1141467,,,,,,,,,,,,,,,,,,,,,
layer,HEM_PA101,Decoder 5,5,0,4,0,5,True,final_mask_einsum,"[192, 192, 192]","[192, 192, 192]","[1.0, 1.0, 1.0]",liver,0.5,1019798,1119671.131544834,874916,960600.2244823778,0.8579306882343366,0.798837185981631,0.6650532106544339,0.8649790379876469,0.7420920613690162,47,4.0,4.391736918663633,0.7872340425531915,0.0003486048946413141,100,,,,,,,,756784,1137930,,,,,,,,,,,,,,,,,,,,,
decoder1_extra,HEM_PA101,Decoder 1 extra R1,1,4,0,4,1,False,,"[12, 12, 12]","[192, 192, 192]","[16.0, 16.0, 16.0]",liver,0.5,1019798,,,,,,,,,,,,,,,,,,,,,,,,,,,,,,,4568937,5016392.325487066,76975,4491962,0.01684746364416931,0.22772932239348476,59896,4486224,0.25359448791880057,0.8008252614733506,0.150650170926738,-0.5452426980628304,0.05873320010433447,-0.7143288670609089
pairwise,HEM_PA101,,,,,,,,,[],[],[],,0.5,,,,,,,,,,,,,,,,Decoder 2,Decoder 3,0.8478949535500142,0.5210338042406191,0.685104831711149,0.702755597809911,0.8254333137577669,106182,203791,,,,,,,,,,,,,,,,,,,,,
pairwise,HEM_PA101,,,,,,,,,[],[],[],,0.5,,,,,,,,,,,,,,,,Decoder 2,Decoder 4,0.8174409698326977,0.3951091232646681,0.5664203848657815,0.6396226659136081,0.780207152792934,74823,189373,,,,,,,,,,,,,,,,,,,,,
pairwise,HEM_PA101,,,,,,,,,[],[],[],,0.5,,,,,,,,,,,,,,,,Decoder 2,Decoder 5,0.7829022955996189,0.31473317865429234,0.47877878761140036,0.5438405158245552,0.7045293995722006,62399,198260,,,,,,,,,,,,,,,,,,,,,
pairwise,HEM_PA101,,,,,,,,,[],[],[],,0.5,,,,,,,,,,,,,,,,Decoder 3,Decoder 4,0.9028498202724077,0.5475425806382546,0.7076284523459523,0.7913910145976335,0.8835491616835968,102293,186822,,,,,,,,,,,,,,,,,,,,,
pairwise,HEM_PA101,,,,,,,,,[],[],[],,0.5,,,,,,,,,,,,,,,,Decoder 3,Decoder 5,0.8645370977872314,0.428854476771821,0.6002773322875011,0.6769167961290075,0.8073349825007434,85713,199865,,,,,,,,,,,,,,,,,,,,,
pairwise,HEM_PA101,,,,,,,,,[],[],[],,0.5,,,,,,,,,,,,,,,,Decoder 4,Decoder 5,0.9234327977616684,0.618505419743254,0.7642920588321149,0.7733658063168757,0.8722011031926777,91639,148162,,,,,,,,,,,,,,,,,,,,,
independent_vs_final,HEM_PA101,Decoder 2,2,,,3,2,False,,"[24, 24, 24]","[192, 192, 192]","[8.0, 8.0, 8.0]",,0.5,,,,,,,,,,,,,,,,,,,,,,,,,,,,,13184,80128,0.05012660922992693,,,,,,,,,,,,,,
independent_vs_final,HEM_PA101,Decoder 3,3,,,2,3,False,,"[48, 48, 48]","[192, 192, 192]","[4.0, 4.0, 4.0]",,0.5,,,,,,,,,,,,,,,,,,,,,,,,,,,,,15959,81733,0.060677378390503925,,,,,,,,,,,,,,
independent_vs_final,HEM_PA101,Decoder 4,4,,,1,4,False,,"[96, 96, 96]","[192, 192, 192]","[2.0, 2.0, 2.0]",,0.5,,,,,,,,,,,,,,,,,,,,,,,,,,,,,11203,30030,0.04259469077691682,,,,,,,,,,,,,,
independent_vs_final,HEM_PA101,Decoder 5,5,,,0,5,True,,"[192, 192, 192]","[192, 192, 192]","[1.0, 1.0, 1.0]",,0.5,,,,,,,,,,,,,,,,,,,,,,,,,,,,,0,0,0.0,,,,,,,,,,,,,,
ensemble,HEM_PA101,d2_d5_intersection,,,,,,,,[],[],[],,0.5,1019798,,597716,,,0.6688869462644528,0.5025019808703196,0.9050569166627629,0.5304648567657516,,,,,,,,,,,,,,540967,1076547,0.056354206055402756,597716,1019056,757930,,,,,,,,,,,,,,,,,
ensemble,HEM_PA101,d2_d5_union,,,,,,,,[],[],[],,0.5,1019798,,1019056,,,0.7660685855877861,0.6208356288203463,0.7663474823758459,0.7657898917236551,,,,,,,,,,,,,,780951,1257903,0.056354206055402756,597716,1019056,757930,,,,,,,,,,,,,,,,,
ensemble,HEM_PA101,d2_d5_majority_vote,,,,,,,,[],[],[],,0.5,1019798,,757930,,,0.7425747920941786,0.5905518574189392,0.8708561476653517,0.6472340600785645,,,,,,,,,,,,,,660048,1117680,0.056354206055402756,597716,1019056,757930,,,,,,,,,,,,,,,,,
ensemble,HEM_PA101,d2_d5_average_probability,,,,,,,,[],[],[],,0.5,1019798,,812633,,,0.7523655733831178,0.6030336750351237,0.848266068446642,0.6759466090343381,,,,,,,,,,,,,,689329,1143102,0.056354206055402756,597716,1019056,757930,,,,,,,,,,,,,,,,,
layer,HEM_PA107,Decoder 1,1,4,0,4,1,False,intermediate_segmentation_conv,"[12, 12, 12]","[192, 192, 192]","[16.0, 16.0, 16.0]",liver,0.5,820615,901086.7374376747,4350221,4776815.495723157,5.301171682213949,0.12040760913709118,0.06406048977555863,0.07156050232850239,0.37935450850886226,43,466.0,511.6972266482533,0.3953488372093023,0.00011907441024260606,100,,,,,,,,311304,4859532,,,,,,,,,,,,,,,,,,,,,
layer,HEM_PA107,Decoder 2,2,3,1,3,2,False,intermediate_segmentation_conv,"[24, 24, 24]","[192, 192, 192]","[8.0, 8.0, 8.0]",liver,0.5,820615,901086.7374376747,296619,325706.26538879453,0.3614593932599331,0.5031873358669715,0.3361725538034671,0.9476432730202718,0.3425345624927646,4,1262.5,1386.30418163824,0.0,0.0,100,,,,,,,,281089,836145,,,,,,,,,,,,,,,,,,,,,
layer,HEM_PA107,Decoder 3,3,2,2,2,3,False,intermediate_segmentation_conv,"[48, 48, 48]","[192, 192, 192]","[4.0, 4.0, 4.0]",liver,0.5,820615,901086.7374376747,375797,412648.6752848362,0.4579455652163317,0.5606881241578988,0.38955290619682814,0.8925217604185238,0.40872638204273626,4,7795.0,8559.398887817886,0.25,1.5966066786057366e-05,100,,,,,,,,335407,861005,,,,,,,,,,,,,,,,,,,,,
layer,HEM_PA107,Decoder 4,4,1,3,1,4,False,intermediate_segmentation_conv,"[96, 96, 96]","[192, 192, 192]","[2.0, 2.0, 2.0]",liver,0.5,820615,901086.7374376747,413437,453979.755995223,0.503813603212225,0.605237056461154,0.4339354291457754,0.9032742594397696,0.4550818593372044,7,11.0,12.078689899422288,0.5714285714285714,4.111871941795243e-05,100,,,,,,,,373447,860605,,,,,,,,,,,,,,,,,,,,,
layer,HEM_PA107,Decoder 5,5,0,4,0,5,True,final_mask_einsum,"[192, 192, 192]","[192, 192, 192]","[1.0, 1.0, 1.0]",liver,0.5,820615,901086.7374376747,418879,459955.41330728267,0.5104452148693358,0.6245209738812774,0.4540388926492963,0.9240019194087076,0.47165235829225644,31,1.0,1.098062718129299,0.9032258064516129,0.00030796482993895614,100,,,,,,,,387045,852449,,,,,,,,,,,,,,,,,,,,,
decoder1_extra,HEM_PA107,Decoder 1 extra R1,1,4,0,4,1,False,,"[12, 12, 12]","[192, 192, 192]","[16.0, 16.0, 16.0]",liver,0.5,820615,,,,,,,,,,,,,,,,,,,,,,,,,,,,,,,4187360,4597983.903385902,156960,4030400,0.037484238279011116,0.3219595451714833,139592,4028095,0.19479170384716177,0.6417589247089074,0.11482163343991998,-0.4297292700341156,0.17010656641665095,-0.8091802859687875
pairwise,HEM_PA107,,,,,,,,,[],[],[],,0.5,,,,,,,,,,,,,,,,Decoder 2,Decoder 3,0.8103971351068386,0.18284118791775955,0.30915593705293276,0.8404086228912871,0.9132848134247522,8644,47276,,,,,,,,,,,,,,,,,,,,,
pairwise,HEM_PA107,,,,,,,,,[],[],[],,0.5,,,,,,,,,,,,,,,,Decoder 2,Decoder 4,0.7852986243338553,0.18478052111563986,0.3119236311239193,0.7924540983993708,0.8842113157676037,8659,46861,,,,,,,,,,,,,,,,,,,,,
pairwise,HEM_PA107,,,,,,,,,[],[],[],,0.5,,,,,,,,,,,,,,,,Decoder 2,Decoder 5,0.7736821067284605,0.1553604098060739,0.2689384342538637,0.7686223191566703,0.8691763197053528,6369,40995,,,,,,,,,,,,,,,,,,,,,
pairwise,HEM_PA107,,,,,,,,,[],[],[],,0.5,,,,,,,,,,,,,,,,Decoder 3,Decoder 4,0.9058276759490848,0.6177920901680588,0.7637472007962179,0.8879549665387614,0.9406526980531459,30695,49685,,,,,,,,,,,,,,,,,,,,,
pairwise,HEM_PA107,,,,,,,,,[],[],[],,0.5,,,,,,,,,,,,,,,,Decoder 3,Decoder 5,0.8659352994176243,0.46022118436748144,0.6303444838280904,0.8400990168412746,0.9131019680488649,22763,49461,,,,,,,,,,,,,,,,,,,,,
pairwise,HEM_PA107,,,,,,,,,[],[],[],,0.5,,,,,,,,,,,,,,,,Decoder 4,Decoder 5,0.9271454591765628,0.6225545565445263,0.7673758075295166,0.9049821124987563,0.9501213754828337,27558,44266,,,,,,,,,,,,,,,,,,,,,
independent_vs_final,HEM_PA107,Decoder 2,2,,,3,2,False,,"[24, 24, 24]","[192, 192, 192]","[8.0, 8.0, 8.0]",,0.5,,,,,,,,,,,,,,,,,,,,,,,,,,,,,10674,9161,0.02461886200613511,,,,,,,,,,,,,,
independent_vs_final,HEM_PA107,Decoder 3,3,,,2,3,False,,"[48, 48, 48]","[192, 192, 192]","[4.0, 4.0, 4.0]",,0.5,,,,,,,,,,,,,,,,,,,,,,,,,,,,,14101,17627,0.03252300666559033,,,,,,,,,,,,,,
independent_vs_final,HEM_PA107,Decoder 4,4,,,1,4,False,,"[96, 96, 96]","[192, 192, 192]","[2.0, 2.0, 2.0]",,0.5,,,,,,,,,,,,,,,,,,,,,,,,,,,,,15166,12432,0.03497935742786632,,,,,,,,,,,,,,
independent_vs_final,HEM_PA107,Decoder 5,5,,,0,5,True,,"[192, 192, 192]","[192, 192, 192]","[1.0, 1.0, 1.0]",,0.5,,,,,,,,,,,,,,,,,,,,,,,,,,,,,0,0,0.0,,,,,,,,,,,,,,
ensemble,HEM_PA107,d2_d5_intersection,,,,,,,,[],[],[],,0.5,820615,,263359,,,0.47522542053591693,0.3116692965218149,0.9780034097942353,0.3138694759418241,,,,,,,,,,,,,,257566,826408,0.029774578288197517,263359,471571,355533,,,,,,,,,,,,,,,,,
ensemble,HEM_PA107,d2_d5_union,,,,,,,,[],[],[],,0.5,820615,,471571,,,0.6384080929525625,0.4688688950398709,0.8746742272107487,0.5026364373061667,,,,,,,,,,,,,,412471,879715,0.029774578288197517,263359,471571,355533,,,,,,,,,,,,,,,,,
ensemble,HEM_PA107,d2_d5_majority_vote,,,,,,,,[],[],[],,0.5,820615,,355533,,,0.5629818696286522,0.3917708884321236,0.9312075109764776,0.40344741443917065,,,,,,,,,,,,,,331075,845073,0.029774578288197517,263359,471571,355533,,,,,,,,,,,,,,,,,
ensemble,HEM_PA107,d2_d5_average_probability,,,,,,,,[],[],[],,0.5,820615,,378092,,,0.5831299892300621,0.41156209447413233,0.924380838526073,0.42590130572802104,,,,,,,,,,,,,,349501,849206,0.029774578288197517,263359,471571,355533,,,,,,,,,,,,,,,,,
layer,HEM_PA13,Decoder 1,1,4,0,4,1,False,intermediate_segmentation_conv,"[12, 12, 12]","[192, 192, 192]","[16.0, 16.0, 16.0]",liver,0.5,434860,1724682.9708399018,2810183,11145368.084081745,6.462270615830382,0.09000312168436597,0.04712213025381323,0.0519652990570365,0.3358138251391252,17,272.0,1078.7696455605328,0.29411764705882354,4.91071222052087e-05,100,,,,,,,,146032,3099011,,,,,,,,,,,,,,,,,,,,,
layer,HEM_PA13,Decoder 2,2,3,1,3,2,False,intermediate_segmentation_conv,"[24, 24, 24]","[192, 192, 192]","[8.0, 8.0, 8.0]",liver,0.5,434860,1724682.9708399018,343599,1362735.9244299761,0.7901370556041025,0.742253606162945,0.590145684217407,0.840826079237716,0.6643678425240307,4,975.5,3868.896283986396,0.5,0.0001746221612984904,100,,,,,,,,288907,489552,,,,,,,,,,,,,,,,,,,,,
layer,HEM_PA13,Decoder 3,3,2,2,2,3,False,intermediate_segmentation_conv,"[48, 48, 48]","[192, 192, 192]","[4.0, 4.0, 4.0]",liver,0.5,434860,1724682.9708399018,395977,1570470.4703680996,0.9105850158671757,0.826029654432819,0.7036205450604791,0.8665856855322405,0.7890999402106426,1,395977.0,1570470.4703680996,0.0,0.0,100,,,,,,,,343148,487689,,,,,,,,,,,,,,,,,,,,,
layer,HEM_PA13,Decoder 4,4,1,3,1,4,False,intermediate_segmentation_conv,"[96, 96, 96]","[192, 192, 192]","[2.0, 2.0, 2.0]",liver,0.5,434860,1724682.9708399018,421682,1672418.1679384434,0.9696959941130479,0.8537911742798369,0.7448827431104448,0.8671321042871168,0.8408545278940348,6,3.0,11.898194620152935,0.8333333333333334,0.000161258958172272,100,,,,,,,,365654,490888,,,,,,,,,,,,,,,,,,,,,
layer,HEM_PA13,Decoder 5,5,0,4,0,5,True,final_mask_einsum,"[192, 192, 192]","[192, 192, 192]","[1.0, 1.0, 1.0]",liver,0.5,434860,1724682.9708399018,433196,1718083.4388905903,0.9961734811203605,0.8814638686904992,0.7880513145860969,0.8831568158524086,0.8797773996228672,9,3.0,11.898194620152935,0.7777777777777778,3.924320630846084e-05,100,,,,,,,,382580,485476,,,,,,,,,,,,,,,,,,,,,
decoder1_extra,HEM_PA13,Decoder 1 extra R1,1,4,0,4,1,False,,"[12, 12, 12]","[192, 192, 192]","[16.0, 16.0, 16.0]",liver,0.5,434860,,,,,,,,,,,,,,,,,,,,,,,,,,,,,,,2667952,10581270.711075421,30413,2637539,0.011399380498599674,0.3821729150726855,19980,2630286,0.22883636006027874,0.9257232212666145,0.13055455199383031,-0.6526275086302205,0.04594582164374739,-0.7526022638585783
pairwise,HEM_PA13,,,,,,,,,[],[],[],,0.5,,,,,,,,,,,,,,,,Decoder 2,Decoder 3,0.8671292740705485,0.545174965869081,0.7056481989564829,0.5621261716028447,0.7196936864914901,37936,69585,,,,,,,,,,,,,,,,,,,,,
pairwise,HEM_PA13,,,,,,,,,[],[],[],,0.5,,,,,,,,,,,,,,,,Decoder 2,Decoder 4,0.8361137934954611,0.46555832053793617,0.6353323699421966,0.43342815837336196,0.6047434687835508,35172,75548,,,,,,,,,,,,,,,,,,,,,
pairwise,HEM_PA13,,,,,,,,,[],[],[],,0.5,,,,,,,,,,,,,,,,Decoder 2,Decoder 5,0.8072297066793684,0.3544959934145369,0.5234360162570745,0.33136102622653546,0.49777786745900027,27561,77747,,,,,,,,,,,,,,,,,,,,,
pairwise,HEM_PA13,,,,,,,,,[],[],[],,0.5,,,,,,,,,,,,,,,,Decoder 3,Decoder 4,0.9309822309789288,0.6050633284675838,0.7539432466446806,0.6888427106619229,0.8157570936750395,41036,67821,,,,,,,,,,,,,,,,,,,,,
pairwise,HEM_PA13,,,,,,,,,[],[],[],,0.5,,,,,,,,,,,,,,,,Decoder 3,Decoder 5,0.9040260597004485,0.49202388507471295,0.6595388853980376,0.5289670404349304,0.691927329296072,34113,69332,,,,,,,,,,,,,,,,,,,,,
pairwise,HEM_PA13,,,,,,,,,[],[],[],,0.5,,,,,,,,,,,,,,,,Decoder 4,Decoder 5,0.9459361452745304,0.6743178321348949,0.8054836652788717,0.653320631464344,0.7903132871277349,42950,63694,,,,,,,,,,,,,,,,,,,,,
independent_vs_final,HEM_PA13,Decoder 2,2,,,3,2,False,,"[24, 24, 24]","[192, 192, 192]","[8.0, 8.0, 8.0]",,0.5,,,,,,,,,,,,,,,,,,,,,,,,,,,,,2942,27131,0.05627390971690895,,,,,,,,,,,,,,
independent_vs_final,HEM_PA13,Decoder 3,3,,,2,3,False,,"[48, 48, 48]","[192, 192, 192]","[4.0, 4.0, 4.0]",,0.5,,,,,,,,,,,,,,,,,,,,,,,,,,,,,2464,18716,0.04713083397092578,,,,,,,,,,,,,,
independent_vs_final,HEM_PA13,Decoder 4,4,,,1,4,False,,"[96, 96, 96]","[192, 192, 192]","[2.0, 2.0, 2.0]",,0.5,,,,,,,,,,,,,,,,,,,,,,,,,,,,,4274,13078,0.08175210405508798,,,,,,,,,,,,,,
independent_vs_final,HEM_PA13,Decoder 5,5,,,0,5,True,,"[192, 192, 192]","[192, 192, 192]","[1.0, 1.0, 1.0]",,0.5,,,,,,,,,,,,,,,,,,,,,,,,,,,,,0,0,0.0,,,,,,,,,,,,,,
ensemble,HEM_PA13,d2_d5_intersection,,,,,,,,[],[],[],,0.5,434860,,306055,,,0.7581409473421378,0.610488723111969,0.9176749277090719,0.6458607367888516,,,,,,,,,,,,,,280859,460056,0.06362427771091461,306055,476210,383497,,,,,,,,,,,,,,,,,
ensemble,HEM_PA13,d2_d5_union,,,,,,,,[],[],[],,0.5,434860,,476210,,,0.854428309570066,0.7458531986325521,0.8173326893597362,0.8950512808720048,,,,,,,,,,,,,,389222,521848,0.06362427771091461,306055,476210,383497,,,,,,,,,,,,,,,,,
ensemble,HEM_PA13,d2_d5_majority_vote,,,,,,,,[],[],[],,0.5,434860,,383497,,,0.8365493299379122,0.7190243226154741,0.8925702156731343,0.7871452881387113,,,,,,,,,,,,,,342298,476059,0.06362427771091461,306055,476210,383497,,,,,,,,,,,,,,,,,
ensemble,HEM_PA13,d2_d5_average_probability,,,,,,,,[],[],[],,0.5,434860,,404391,,,0.8463665816305254,0.7336529682251794,0.8782514942221761,0.816715724601021,,,,,,,,,,,,,,355157,484094,0.06362427771091461,306055,476210,383497,,,,,,,,,,,,,,,,,
layer,HEM_PA24,Decoder 1,1,4,0,4,1,False,intermediate_segmentation_conv,"[12, 12, 12]","[192, 192, 192]","[16.0, 16.0, 16.0]",liver,0.5,299855,1594443.1474287994,2300353,12231852.32034577,7.671551249770722,0.07153889227323353,0.03709636247606892,0.04043205542801474,0.31017658534958564,9,363.0,1930.209142807871,0.0,0.0,100,,,,,,,,93008,2507200,,,,,,,,,,,,,,,,,,,,,
layer,HEM_PA24,Decoder 2,2,3,1,3,2,False,intermediate_segmentation_conv,"[24, 24, 24]","[192, 192, 192]","[8.0, 8.0, 8.0]",liver,0.5,299855,1594443.1474287994,231723,1232159.375203494,0.7727835120308149,0.7770524739549041,0.6353931443549529,0.8912883054336428,0.688772906905004,1,231723.0,1232159.375203494,0.0,0.0,100,,,,,,,,206532,325046,,,,,,,,,,,,,,,,,,,,,
layer,HEM_PA24,Decoder 3,3,2,2,2,3,False,intermediate_segmentation_conv,"[48, 48, 48]","[192, 192, 192]","[4.0, 4.0, 4.0]",liver,0.5,299855,1594443.1474287994,289351,1538589.3820402212,0.9649697353720965,0.8512913989334799,0.7410855965935115,0.8667431596918621,0.836380917443431,2,144675.5,769294.6910201106,0.5,0.00033868899710040747,100,,,,,,,,250793,338413,,,,,,,,,,,,,,,,,,,,,
layer,HEM_PA24,Decoder 4,4,1,3,1,4,False,intermediate_segmentation_conv,"[96, 96, 96]","[192, 192, 192]","[2.0, 2.0, 2.0]",liver,0.5,299855,1594443.1474287994,304387,1618541.516120825,1.015113971753014,0.8737790487917093,0.7758504650923572,0.867274226560267,0.880382184722616,2,152193.5,809270.7580604125,0.0,0.0,100,,,,,,,,263987,340255,,,,,,,,,,,,,,,,,,,,,
layer,HEM_PA24,Decoder 5,5,0,4,0,5,True,final_mask_einsum,"[192, 192, 192]","[192, 192, 192]","[1.0, 1.0, 1.0]",liver,0.5,299855,1594443.1474287994,313649,1667791.0948554985,1.0460022344132998,0.9136924942624661,0.8410993106801069,0.8936008085471339,0.9347084424138333,2,156824.5,833895.5474277493,0.0,0.0,100,,,,,,,,280277,333227,,,,,,,,,,,,,,,,,,,,,
decoder1_extra,HEM_PA24,Decoder 1 extra R1,1,4,0,4,1,False,,"[12, 12, 12]","[192, 192, 192]","[16.0, 16.0, 16.0]",liver,0.5,299855,,,,,,,,,,,,,,,,,,,,,,,,,,,,,,,2207135,11736176.739424933,11334,2195801,0.00513516391158674,0.29522933905404025,5780,2193401,0.2034049315867223,0.9539844258058061,0.1138385804053597,-0.7102875626757439,0.019275983391972784,-0.7797622281417742
pairwise,HEM_PA24,,,,,,,,,[],[],[],,0.5,,,,,,,,,,,,,,,,Decoder 2,Decoder 3,0.8568456687533824,0.47871772865393986,0.6474768231658535,0.4640679464900826,0.6339431822172279,20638,43111,,,,,,,,,,,,,,,,,,,,,
pairwise,HEM_PA24,,,,,,,,,[],[],[],,0.5,,,,,,,,,,,,,,,,Decoder 2,Decoder 4,0.8394172837663912,0.45128885938710034,0.6219145919409675,0.35646412784410075,0.5255784071645858,20396,45195,,,,,,,,,,,,,,,,,,,,,
pairwise,HEM_PA24,,,,,,,,,[],[],[],,0.5,,,,,,,,,,,,,,,,Decoder 2,Decoder 5,0.8119778793190703,0.3689340813464236,0.5390092720659803,0.1982318542181845,0.3308739515150442,15783,42780,,,,,,,,,,,,,,,,,,,,,
pairwise,HEM_PA24,,,,,,,,,[],[],[],,0.5,,,,,,,,,,,,,,,,Decoder 3,Decoder 4,0.9418464036325787,0.6623086801827407,0.7968540236581474,0.6424606934962965,0.7823148475214883,31459,47499,,,,,,,,,,,,,,,,,,,,,
pairwise,HEM_PA24,,,,,,,,,[],[],[],,0.5,,,,,,,,,,,,,,,,Decoder 3,Decoder 5,0.9002189054726368,0.4600925625202988,0.6302238287223689,0.34311711182858823,0.5109265734265734,22666,49264,,,,,,,,,,,,,,,,,,,,,
pairwise,HEM_PA24,,,,,,,,,[],[],[],,0.5,,,,,,,,,,,,,,,,Decoder 4,Decoder 5,0.9342077160553754,0.5787198527680883,0.7331507889172043,0.45104812750255163,0.6216859647224326,27043,46729,,,,,,,,,,,,,,,,,,,,,
independent_vs_final,HEM_PA24,Decoder 2,2,,,3,2,False,,"[24, 24, 24]","[192, 192, 192]","[8.0, 8.0, 8.0]",,0.5,,,,,,,,,,,,,,,,,,,,,,,,,,,,,900,9408,0.04596996628869139,,,,,,,,,,,,,,
independent_vs_final,HEM_PA24,Decoder 3,3,,,2,3,False,,"[48, 48, 48]","[192, 192, 192]","[4.0, 4.0, 4.0]",,0.5,,,,,,,,,,,,,,,,,,,,,,,,,,,,,2043,15892,0.10435182347532945,,,,,,,,,,,,,,
independent_vs_final,HEM_PA24,Decoder 4,4,,,1,4,False,,"[96, 96, 96]","[192, 192, 192]","[2.0, 2.0, 2.0]",,0.5,,,,,,,,,,,,,,,,,,,,,,,,,,,,,2343,13357,0.11967514557155992,,,,,,,,,,,,,,
independent_vs_final,HEM_PA24,Decoder 5,5,,,0,5,True,,"[192, 192, 192]","[192, 192, 192]","[1.0, 1.0, 1.0]",,0.5,,,,,,,,,,,,,,,,,,,,,,,,,,,,,0,0,0.0,,,,,,,,,,,,,,
ensemble,HEM_PA24,d2_d5_intersection,,,,,,,,[],[],[],,0.5,299855,,216456,,,0.7808317080209408,0.640462611403244,0.9312562368333518,0.6722449183772157,,,,,,,,,,,,,,201576,314735,0.06277066469192505,216456,339415,276766,,,,,,,,,,,,,,,,,
ensemble,HEM_PA24,d2_d5_union,,,,,,,,[],[],[],,0.5,299855,,339415,,,0.8858447917155505,0.7950820362627519,0.8342206443439447,0.9442797352053492,,,,,,,,,,,,,,283147,356123,0.06277066469192505,216456,339415,276766,,,,,,,,,,,,,,,,,
ensemble,HEM_PA24,d2_d5_majority_vote,,,,,,,,[],[],[],,0.5,299855,,276766,,,0.8664061836110721,0.764300379099646,0.9025458329419076,0.8330493071651298,,,,,,,,,,,,,,249794,326827,0.06277066469192505,216456,339415,276766,,,,,,,,,,,,,,,,,
ensemble,HEM_PA24,d2_d5_average_probability,,,,,,,,[],[],[],,0.5,299855,,290690,,,0.8765089874607355,0.7801655533315649,0.8903264646186659,0.863113838355205,,,,,,,,,,,,,,258809,331736,0.06277066469192505,216456,339415,276766,,,,,,,,,,,,,,,,,
layer,HEM_PA29,Decoder 1,1,4,0,4,1,False,intermediate_segmentation_conv,"[12, 12, 12]","[192, 192, 192]","[16.0, 16.0, 16.0]",liver,0.5,1412055,1550366.824404967,5647735,6200934.791513636,3.999656528959566,0.1567695356377456,0.08505151074094623,0.09798264259920127,0.39189691619660705,40,84.0,92.22786169803388,0.55,0.0001696255224439532,100,,,,,,,,553380,6506410,,,,,,,,,,,,,,,,,,,,,
layer,HEM_PA29,Decoder 2,2,3,1,3,2,False,intermediate_segmentation_conv,"[24, 24, 24]","[192, 192, 192]","[8.0, 8.0, 8.0]",liver,0.5,1412055,1550366.824404967,487847,535631.9719738183,0.34548725085071047,0.42334604626975497,0.2685091711267079,0.8243527171428747,0.2848033539770051,11,1568.0,1721.5867516966325,0.2727272727272727,0.0002931246886831322,100,,,,,,,,402158,1497744,,,,,,,,,,,,,,,,,,,,,
layer,HEM_PA29,Decoder 3,3,2,2,2,3,False,intermediate_segmentation_conv,"[48, 48, 48]","[192, 192, 192]","[4.0, 4.0, 4.0]",liver,0.5,1412055,1550366.824404967,620634,681425.5561559233,0.4395253725952601,0.47873629463238104,0.3146964546273012,0.7839741296802947,0.3445765214527763,10,1324.0,1453.686772478534,0.3,5.3171434371948684e-05,100,,,,,,,,486561,1546128,,,,,,,,,,,,,,,,,,,,,
layer,HEM_PA29,Decoder 4,4,1,3,1,4,False,intermediate_segmentation_conv,"[96, 96, 96]","[192, 192, 192]","[2.0, 2.0, 2.0]",liver,0.5,1412055,1550366.824404967,647742,711188.8046667603,0.45872292509852663,0.49912588473524333,0.3325567945098425,0.7936014647807306,0.3640431852866921,21,11.0,12.077458079504437,0.7142857142857143,0.0002470119275884534,100,,,,,,,,514049,1545748,,,,,,,,,,,,,,,,,,,,,
layer,HEM_PA29,Decoder 5,5,0,4,0,5,True,final_mask_einsum,"[192, 192, 192]","[192, 192, 192]","[1.0, 1.0, 1.0]",liver,0.5,1412055,1550366.824404967,682144,748960.5058350432,0.48308599877483527,0.5214451921713266,0.35267221033022994,0.8004248369845663,0.3866740318188739,50,1.0,1.0979507345004034,0.9,0.0003958108551860018,100,,,,,,,,546005,1548194,,,,,,,,,,,,,,,,,,,,,
decoder1_extra,HEM_PA29,Decoder 1 extra R1,1,4,0,4,1,False,,"[12, 12, 12]","[192, 192, 192]","[16.0, 16.0, 16.0]",liver,0.5,1412055,,,,,,,,,,,,,,,,,,,,,,,,,,,,,,,5404598,5933982.343779411,333166,5071432,0.06164491790138693,0.3608024940823278,312473,5065733,0.2297728776745907,0.6079635708240826,0.14165485491762028,-0.29167231449673586,0.2212895390052087,-0.658769982066946
pairwise,HEM_PA29,,,,,,,,,[],[],[],,0.5,,,,,,,,,,,,,,,,Decoder 2,Decoder 3,0.7840801962325019,0.47620071203063075,0.6451706846497575,0.8460812798437205,0.9166240826789005,70892,148870,,,,,,,,,,,,,,,,,,,,,
pairwise,HEM_PA29,,,,,,,,,[],[],[],,0.5,,,,,,,,,,,,,,,,Decoder 2,Decoder 4,0.7601429742626954,0.41000970505627005,0.5815700467677385,0.8270680291847778,0.9053500099323708,63793,155589,,,,,,,,,,,,,,,,,,,,,
pairwise,HEM_PA29,,,,,,,,,[],[],[],,0.5,,,,,,,,,,,,,,,,Decoder 2,Decoder 5,0.750014316349442,0.3835972730731567,0.5544926699965739,0.8128577378645749,0.8967694716321943,61501,160327,,,,,,,,,,,,,,,,,,,,,
pairwise,HEM_PA29,,,,,,,,,[],[],[],,0.5,,,,,,,,,,,,,,,,Decoder 3,Decoder 4,0.8827019748087318,0.6388151049635841,0.7796060739600995,0.9061666346097559,0.9507737866739786,104376,163390,,,,,,,,,,,,,,,,,,,,,
pairwise,HEM_PA29,,,,,,,,,[],[],[],,0.5,,,,,,,,,,,,,,,,Decoder 3,Decoder 5,0.8510475307381611,0.5651126286584766,0.7221366926709398,0.875457599368547,0.9335935930125077,97565,172647,,,,,,,,,,,,,,,,,,,,,
pairwise,HEM_PA29,,,,,,,,,[],[],[],,0.5,,,,,,,,,,,,,,,,Decoder 4,Decoder 5,0.9173192288662336,0.7327579563843724,0.8457707017699903,0.9254091364530375,0.9612597332510986,114108,155724,,,,,,,,,,,,,,,,,,,,,
independent_vs_final,HEM_PA29,Decoder 2,2,,,3,2,False,,"[24, 24, 24]","[192, 192, 192]","[8.0, 8.0, 8.0]",,0.5,,,,,,,,,,,,,,,,,,,,,,,,,,,,,24904,24188,0.028755845505455804,,,,,,,,,,,,,,
independent_vs_final,HEM_PA29,Decoder 3,3,,,2,3,False,,"[48, 48, 48]","[192, 192, 192]","[4.0, 4.0, 4.0]",,0.5,,,,,,,,,,,,,,,,,,,,,,,,,,,,,29763,36508,0.03436637607528434,,,,,,,,,,,,,,
independent_vs_final,HEM_PA29,Decoder 4,4,,,1,4,False,,"[96, 96, 96]","[192, 192, 192]","[2.0, 2.0, 2.0]",,0.5,,,,,,,,,,,,,,,,,,,,,,,,,,,,,18192,19585,0.021005715605334565,,,,,,,,,,,,,,
independent_vs_final,HEM_PA29,Decoder 5,5,,,0,5,True,,"[192, 192, 192]","[192, 192, 192]","[1.0, 1.0, 1.0]",,0.5,,,,,,,,,,,,,,,,,,,,,,,,,,,,,0,0,0.0,,,,,,,,,,,,,,
ensemble,HEM_PA29,d2_d5_intersection,,,,,,,,[],[],[],,0.5,1412055,,401832,,,0.38130159155449045,0.23556061435846296,0.8606059248641224,0.2449047664573972,,,,,,,,,,,,,,345819,1468068,0.038358695805072784,401832,785919,572944,,,,,,,,,,,,,,,,,
ensemble,HEM_PA29,d2_d5_union,,,,,,,,[],[],[],,0.5,1412055,,785919,,,0.5416342504506423,0.37139808763200177,0.75739230124224,0.4215480275201745,,,,,,,,,,,,,,595249,1602725,0.038358695805072784,401832,785919,572944,,,,,,,,,,,,,,,,,
ensemble,HEM_PA29,d2_d5_majority_vote,,,,,,,,[],[],[],,0.5,1412055,,572944,,,0.47522341321078754,0.31166756974638876,0.8232200703733699,0.3340231081650502,,,,,,,,,,,,,,471659,1513340,0.038358695805072784,401832,785919,572944,,,,,,,,,,,,,,,,,
ensemble,HEM_PA29,d2_d5_average_probability,,,,,,,,[],[],[],,0.5,1412055,,614417,,,0.4899391652092898,0.32444995189693393,0.8079594151854522,0.3515613768585501,,,,,,,,,,,,,,496424,1530048,0.038358695805072784,401832,785919,572944,,,,,,,,,,,,,,,,,
layer,HEM_PA34,Decoder 1,1,4,0,4,1,False,intermediate_segmentation_conv,"[12, 12, 12]","[192, 192, 192]","[16.0, 16.0, 16.0]",liver,0.5,347700,1379000.0258549117,3053317,12109646.885082662,8.781469657750934,0.08673699661013162,0.04533459145786717,0.048307136140793766,0.42420765027322405,10,584.5,2318.1636902852915,0.4,4.454172298519938e-05,100,,,,,,,,147497,3253520,,,,,,,,,,,,,,,,,,,,,
layer,HEM_PA34,Decoder 2,2,3,1,3,2,False,intermediate_segmentation_conv,"[24, 24, 24]","[192, 192, 192]","[8.0, 8.0, 8.0]",liver,0.5,347700,1379000.0258549117,288978,1146104.8877523746,0.8311130284728214,0.8349809479831249,0.7167101229268398,0.9198174255479656,0.7644722461892436,1,288978.0,1146104.8877523746,0.0,0.0,100,,,,,,,,265807,370871,,,,,,,,,,,,,,,,,,,,,
layer,HEM_PA34,Decoder 3,3,2,2,2,3,False,intermediate_segmentation_conv,"[48, 48, 48]","[192, 192, 192]","[4.0, 4.0, 4.0]",liver,0.5,347700,1379000.0258549117,338400,1342115.6420744956,0.9732528041415013,0.895198950590293,0.8102806845346463,0.9075,0.8832269197584124,1,338400.0,1342115.6420744956,0.0,0.0,100,,,,,,,,307098,379002,,,,,,,,,,,,,,,,,,,,,
layer,HEM_PA34,Decoder 4,4,1,3,1,4,False,intermediate_segmentation_conv,"[96, 96, 96]","[192, 192, 192]","[2.0, 2.0, 2.0]",liver,0.5,347700,1379000.0258549117,361992,1435682.9949935898,1.041104400345125,0.912412708611623,0.8389328524121205,0.8944009812371544,0.9311647972389991,1,361992.0,1435682.9949935898,0.0,0.0,100,,,,,,,,323766,385926,,,,,,,,,,,,,,,,,,,,,
layer,HEM_PA34,Decoder 5,5,0,4,0,5,True,final_mask_einsum,"[192, 192, 192]","[192, 192, 192]","[1.0, 1.0, 1.0]",liver,0.5,347700,1379000.0258549117,371146,1471988.333609281,1.0674316939890711,0.9349902482590151,0.8779170770319942,0.9054576905045454,0.9665142364106989,2,185573.0,735994.1668046406,0.5,2.6943574765725616e-06,100,,,,,,,,336057,382789,,,,,,,,,,,,,,,,,,,,,
decoder1_extra,HEM_PA34,Decoder 1 extra R1,1,4,0,4,1,False,,"[12, 12, 12]","[192, 192, 192]","[16.0, 16.0, 16.0]",liver,0.5,347700,,,,,,,,,,,,,,,,,,,,,,,,,,,,,,,2902219,11510382.732345745,11857,2890362,0.004085494581904398,0.5082023533453577,5917,2883846,0.18953231009510868,0.983531780270348,0.10487075842962806,-0.7454579381639064,0.017017543859649154,-0.8005869320749173
pairwise,HEM_PA34,,,,,,,,,[],[],[],,0.5,,,,,,,,,,,,,,,,Decoder 2,Decoder 3,0.8717423945372647,0.328609756097561,0.49466708277495275,0.3964795877651994,0.567827258255439,13473,41000,,,,,,,,,,,,,,,,,,,,,
pairwise,HEM_PA34,,,,,,,,,[],[],[],,0.5,,,,,,,,,,,,,,,,Decoder 2,Decoder 4,0.8510530439190747,0.30083901860248313,0.462530742544424,0.24657808561264635,0.39560792614361173,14199,47198,,,,,,,,,,,,,,,,,,,,,
pairwise,HEM_PA34,,,,,,,,,[],[],[],,0.5,,,,,,,,,,,,,,,,Decoder 2,Decoder 5,0.829980427919603,0.1960091969124651,0.32777205629934775,0.12284071401990325,0.21880345535408827,9548,48712,,,,,,,,,,,,,,,,,,,,,
pairwise,HEM_PA34,,,,,,,,,[],[],[],,0.5,,,,,,,,,,,,,,,,Decoder 3,Decoder 4,0.9463043552753315,0.6009578852840268,0.7507479001265677,0.521824227132313,0.6857877773645717,26099,43429,,,,,,,,,,,,,,,,,,,,,
pairwise,HEM_PA34,,,,,,,,,[],[],[],,0.5,,,,,,,,,,,,,,,,Decoder 3,Decoder 5,0.9150555425581992,0.412364115982726,0.5839345694446536,0.23082903385398262,0.3750789549239162,19384,47007,,,,,,,,,,,,,,,,,,,,,
pairwise,HEM_PA34,,,,,,,,,[],[],[],,0.5,,,,,,,,,,,,,,,,Decoder 4,Decoder 5,0.9470768122781795,0.5505244903138482,0.710113892109391,0.3393946238988028,0.5067880934311494,26031,47284,,,,,,,,,,,,,,,,,,,,,
independent_vs_final,HEM_PA34,Decoder 2,2,,,3,2,False,,"[24, 24, 24]","[192, 192, 192]","[8.0, 8.0, 8.0]",,0.5,,,,,,,,,,,,,,,,,,,,,,,,,,,,,1410,13623,0.12110280855449626,,,,,,,,,,,,,,
independent_vs_final,HEM_PA34,Decoder 3,3,,,2,3,False,,"[48, 48, 48]","[192, 192, 192]","[4.0, 4.0, 4.0]",,0.5,,,,,,,,,,,,,,,,,,,,,,,,,,,,,1845,11918,0.15846431332130895,,,,,,,,,,,,,,
independent_vs_final,HEM_PA34,Decoder 4,4,,,1,4,False,,"[96, 96, 96]","[192, 192, 192]","[2.0, 2.0, 2.0]",,0.5,,,,,,,,,,,,,,,,,,,,,,,,,,,,,2628,12195,0.22571502190157175,,,,,,,,,,,,,,
independent_vs_final,HEM_PA34,Decoder 5,5,,,0,5,True,,"[192, 192, 192]","[192, 192, 192]","[1.0, 1.0, 1.0]",,0.5,,,,,,,,,,,,,,,,,,,,,,,,,,,,,0,0,0.0,,,,,,,,,,,,,,
ensemble,HEM_PA34,d2_d5_intersection,,,,,,,,[],[],[],,0.5,347700,,267613,,,0.840905360361312,0.7254846425857326,0.9667318104875323,0.7440609721023871,,,,,,,,,,,,,,258710,356603,0.05586951971054077,267613,399213,331075,,,,,,,,,,,,,,,,,
ensemble,HEM_PA34,d2_d5_union,,,,,,,,[],[],[],,0.5,347700,,399213,,,0.9092678799271133,0.8336307909098274,0.850603562509237,0.9766235260281853,,,,,,,,,,,,,,339572,407341,0.05586951971054077,267613,399213,331075,,,,,,,,,,,,,,,,,
ensemble,HEM_PA34,d2_d5_majority_vote,,,,,,,,[],[],[],,0.5,347700,,331075,,,0.9083834849545136,0.8321452382173444,0.9311908177905308,0.8866666666666667,,,,,,,,,,,,,,308294,370481,0.05586951971054077,267613,399213,331075,,,,,,,,,,,,,,,,,
ensemble,HEM_PA34,d2_d5_average_probability,,,,,,,,[],[],[],,0.5,347700,,345485,,,0.9163470069317715,0.8456092612610694,0.9192844841310043,0.9134282427379925,,,,,,,,,,,,,,317599,375586,0.05586951971054077,267613,399213,331075,,,,,,,,,,,,,,,,,
layer,HEM_PA56,Decoder 1,1,4,0,4,1,False,intermediate_segmentation_conv,"[12, 12, 12]","[192, 192, 192]","[16.0, 16.0, 16.0]",liver,0.5,383171,1796114.0625,1826155,8560101.5625,4.76590086410506,0.06544620395541445,0.033830128730059944,0.03958919149798347,0.1886781619694601,6,2445.0,11460.9375,0.0,0.0,100,,,,,,,,72296,2137030,,,,,,,,,,,,,,,,,,,,,
layer,HEM_PA56,Decoder 2,2,3,1,3,2,False,intermediate_segmentation_conv,"[24, 24, 24]","[192, 192, 192]","[8.0, 8.0, 8.0]",liver,0.5,383171,1796114.0625,352391,1651832.8125,0.919670329957121,0.9195336355059125,0.8510525322428436,0.9596925006597785,0.882600718739153,1,352391.0,1651832.8125,0.0,0.0,100,,,,,,,,338187,397375,,,,,,,,,,,,,,,,,,,,,
layer,HEM_PA56,Decoder 3,3,2,2,2,3,False,intermediate_segmentation_conv,"[48, 48, 48]","[192, 192, 192]","[4.0, 4.0, 4.0]",liver,0.5,383171,1796114.0625,381426,1787934.375,0.9954458975235599,0.9546597750187353,0.913252692477079,0.9568435292822198,0.9524859657959501,1,381426.0,1787934.375,0.0,0.0,100,,,,,,,,364965,399632,,,,,,,,,,,,,,,,,,,,,
layer,HEM_PA56,Decoder 4,4,1,3,1,4,False,intermediate_segmentation_conv,"[96, 96, 96]","[192, 192, 192]","[2.0, 2.0, 2.0]",liver,0.5,383171,1796114.0625,385024,1804800.0,1.0048359609678186,0.9579156334003736,0.9192304040853241,0.9556105593417553,0.9602318547071673,1,385024.0,1804800.0,0.0,0.0,100,,,,,,,,367933,400262,,,,,,,,,,,,,,,,,,,,,
layer,HEM_PA56,Decoder 5,5,0,4,0,5,True,final_mask_einsum,"[192, 192, 192]","[192, 192, 192]","[1.0, 1.0, 1.0]",liver,0.5,383171,1796114.0625,386378,1811146.875,1.0083696313134345,0.9671534886017654,0.9363961420486999,0.9631397232761699,0.9712008476633148,2,193189.0,905573.4375,0.5,5.176278152482801e-06,100,,,,,,,,372136,397413,,,,,,,,,,,,,,,,,,,,,
decoder1_extra,HEM_PA56,Decoder 1 extra R1,1,4,0,4,1,False,,"[12, 12, 12]","[192, 192, 192]","[16.0, 16.0, 16.0]",liver,0.5,383171,,,,,,,,,,,,,,,,,,,,,,,,,,,,,,,1753972,8221743.75,3289,1750683,0.0018751724656950054,0.2069777979157227,2284,1750385,0.2968974133084452,0.9771616327958014,0.1750405671310635,-0.6702560752933202,0.005960785132486546,-0.7880991561451064
pairwise,HEM_PA56,,,,,,,,,[],[],[],,0.5,,,,,,,,,,,,,,,,Decoder 2,Decoder 3,0.9465084619189797,0.5060655174107362,0.6720365237241155,0.36795618383737794,0.5379648678588385,10304,20361,,,,,,,,,,,,,,,,,,,,,
pairwise,HEM_PA56,,,,,,,,,[],[],[],,0.5,,,,,,,,,,,,,,,,Decoder 2,Decoder 4,0.9392079087081223,0.4547694310152473,0.6252116951589711,0.29062814770364975,0.45036697552389493,9783,21512,,,,,,,,,,,,,,,,,,,,,
pairwise,HEM_PA56,,,,,,,,,[],[],[],,0.5,,,,,,,,,,,,,,,,Decoder 2,Decoder 5,0.9331496042741371,0.4034931912374186,0.574984180552626,0.2006301170217326,0.3342080365590246,8178,20268,,,,,,,,,,,,,,,,,,,,,
pairwise,HEM_PA56,,,,,,,,,[],[],[],,0.5,,,,,,,,,,,,,,,,Decoder 3,Decoder 4,0.9819322852110379,0.684591052869408,0.8127682403433476,0.631016825164594,0.7737710800143524,13635,19917,,,,,,,,,,,,,,,,,,,,,
pairwise,HEM_PA56,,,,,,,,,[],[],[],,0.5,,,,,,,,,,,,,,,,Decoder 3,Decoder 5,0.9714197894254263,0.5012957801574495,0.6678174771194997,0.4268774703557312,0.5983379501385041,10252,20451,,,,,,,,,,,,,,,,,,,,,
pairwise,HEM_PA56,,,,,,,,,[],[],[],,0.5,,,,,,,,,,,,,,,,Decoder 4,Decoder 5,0.9761706606931275,0.5323258998435054,0.6947946254747391,0.49737831984497893,0.6643322041639707,10885,20448,,,,,,,,,,,,,,,,,,,,,
independent_vs_final,HEM_PA56,Decoder 2,2,,,3,2,False,,"[24, 24, 24]","[192, 192, 192]","[8.0, 8.0, 8.0]",,0.5,,,,,,,,,,,,,,,,,,,,,,,,,,,,,1674,6026,0.15169913910285454,,,,,,,,,,,,,,
independent_vs_final,HEM_PA56,Decoder 3,3,,,2,3,False,,"[48, 48, 48]","[192, 192, 192]","[4.0, 4.0, 4.0]",,0.5,,,,,,,,,,,,,,,,,,,,,,,,,,,,,2287,6209,0.20724966017217944,,,,,,,,,,,,,,
independent_vs_final,HEM_PA56,Decoder 4,4,,,1,4,False,,"[96, 96, 96]","[192, 192, 192]","[2.0, 2.0, 2.0]",,0.5,,,,,,,,,,,,,,,,,,,,,,,,,,,,,2308,6206,0.20915269596737654,,,,,,,,,,,,,,
independent_vs_final,HEM_PA56,Decoder 5,5,,,0,5,True,,"[192, 192, 192]","[192, 192, 192]","[1.0, 1.0, 1.0]",,0.5,,,,,,,,,,,,,,,,,,,,,,,,,,,,,0,0,0.0,,,,,,,,,,,,,,
ensemble,HEM_PA56,d2_d5_intersection,,,,,,,,[],[],[],,0.5,383171,,342439,,,0.9241741431347418,0.8590369317090043,0.9791378902519865,0.8750531746922392,,,,,,,,,,,,,,335295,390315,0.09266625344753265,342439,401092,375002,,,,,,,,,,,,,,,,,
ensemble,HEM_PA56,d2_d5_union,,,,,,,,[],[],[],,0.5,383171,,401092,,,0.9580842140965466,0.9195409332106284,0.9366803626100745,0.9804891288745756,,,,,,,,,,,,,,375695,408568,0.09266625344753265,342439,401092,375002,,,,,,,,,,,,,,,,,
ensemble,HEM_PA56,d2_d5_majority_vote,,,,,,,,[],[],[],,0.5,383171,,375002,,,0.9571799576086196,0.9178764491461326,0.9676055061039674,0.9469766762098384,,,,,,,,,,,,,,362854,395319,0.09266625344753265,342439,401092,375002,,,,,,,,,,,,,,,,,
ensemble,HEM_PA56,d2_d5_average_probability,,,,,,,,[],[],[],,0.5,383171,,380384,,,0.9595981952839022,0.9223342279243307,0.9631135904769916,0.9561083693703334,,,,,,,,,,,,,,366353,397202,0.09266625344753265,342439,401092,375002,,,,,,,,,,,,,,,,,
layer,HEM_PA66,Decoder 1,1,4,0,4,1,False,intermediate_segmentation_conv,"[12, 12, 12]","[192, 192, 192]","[16.0, 16.0, 16.0]",liver,0.5,235933,1105935.9375,1555927,7293407.8125,6.594783264740413,0.05889634234817452,0.0303416781046212,0.0339135447871269,0.223652477610169,5,372.0,1743.75,0.4,3.534870209206473e-05,100,,,,,,,,52767,1739093,,,,,,,,,,,,,,,,,,,,,
layer,HEM_PA66,Decoder 2,2,3,1,3,2,False,intermediate_segmentation_conv,"[24, 24, 24]","[192, 192, 192]","[8.0, 8.0, 8.0]",liver,0.5,235933,1105935.9375,206997,970298.4375,0.8773550118041986,0.8830379518208294,0.7905711328870347,0.9447576534925627,0.8288878622320743,1,206997.0,970298.4375,0.0,0.0,100,,,,,,,,195562,247368,,,,,,,,,,,,,,,,,,,,,
layer,HEM_PA66,Decoder 3,3,2,2,2,3,False,intermediate_segmentation_conv,"[48, 48, 48]","[192, 192, 192]","[4.0, 4.0, 4.0]",liver,0.5,235933,1105935.9375,232180,1088343.75,0.9840929416402114,0.9324970680156287,0.8735311539446722,0.94003359462486,0.9250804253750006,1,232180.0,1088343.75,0.0,0.0,100,,,,,,,,218257,249856,,,,,,,,,,,,,,,,,,,,,
layer,HEM_PA66,Decoder 4,4,1,3,1,4,False,intermediate_segmentation_conv,"[96, 96, 96]","[192, 192, 192]","[2.0, 2.0, 2.0]",liver,0.5,235933,1105935.9375,236162,1107009.375,1.0009706145388733,0.9436956544763236,0.8933937065349045,0.9432381162083654,0.9441536368375768,2,118081.0,553504.6875,0.5,4.2343814838966474e-05,100,,,,,,,,222757,249338,,,,,,,,,,,,,,,,,,,,,
layer,HEM_PA66,Decoder 5,5,0,4,0,5,True,final_mask_einsum,"[192, 192, 192]","[192, 192, 192]","[1.0, 1.0, 1.0]",liver,0.5,235933,1105935.9375,237103,1111420.3125,1.0049590349802697,0.9626793732400917,0.9280441826815301,0.9603041716047456,0.9650663535834326,2,118551.5,555710.15625,0.5,4.6393339603463475e-05,100,,,,,,,,227691,245345,,,,,,,,,,,,,,,,,,,,,
decoder1_extra,HEM_PA66,Decoder 1 extra R1,1,4,0,4,1,False,,"[12, 12, 12]","[192, 192, 192]","[16.0, 16.0, 16.0]",liver,0.5,235933,,,,,,,,,,,,,,,,,,,,,,,,,,,,,,,1505565,7057335.9375,3252,1502313,0.0021599864502695,0.25345789856830864,2089,1502221,0.23241253680438326,0.9739205621935041,0.1319503185057192,-0.7302668364357084,0.008854208610071468,-0.8283538530990264
pairwise,HEM_PA66,,,,,,,,,[],[],[],,0.5,,,,,,,,,,,,,,,,Decoder 2,Decoder 3,0.9280722806522199,0.5340592861464005,0.696269421878697,0.41692093636341443,0.5884886385170638,8828,16530,,,,,,,,,,,,,,,,,,,,,
pairwise,HEM_PA66,,,,,,,,,[],[],[],,0.5,,,,,,,,,,,,,,,,Decoder 2,Decoder 4,0.9161858384913767,0.45390693590869186,0.6243961352657005,0.31629793510324483,0.48058714773936917,7755,17085,,,,,,,,,,,,,,,,,,,,,
pairwise,HEM_PA66,,,,,,,,,[],[],[],,0.5,,,,,,,,,,,,,,,,Decoder 2,Decoder 5,0.9020445845530286,0.3473146771796032,0.5155657888425194,0.18545161919625439,0.31287927097689916,5374,15473,,,,,,,,,,,,,,,,,,,,,
pairwise,HEM_PA66,,,,,,,,,[],[],[],,0.5,,,,,,,,,,,,,,,,Decoder 3,Decoder 4,0.9758808733788557,0.7009834432964024,0.8242096018735363,0.6523136246786633,0.7895760404511863,11262,16066,,,,,,,,,,,,,,,,,,,,,
pairwise,HEM_PA66,,,,,,,,,[],[],[],,0.5,,,,,,,,,,,,,,,,Decoder 3,Decoder 5,0.9572432839033164,0.49449212245420776,0.661752731947718,0.3608821212916776,0.5303649972991743,7721,15614,,,,,,,,,,,,,,,,,,,,,
pairwise,HEM_PA66,,,,,,,,,[],[],[],,0.5,,,,,,,,,,,,,,,,Decoder 4,Decoder 5,0.9699724255966531,0.5521768707482994,0.7114870491300346,0.4747641671830889,0.6438509664767952,8117,14700,,,,,,,,,,,,,,,,,,,,,
independent_vs_final,HEM_PA66,Decoder 2,2,,,3,2,False,,"[24, 24, 24]","[192, 192, 192]","[8.0, 8.0, 8.0]",,0.5,,,,,,,,,,,,,,,,,,,,,,,,,,,,,637,6061,0.07728706624605679,,,,,,,,,,,,,,
independent_vs_final,HEM_PA66,Decoder 3,3,,,2,3,False,,"[48, 48, 48]","[192, 192, 192]","[4.0, 4.0, 4.0]",,0.5,,,,,,,,,,,,,,,,,,,,,,,,,,,,,1369,6202,0.16610046105314244,,,,,,,,,,,,,,
independent_vs_final,HEM_PA66,Decoder 4,4,,,1,4,False,,"[96, 96, 96]","[192, 192, 192]","[2.0, 2.0, 2.0]",,0.5,,,,,,,,,,,,,,,,,,,,,,,,,,,,,1347,5288,0.1634312060179568,,,,,,,,,,,,,,
independent_vs_final,HEM_PA66,Decoder 5,5,,,0,5,True,,"[192, 192, 192]","[192, 192, 192]","[1.0, 1.0, 1.0]",,0.5,,,,,,,,,,,,,,,,,,,,,,,,,,,,,0,0,0.0,,,,,,,,,,,,,,
ensemble,HEM_PA66,d2_d5_intersection,,,,,,,,[],[],[],,0.5,235933,,199697,,,0.8925969285861856,0.8060271382908598,0.9735799736600951,0.8240517435034522,,,,,,,,,,,,,,194421,241209,0.06411044299602509,199697,248984,226908,,,,,,,,,,,,,,,,,
ensemble,HEM_PA66,d2_d5_union,,,,,,,,[],[],[],,0.5,235933,,248984,,,0.9463805146035301,0.8982185008161779,0.9215772901069949,0.9725557679510709,,,,,,,,,,,,,,229458,255459,0.06411044299602509,199697,248984,226908,,,,,,,,,,,,,,,,,
ensemble,HEM_PA66,d2_d5_majority_vote,,,,,,,,[],[],[],,0.5,235933,,226908,,,0.9379117234644294,0.8830826440564875,0.9565638937366686,0.9199730431944663,,,,,,,,,,,,,,217052,245789,0.06411044299602509,199697,248984,226908,,,,,,,,,,,,,,,,,
ensemble,HEM_PA66,d2_d5_average_probability,,,,,,,,[],[],[],,0.5,235933,,231619,,,0.9431335979741291,0.8923867729793176,0.9519167253118267,0.9345110688203855,,,,,,,,,,,,,,220482,247070,0.06411044299602509,199697,248984,226908,,,,,,,,,,,,,,,,,
layer,HEM_PA81,Decoder 1,1,4,0,4,1,False,intermediate_segmentation_conv,"[12, 12, 12]","[192, 192, 192]","[16.0, 16.0, 16.0]",liver,0.5,1542439,1693376.1408759889,5583044,6129379.186509706,3.6196206138459934,0.13373942510283163,0.07166171053589379,0.08534394498771637,0.3089127025444766,33,166.0,182.24412076290483,0.45454545454545453,7.863094039738895e-05,100,,,,,,,,476479,6649004,,,,,,,,,,,,,,,,,,,,,
layer,HEM_PA81,Decoder 2,2,3,1,3,2,False,intermediate_segmentation_conv,"[24, 24, 24]","[192, 192, 192]","[8.0, 8.0, 8.0]",liver,0.5,1542439,1693376.1408759889,824324,904989.1723118118,0.5344289142066558,0.6139228980679519,0.44292117459570385,0.8813342811807008,0.4710105229445054,8,2308.5,2534.4009203684686,0.125,9.704921851116795e-06,100,,,,,,,,726505,1640258,,,,,,,,,,,,,,,,,,,,,
layer,HEM_PA81,Decoder 3,3,2,2,2,3,False,intermediate_segmentation_conv,"[48, 48, 48]","[192, 192, 192]","[4.0, 4.0, 4.0]",liver,0.5,1542439,1693376.1408759889,988568,1085305.457676767,0.6409122175982324,0.6798795894282395,0.5150133154397447,0.8703397237215852,0.557811362394234,24,49.0,53.794951309532145,0.5416666666666666,0.0002144516108148352,100,,,,,,,,860390,1670617,,,,,,,,,,,,,,,,,,,,,
layer,HEM_PA81,Decoder 4,4,1,3,1,4,False,intermediate_segmentation_conv,"[96, 96, 96]","[192, 192, 192]","[2.0, 2.0, 2.0]",liver,0.5,1542439,1693376.1408759889,1098394,1205878.6071159644,0.7121150333984034,0.7093564795653493,0.5496145669459983,0.8527413660307686,0.6072499463512009,46,15.0,16.467842237611883,0.7391304347826086,0.00045065796062250887,100,,,,,,,,936646,1704187,,,,,,,,,,,,,,,,,,,,,
layer,HEM_PA81,Decoder 5,5,0,4,0,5,True,final_mask_einsum,"[192, 192, 192]","[192, 192, 192]","[1.0, 1.0, 1.0]",liver,0.5,1542439,1693376.1408759889,1146975,1259213.5566989926,0.7436112546428092,0.7317973357764925,0.5770350090098225,0.8579550556899671,0.6379850353887577,79,1.0,1.0978561491741254,0.8607594936708861,0.0001743717169075176,100,,,,,,,,984053,1705361,,,,,,,,,,,,,,,,,,,,,
decoder1_extra,HEM_PA81,Decoder 1 extra R1,1,4,0,4,1,False,,"[12, 12, 12]","[192, 192, 192]","[16.0, 16.0, 16.0]",liver,0.5,1542439,,,,,,,,,,,,,,,,,,,,,,,,,,,,,,,5256009,5770341.800764546,185351,5070658,0.03526458953932537,0.27045269759628643,151017,5053018,0.2875979815667397,0.7358929591380924,0.1787227543335627,-0.4441993542097528,0.09790792374933466,-0.6792323013564044
pairwise,HEM_PA81,,,,,,,,,[],[],[],,0.5,,,,,,,,,,,,,,,,Decoder 2,Decoder 3,0.827611352468873,0.42117707724137066,0.592715832511051,0.7434016503148168,0.8528174218265494,66976,159021,,,,,,,,,,,,,,,,,,,,,
pairwise,HEM_PA81,,,,,,,,,[],[],[],,0.5,,,,,,,,,,,,,,,,Decoder 2,Decoder 4,0.7897778041293627,0.3103554462892942,0.47369657930322423,0.6832003996888678,0.8117873543936354,61478,198089,,,,,,,,,,,,,,,,,,,,,
pairwise,HEM_PA81,,,,,,,,,[],[],[],,0.5,,,,,,,,,,,,,,,,Decoder 2,Decoder 5,0.7668161958180875,0.2824799567163445,0.44052143698152574,0.6282293396899266,0.7716718086035276,57431,203310,,,,,,,,,,,,,,,,,,,,,
pairwise,HEM_PA81,,,,,,,,,[],[],[],,0.5,,,,,,,,,,,,,,,,Decoder 3,Decoder 4,0.8968136458641796,0.5544963218735925,0.7134096286638659,0.8137367984463044,0.8973041724062424,103418,186508,,,,,,,,,,,,,,,,,,,,,
pairwise,HEM_PA81,,,,,,,,,[],[],[],,0.5,,,,,,,,,,,,,,,,Decoder 3,Decoder 5,0.8644040415013886,0.4710638555921651,0.640439711439368,0.7405485576052838,0.8509369696920839,93216,197884,,,,,,,,,,,,,,,,,,,,,
pairwise,HEM_PA81,,,,,,,,,[],[],[],,0.5,,,,,,,,,,,,,,,,Decoder 4,Decoder 5,0.9291604186216164,0.7152170237944296,0.8339667970554717,0.8343146878599329,0.9096745431759206,135382,189288,,,,,,,,,,,,,,,,,,,,,
independent_vs_final,HEM_PA81,Decoder 2,2,,,3,2,False,,"[24, 24, 24]","[192, 192, 192]","[8.0, 8.0, 8.0]",,0.5,,,,,,,,,,,,,,,,,,,,,,,,,,,,,28124,40388,0.05036659228562321,,,,,,,,,,,,,,
independent_vs_final,HEM_PA81,Decoder 3,3,,,2,3,False,,"[48, 48, 48]","[192, 192, 192]","[4.0, 4.0, 4.0]",,0.5,,,,,,,,,,,,,,,,,,,,,,,,,,,,,30620,34962,0.05483661839659304,,,,,,,,,,,,,,
independent_vs_final,HEM_PA81,Decoder 4,4,,,1,4,False,,"[96, 96, 96]","[192, 192, 192]","[2.0, 2.0, 2.0]",,0.5,,,,,,,,,,,,,,,,,,,,,,,,,,,,,28874,26366,0.05170974916992904,,,,,,,,,,,,,,
independent_vs_final,HEM_PA81,Decoder 5,5,,,0,5,True,,"[192, 192, 192]","[192, 192, 192]","[1.0, 1.0, 1.0]",,0.5,,,,,,,,,,,,,,,,,,,,,,,,,,,,,0,0,0.0,,,,,,,,,,,,,,
ensemble,HEM_PA81,d2_d5_intersection,,,,,,,,[],[],[],,0.5,1542439,,714561,,,0.5900797518830305,0.41851995009726006,0.9319078427174167,0.431722097275808,,,,,,,,,,,,,,665905,1591095,0.06640346348285675,714561,1273277,953099,,,,,,,,,,,,,,,,,
ensemble,HEM_PA81,d2_d5_union,,,,,,,,[],[],[],,0.5,1542439,,1273277,,,0.7390205546297993,0.5860686764904691,0.8171324857042105,0.6745394793570443,,,,,,,,,,,,,,1040436,1775280,0.06640346348285675,714561,1273277,953099,,,,,,,,,,,,,,,,,
ensemble,HEM_PA81,d2_d5_majority_vote,,,,,,,,[],[],[],,0.5,1542439,,953099,,,0.6814851146325963,0.5168581122561242,0.8921801407828568,0.5512931143468235,,,,,,,,,,,,,,850336,1645202,0.06640346348285675,714561,1273277,953099,,,,,,,,,,,,,,,,,
ensemble,HEM_PA81,d2_d5_average_probability,,,,,,,,[],[],[],,0.5,1542439,,1012787,,,0.6964072845219953,0.5342215219932668,0.8785055495380568,0.5768390192416037,,,,,,,,,,,,,,889739,1665487,0.06640346348285675,714561,1273277,953099,,,,,,,,,,,,,,,,,
layer,HEM_PA89,Decoder 1,1,4,0,4,1,False,intermediate_segmentation_conv,"[12, 12, 12]","[192, 192, 192]","[16.0, 16.0, 16.0]",liver,0.5,658227,722996.3917968334,3551651,3901132.675994171,5.3957844330299425,0.10472750041687669,0.05525722577619426,0.06206831696019682,0.33490725843819835,12,223.5,245.49235076439018,0.3333333333333333,2.0272262111339206e-05,100,,,,,,,,220445,3989433,,,,,,,,,,,,,,,,,,,,,
layer,HEM_PA89,Decoder 2,2,3,1,3,2,False,intermediate_segmentation_conv,"[24, 24, 24]","[192, 192, 192]","[8.0, 8.0, 8.0]",liver,0.5,658227,722996.3917968334,391615,430149.829729739,0.5949543242680716,0.5926682300765258,0.4211290064948602,0.7944128799969358,0.4726393782084296,4,20319.5,22318.934323745085,0.25,6.639173678229894e-05,100,,,,,,,,311104,738738,,,,,,,,,,,,,,,,,,,,,
layer,HEM_PA89,Decoder 3,3,2,2,2,3,False,intermediate_segmentation_conv,"[48, 48, 48]","[192, 192, 192]","[4.0, 4.0, 4.0]",liver,0.5,658227,722996.3917968334,540792,594005.8136670071,0.8215889047395504,0.6616542356709944,0.49438213450223156,0.7334945783221646,0.6026310072361055,6,6091.0,6690.353058191949,0.5,4.253021494400805e-05,100,,,,,,,,396668,802351,,,,,,,,,,,,,,,,,,,,,
layer,HEM_PA89,Decoder 4,4,1,3,1,4,False,intermediate_segmentation_conv,"[96, 96, 96]","[192, 192, 192]","[2.0, 2.0, 2.0]",liver,0.5,658227,722996.3917968334,594095,652553.8171246997,0.9025685667710379,0.7058312478739494,0.5453935174330358,0.7439281596377684,0.6714461728248765,4,36906.5,40538.09146973587,0.5,3.871434703204033e-05,100,,,,,,,,441964,810358,,,,,,,,,,,,,,,,,,,,,
layer,HEM_PA89,Decoder 5,5,0,4,0,5,True,final_mask_einsum,"[192, 192, 192]","[192, 192, 192]","[1.0, 1.0, 1.0]",liver,0.5,658227,722996.3917968334,616792,677484.1969246969,0.937050591969032,0.7542350349288912,0.6054392731182958,0.7795691254101869,0.7304957104463962,24,1.0,1.0983997797064438,0.9166666666666666,0.0002561641525830426,100,,,,,,,,480832,794187,,,,,,,,,,,,,,,,,,,,,
decoder1_extra,HEM_PA89,Decoder 1 extra R1,1,4,0,4,1,False,,"[12, 12, 12]","[192, 192, 192]","[16.0, 16.0, 16.0]",liver,0.5,658227,,,,,,,,,,,,,,,,,,,,,,,,,,,,,,,3341761,3670589.546231585,92421,3249340,0.027656376383589372,0.42064883452182983,74621,3232180,0.24245954664303704,0.8438623757457534,0.14156743576614597,-0.5117754882858542,0.11336666529935724,-0.6380016896440409
pairwise,HEM_PA89,,,,,,,,,[],[],[],,0.5,,,,,,,,,,,,,,,,Decoder 2,Decoder 3,0.8020639055691345,0.4551066544886868,0.6255303047165401,0.7167249548736462,0.8349910133698712,70258,154377,,,,,,,,,,,,,,,,,,,,,
pairwise,HEM_PA89,,,,,,,,,[],[],[],,0.5,,,,,,,,,,,,,,,,Decoder 2,Decoder 4,0.7684633411449615,0.4372683240251075,0.6084713852184902,0.608461046524907,0.7565754207594793,70778,161864,,,,,,,,,,,,,,,,,,,,,
pairwise,HEM_PA89,,,,,,,,,[],[],[],,0.5,,,,,,,,,,,,,,,,Decoder 2,Decoder 5,0.7375672719447603,0.41741857754612954,0.5889842057365652,0.4982290369388618,0.6650906165279361,63749,152722,,,,,,,,,,,,,,,,,,,,,
pairwise,HEM_PA89,,,,,,,,,[],[],[],,0.5,,,,,,,,,,,,,,,,Decoder 3,Decoder 4,0.9049782048785474,0.6956374917008173,0.8205026075509274,0.7946905446924227,0.8856017512797653,121539,174716,,,,,,,,,,,,,,,,,,,,,
pairwise,HEM_PA89,,,,,,,,,[],[],[],,0.5,,,,,,,,,,,,,,,,Decoder 3,Decoder 5,0.8573131625869052,0.6021187385954777,0.7516530755059196,0.6422756319121234,0.7821776313691184,105263,174821,,,,,,,,,,,,,,,,,,,,,
pairwise,HEM_PA89,,,,,,,,,[],[],[],,0.5,,,,,,,,,,,,,,,,Decoder 4,Decoder 5,0.9249401471813637,0.752975466095507,0.8590827203904322,0.7734339452641064,0.8722444355252529,123747,164344,,,,,,,,,,,,,,,,,,,,,
independent_vs_final,HEM_PA89,Decoder 2,2,,,3,2,False,,"[24, 24, 24]","[192, 192, 192]","[8.0, 8.0, 8.0]",,0.5,,,,,,,,,,,,,,,,,,,,,,,,,,,,,2969,16762,0.016736661123481496,,,,,,,,,,,,,,
independent_vs_final,HEM_PA89,Decoder 3,3,,,2,3,False,,"[48, 48, 48]","[192, 192, 192]","[4.0, 4.0, 4.0]",,0.5,,,,,,,,,,,,,,,,,,,,,,,,,,,,,5725,38861,0.032272611967642834,,,,,,,,,,,,,,
independent_vs_final,HEM_PA89,Decoder 4,4,,,1,4,False,,"[96, 96, 96]","[192, 192, 192]","[2.0, 2.0, 2.0]",,0.5,,,,,,,,,,,,,,,,,,,,,,,,,,,,,5712,28384,0.03219932918064207,,,,,,,,,,,,,,
independent_vs_final,HEM_PA89,Decoder 5,5,,,0,5,True,,"[192, 192, 192]","[192, 192, 192]","[1.0, 1.0, 1.0]",,0.5,,,,,,,,,,,,,,,,,,,,,,,,,,,,,0,0,0.0,,,,,,,,,,,,,,
ensemble,HEM_PA89,d2_d5_intersection,,,,,,,,[],[],[],,0.5,658227,,361810,,,0.5907824912233576,0.4192273283179844,0.8327851634835963,0.45776001288309354,,,,,,,,,,,,,,301310,718727,0.06885354220867157,361810,680019,507384,,,,,,,,,,,,,,,,,
ensemble,HEM_PA89,d2_d5_union,,,,,,,,[],[],[],,0.5,658227,,680019,,,0.7309612731889353,0.5759960336480427,0.7192490209832373,0.7430612843289625,,,,,,,,,,,,,,489103,849143,0.06885354220867157,361810,680019,507384,,,,,,,,,,,,,,,,,
ensemble,HEM_PA89,d2_d5_majority_vote,,,,,,,,[],[],[],,0.5,658227,,507384,,,0.6775159122554608,0.5123055305799149,0.7782271415732464,0.5998842344662252,,,,,,,,,,,,,,394860,770751,0.06885354220867157,361810,680019,507384,,,,,,,,,,,,,,,,,
ensemble,HEM_PA89,d2_d5_average_probability,,,,,,,,[],[],[],,0.5,658227,,540710,,,0.6919362735489855,0.5289774951762625,0.7671284052449557,0.6301686196403369,,,,,,,,,,,,,,414794,784143,0.06885354220867157,361810,680019,507384,,,,,,,,,,,,,,,,,
layer,HEM_PA97,Decoder 1,1,4,0,4,1,False,intermediate_segmentation_conv,"[12, 12, 12]","[192, 192, 192]","[16.0, 16.0, 16.0]",liver,0.5,802157,881182.8298256292,4826307,5301778.654137835,6.016661326897353,0.1206400183069484,0.06419207575031363,0.07034550433695992,0.42324507546527673,32,957.0,1051.2804452783273,0.25,4.1439552021866824e-05,100,,,,,,,,339509,5288955,,,,,,,,,,,,,,,,,,,,,
layer,HEM_PA97,Decoder 2,2,3,1,3,2,False,intermediate_segmentation_conv,"[24, 24, 24]","[192, 192, 192]","[8.0, 8.0, 8.0]",liver,0.5,802157,881182.8298256292,568626,624645.1352944976,0.7088712060107935,0.7327534700970175,0.5782248779589205,0.8832220123596177,0.6260906530766421,9,535.0,587.7064140270691,0.3333333333333333,0.00012837963793424853,100,,,,,,,,502223,868560,,,,,,,,,,,,,,,,,,,,,
layer,HEM_PA97,Decoder 3,3,2,2,2,3,False,intermediate_segmentation_conv,"[48, 48, 48]","[192, 192, 192]","[4.0, 4.0, 4.0]",liver,0.5,802157,881182.8298256292,719717,790621.116232374,0.8972271014277754,0.7779316815978196,0.6365697153616936,0.8224857826062189,0.7379565346933331,6,869.5,955.1602373767039,0.3333333333333333,0.00011810197619342046,100,,,,,,,,591957,929917,,,,,,,,,,,,,,,,,,,,,
layer,HEM_PA97,Decoder 4,4,1,3,1,4,False,intermediate_segmentation_conv,"[96, 96, 96]","[192, 192, 192]","[2.0, 2.0, 2.0]",liver,0.5,802157,881182.8298256292,757292,831897.8797969854,0.944069552469155,0.8015613206972463,0.6688379927486912,0.8253051663030905,0.7791454790022402,15,16.0,17.57626658772543,0.7333333333333333,0.00019543320145993883,100,,,,,,,,624997,934452,,,,,,,,,,,,,,,,,,,,,
layer,HEM_PA97,Decoder 5,5,0,4,0,5,True,final_mask_einsum,"[192, 192, 192]","[192, 192, 192]","[1.0, 1.0, 1.0]",liver,0.5,802157,881182.8298256292,788605,866295.7320258259,0.9831055516563466,0.8228999686942484,0.6990909411338723,0.8299706443656837,0.8159487481876989,35,2.0,2.197033323465679,0.8857142857142857,0.0001597758066459127,100,,,,,,,,654519,936243,,,,,,,,,,,,,,,,,,,,,
decoder1_extra,HEM_PA97,Decoder 1 extra R1,1,4,0,4,1,False,,"[12, 12, 12]","[192, 192, 192]","[16.0, 16.0, 16.0]",liver,0.5,802157,,,,,,,,,,,,,,,,,,,,,,,,,,,,,,,4525148,4970950.474807035,84454,4440694,0.018663256980766155,0.4377802462780585,64633,4424526,0.23656623169939214,0.8965227505338731,0.13626073465960206,-0.5863337369948562,0.08057400234617418,-0.6937099097060816
pairwise,HEM_PA97,,,,,,,,,[],[],[],,0.5,,,,,,,,,,,,,,,,Decoder 2,Decoder 3,0.8393696399173202,0.37187612607838566,0.5421424267239381,0.6241598772330312,0.7685941340902587,52632,141531,,,,,,,,,,,,,,,,,,,,,
pairwise,HEM_PA97,,,,,,,,,[],[],[],,0.5,,,,,,,,,,,,,,,,Decoder 2,Decoder 4,0.8199843429231672,0.34806472404084265,0.5163917100323103,0.5397877641651928,0.7011196954897777,51303,147395,,,,,,,,,,,,,,,,,,,,,
pairwise,HEM_PA97,,,,,,,,,[],[],[],,0.5,,,,,,,,,,,,,,,,Decoder 2,Decoder 5,0.795880730693596,0.3102486014534428,0.4735721161759498,0.4459589122969118,0.6168348332782212,47473,153016,,,,,,,,,,,,,,,,,,,,,
pairwise,HEM_PA97,,,,,,,,,[],[],[],,0.5,,,,,,,,,,,,,,,,Decoder 3,Decoder 4,0.9254527223598502,0.6359776044287871,0.7774893772471207,0.7623213725142288,0.8651332094175961,101095,158960,,,,,,,,,,,,,,,,,,,,,
pairwise,HEM_PA97,,,,,,,,,[],[],[],,0.5,,,,,,,,,,,,,,,,Decoder 3,Decoder 5,0.8858413521781158,0.5158300577164657,0.6805908816632678,0.6032527610385537,0.7525360638054092,89105,172741,,,,,,,,,,,,,,,,,,,,,
pairwise,HEM_PA97,,,,,,,,,[],[],[],,0.5,,,,,,,,,,,,,,,,Decoder 4,Decoder 5,0.9336197689755527,0.6962188940679045,0.8209068965128894,0.7107777555384664,0.830941077223382,109337,157044,,,,,,,,,,,,,,,,,,,,,
independent_vs_final,HEM_PA97,Decoder 2,2,,,3,2,False,,"[24, 24, 24]","[192, 192, 192]","[8.0, 8.0, 8.0]",,0.5,,,,,,,,,,,,,,,,,,,,,,,,,,,,,9599,18930,0.06501713650957071,,,,,,,,,,,,,,
independent_vs_final,HEM_PA97,Decoder 3,3,,,2,3,False,,"[48, 48, 48]","[192, 192, 192]","[4.0, 4.0, 4.0]",,0.5,,,,,,,,,,,,,,,,,,,,,,,,,,,,,12995,38655,0.08801934461317547,,,,,,,,,,,,,,
independent_vs_final,HEM_PA97,Decoder 4,4,,,1,4,False,,"[96, 96, 96]","[192, 192, 192]","[2.0, 2.0, 2.0]",,0.5,,,,,,,,,,,,,,,,,,,,,,,,,,,,,12694,22958,0.08598057410693724,,,,,,,,,,,,,,
independent_vs_final,HEM_PA97,Decoder 5,5,,,0,5,True,,"[192, 192, 192]","[192, 192, 192]","[1.0, 1.0, 1.0]",,0.5,,,,,,,,,,,,,,,,,,,,,,,,,,,,,0,0,0.0,,,,,,,,,,,,,,
ensemble,HEM_PA97,d2_d5_intersection,,,,,,,,[],[],[],,0.5,802157,,523368,,,0.7276588521529206,0.5719054621350473,0.9214644380244875,0.6012102368987617,,,,,,,,,,,,,,482265,843260,0.06054649502038956,523368,863371,679964,,,,,,,,,,,,,,,,,
ensemble,HEM_PA97,d2_d5_union,,,,,,,,[],[],[],,0.5,802157,,863371,,,0.8113919429754408,0.6826404534111918,0.7826276305319497,0.8423513102796585,,,,,,,,,,,,,,675698,989830,0.06054649502038956,523368,863371,679964,,,,,,,,,,,,,,,,,
ensemble,HEM_PA97,d2_d5_majority_vote,,,,,,,,[],[],[],,0.5,802157,,679964,,,0.7881893583587305,0.6504228724144651,0.8590101828920355,0.7281567074774639,,,,,,,,,,,,,,584096,898025,0.06054649502038956,523368,863371,679964,,,,,,,,,,,,,,,,,
ensemble,HEM_PA97,d2_d5_average_probability,,,,,,,,[],[],[],,0.5,802157,,714584,,,0.7970550014801472,0.6625864045828136,0.845894954267098,0.7535469989042045,,,,,,,,,,,,,,604463,912278,0.06054649502038956,523368,863371,679964,,,,,,,,,,,,,,,,,
layer,HEM_PA99,Decoder 1,1,4,0,4,1,False,intermediate_segmentation_conv,"[12, 12, 12]","[192, 192, 192]","[16.0, 16.0, 16.0]",liver,0.5,1371020,1505290.1864059125,5945895,6528203.37624541,4.336840454552085,0.10001209526145924,0.05263827996590431,0.06153657271108891,0.26687429796793627,51,609.0,668.6421230333625,0.2549019607843137,6.205962264722132e-05,100,,,,,,,,365890,6951025,,,,,,,,,,,,,,,,,,,,,
layer,HEM_PA99,Decoder 2,2,3,1,3,2,False,intermediate_segmentation_conv,"[24, 24, 24]","[192, 192, 192]","[8.0, 8.0, 8.0]",liver,0.5,1371020,1505290.1864059125,1313380,1442005.2406396677,0.9579583084127147,0.7569475488004769,0.6089425655932991,0.7735575385646195,0.7410358711032662,17,195.0,214.09723151314563,0.23529411764705882,6.243432974462836e-05,100,,,,,,,,1015975,1668425,,,,,,,,,,,,,,,,,,,,,
layer,HEM_PA99,Decoder 3,3,2,2,2,3,False,intermediate_segmentation_conv,"[48, 48, 48]","[192, 192, 192]","[4.0, 4.0, 4.0]",liver,0.5,1371020,1505290.1864059125,1452690,1594958.4987017,1.059568788201485,0.7798414143095431,0.6391311944653904,0.7579201343714075,0.803068518329419,37,27.0,29.64423205566632,0.6486486486486487,0.0003090817724359636,100,,,,,,,,1101023,1722687,,,,,,,,,,,,,,,,,,,,,
layer,HEM_PA99,Decoder 4,4,1,3,1,4,False,intermediate_segmentation_conv,"[96, 96, 96]","[192, 192, 192]","[2.0, 2.0, 2.0]",liver,0.5,1371020,1505290.1864059125,1539807,1690607.2603310884,1.1231105308456477,0.7861188590046746,0.6476077701974133,0.7430333801573834,0.8345086140245949,55,7.0,7.685541644061638,0.7272727272727273,0.0003539404613695093,100,,,,,,,,1144128,1766699,,,,,,,,,,,,,,,,,,,,,
layer,HEM_PA99,Decoder 5,5,0,4,0,5,True,final_mask_einsum,"[192, 192, 192]","[192, 192, 192]","[1.0, 1.0, 1.0]",liver,0.5,1371020,1505290.1864059125,1596472,1752821.7199397674,1.1644410730696853,0.8083614041756473,0.6783612137171828,0.7512834550183154,0.8748253125410278,171,2.0,2.195869041160468,0.8888888888888888,0.0005831608697177276,100,,,,,,,,1199403,1768089,,,,,,,,,,,,,,,,,,,,,
decoder1_extra,HEM_PA99,Decoder 1 extra R1,1,4,0,4,1,False,,"[12, 12, 12]","[192, 192, 192]","[16.0, 16.0, 16.0]",liver,0.5,1371020,,,,,,,,,,,,,,,,,,,,,,,,,,,,,,,5547833,6091157.365114201,55741,5492092,0.01004734641435674,0.19709585880186695,33825,5470580,0.29113385113157064,0.8994967250660092,0.17367263226781707,-0.5172275530440766,0.024671412524981395,-0.5776108227504984
pairwise,HEM_PA99,,,,,,,,,[],[],[],,0.5,,,,,,,,,,,,,,,,Decoder 2,Decoder 3,0.8427581369958099,0.45473779522970653,0.6251817980131634,0.5306526264234113,0.693367805683458,202894,446178,,,,,,,,,,,,,,,,,,,,,
pairwise,HEM_PA99,,,,,,,,,[],[],[],,0.5,,,,,,,,,,,,,,,,Decoder 2,Decoder 4,0.8207558775502622,0.387980702797854,0.5590577765465657,0.47747745460454155,0.646341442458548,193737,499347,,,,,,,,,,,,,,,,,,,,,
pairwise,HEM_PA99,,,,,,,,,[],[],[],,0.5,,,,,,,,,,,,,,,,Decoder 2,Decoder 5,0.8073723337131923,0.35076458666417704,0.5193570961619873,0.39811995444566267,0.5695075779152473,180340,514134,,,,,,,,,,,,,,,,,,,,,
pairwise,HEM_PA99,,,,,,,,,[],[],[],,0.5,,,,,,,,,,,,,,,,Decoder 3,Decoder 4,0.9207327526142883,0.6591613458959763,0.7945717244756779,0.7117281292522866,0.831590153937801,296910,450436,,,,,,,,,,,,,,,,,,,,,
pairwise,HEM_PA99,,,,,,,,,[],[],[],,0.5,,,,,,,,,,,,,,,,Decoder 3,Decoder 5,0.8915557782761296,0.5799984806408319,0.7341759979485426,0.5407486489221033,0.7019297395463007,274852,473884,,,,,,,,,,,,,,,,,,,,,
pairwise,HEM_PA99,,,,,,,,,[],[],[],,0.5,,,,,,,,,,,,,,,,Decoder 4,Decoder 5,0.9342440516293353,0.7414077155924206,0.8515038826966451,0.6365267813509973,0.7778996208366686,337514,455234,,,,,,,,,,,,,,,,,,,,,
independent_vs_final,HEM_PA99,Decoder 2,2,,,3,2,False,,"[24, 24, 24]","[192, 192, 192]","[8.0, 8.0, 8.0]",,0.5,,,,,,,,,,,,,,,,,,,,,,,,,,,,,21648,117065,0.12614134963319484,,,,,,,,,,,,,,
independent_vs_final,HEM_PA99,Decoder 3,3,,,2,3,False,,"[48, 48, 48]","[192, 192, 192]","[4.0, 4.0, 4.0]",,0.5,,,,,,,,,,,,,,,,,,,,,,,,,,,,,16626,76815,0.09687851436629238,,,,,,,,,,,,,,
independent_vs_final,HEM_PA99,Decoder 4,4,,,1,4,False,,"[96, 96, 96]","[192, 192, 192]","[2.0, 2.0, 2.0]",,0.5,,,,,,,,,,,,,,,,,,,,,,,,,,,,,16617,58165,0.09682607200918324,,,,,,,,,,,,,,
independent_vs_final,HEM_PA99,Decoder 5,5,,,0,5,True,,"[192, 192, 192]","[192, 192, 192]","[1.0, 1.0, 1.0]",,0.5,,,,,,,,,,,,,,,,,,,,,,,,,,,,,0,0,0.0,,,,,,,,,,,,,,
ensemble,HEM_PA99,d2_d5_intersection,,,,,,,,[],[],[],,0.5,1371020,,1108058,,,0.7644172551246875,0.6186694159457753,0.8551222047943339,0.691109538883459,,,,,,,,,,,,,,947525,1531553,0.08128545433282852,1108058,1805551,1400121,,,,,,,,,,,,,,,,,
ensemble,HEM_PA99,d2_d5_union,,,,,,,,[],[],[],,0.5,1371020,,1805551,,,0.776199241257318,0.6342529498468163,0.6827976612125606,0.8992035127131625,,,,,,,,,,,,,,1232826,1943745,0.08128545433282852,1108058,1805551,1400121,,,,,,,,,,,,,,,,,
ensemble,HEM_PA99,d2_d5_majority_vote,,,,,,,,[],[],[],,0.5,1371020,,1400121,,,0.796808967858366,0.6622464318405669,0.7885282771988993,0.8052654228238829,,,,,,,,,,,,,,1104035,1667106,0.08128545433282852,1108058,1805551,1400121,,,,,,,,,,,,,,,,,
ensemble,HEM_PA99,d2_d5_average_probability,,,,,,,,[],[],[],,0.5,1371020,,1479280,,,0.8011268989229204,0.6682332752342012,0.7718119625763885,0.8327566337471372,,,,,,,,,,,,,,1141726,1708574,0.08128545433282852,1108058,1805551,1400121,,,,,,,,,,,,,,,,,
layer,HEP_PA28,Decoder 1,1,4,0,4,1,False,intermediate_segmentation_conv,"[12, 12, 12]","[192, 192, 192]","[16.0, 16.0, 16.0]",liver,0.5,908370,997330.8465239288,3697499,4059612.0608247523,4.070476788092957,0.12310293670966325,0.065588539253109,0.07667290782228744,0.312095291566212,21,74.0,81.24715990485235,0.5238095238095238,9.222450093968923e-05,100,,,,,,,,283498,4322371,,,,,,,,,,,,,,,,,,,,,
layer,HEP_PA28,Decoder 2,2,3,1,3,2,False,intermediate_segmentation_conv,"[24, 24, 24]","[192, 192, 192]","[8.0, 8.0, 8.0]",liver,0.5,908370,997330.8465239288,287554,315715.48404432315,0.3165604324229114,0.3602737297687813,0.2197157759251969,0.7491810233903893,0.2371610687275009,10,1980.0,2173.9104947514547,0.2,8.694019210304847e-05,100,,,,,,,,215430,980494,,,,,,,,,,,,,,,,,,,,,
layer,HEP_PA28,Decoder 3,3,2,2,2,3,False,intermediate_segmentation_conv,"[48, 48, 48]","[192, 192, 192]","[4.0, 4.0, 4.0]",liver,0.5,908370,997330.8465239288,448466,492386.3353228313,0.4937041073571342,0.4648756371440616,0.30282604353904535,0.7032417173208225,0.3471933243061748,12,140.5,154.2598103598886,0.5,0.00026311916622441837,100,,,,,,,,315380,1041456,,,,,,,,,,,,,,,,,,,,,
layer,HEP_PA28,Decoder 4,4,1,3,1,4,False,intermediate_segmentation_conv,"[96, 96, 96]","[192, 192, 192]","[2.0, 2.0, 2.0]",liver,0.5,908370,997330.8465239288,507721,557444.4496493451,0.5589363365148563,0.5142169535714866,0.34609154735447273,0.7171044727320713,0.4008157468872816,14,10.0,10.979345933088156,0.6428571428571429,0.00020483690845956735,100,,,,,,,,364089,1052002,,,,,,,,,,,,,,,,,,,,,
layer,HEP_PA28,Decoder 5,5,0,4,0,5,True,final_mask_einsum,"[192, 192, 192]","[192, 192, 192]","[1.0, 1.0, 1.0]",liver,0.5,908370,997330.8465239288,542861,596025.8712582169,0.5976210134636767,0.5530118912840203,0.3821813655225881,0.7391836952737441,0.4417517091053205,44,3.0,3.2938037799264466,0.9090909090909091,0.0009173619029549001,100,,,,,,,,401274,1049957,,,,,,,,,,,,,,,,,,,,,
decoder1_extra,HEP_PA28,Decoder 1 extra R1,1,4,0,4,1,False,,"[12, 12, 12]","[192, 192, 192]","[16.0, 16.0, 16.0]",liver,0.5,908370,,,,,,,,,,,,,,,,,,,,,,,,,,,,,,,3527559,3873029.056037852,176019,3351540,0.04989824408323149,0.3145439916702163,159504,3337773,0.226645283790589,0.6173453548664091,0.13880169439756762,-0.32636660749343127,0.17559364576108855,-0.6003820008761764
pairwise,HEP_PA28,,,,,,,,,[],[],[],,0.5,,,,,,,,,,,,,,,,Decoder 2,Decoder 3,0.7405206380261405,0.4456396925699713,0.6165294088982018,0.8393814993348686,0.9126779840271243,63259,141951,,,,,,,,,,,,,,,,,,,,,
pairwise,HEP_PA28,,,,,,,,,[],[],[],,0.5,,,,,,,,,,,,,,,,Decoder 2,Decoder 4,0.6867234604382132,0.41745174556873876,0.589017223159495,0.7703796979301561,0.8702988390918033,63542,152214,,,,,,,,,,,,,,,,,,,,,
pairwise,HEP_PA28,,,,,,,,,[],[],[],,0.5,,,,,,,,,,,,,,,,Decoder 2,Decoder 5,0.6511346736270419,0.39667612113924217,0.5680287865388305,0.7174997960530176,0.8355166011686316,60697,153014,,,,,,,,,,,,,,,,,,,,,
pairwise,HEP_PA28,,,,,,,,,[],[],[],,0.5,,,,,,,,,,,,,,,,Decoder 3,Decoder 4,0.8753308714717937,0.7107758887171561,0.8309398015308003,0.8802591725524429,0.9363168497218342,114968,161750,,,,,,,,,,,,,,,,,,,,,
pairwise,HEP_PA28,,,,,,,,,[],[],[],,0.5,,,,,,,,,,,,,,,,Decoder 3,Decoder 5,0.8306038269914973,0.6303293624649062,0.7732540147739312,0.8247603945155308,0.9039656899551489,106196,168477,,,,,,,,,,,,,,,,,,,,,
pairwise,HEP_PA28,,,,,,,,,[],[],[],,0.5,,,,,,,,,,,,,,,,Decoder 4,Decoder 5,0.9211275274086174,0.7947557860028442,0.8856422608591994,0.9087799626369117,0.9522102918363251,126301,158918,,,,,,,,,,,,,,,,,,,,,
independent_vs_final,HEP_PA28,Decoder 2,2,,,3,2,False,,"[24, 24, 24]","[192, 192, 192]","[8.0, 8.0, 8.0]",,0.5,,,,,,,,,,,,,,,,,,,,,,,,,,,,,5771,11427,0.011380488112704498,,,,,,,,,,,,,,
independent_vs_final,HEP_PA28,Decoder 3,3,,,2,3,False,,"[48, 48, 48]","[192, 192, 192]","[4.0, 4.0, 4.0]",,0.5,,,,,,,,,,,,,,,,,,,,,,,,,,,,,9876,26890,0.019475602252827868,,,,,,,,,,,,,,
independent_vs_final,HEP_PA28,Decoder 4,4,,,1,4,False,,"[96, 96, 96]","[192, 192, 192]","[2.0, 2.0, 2.0]",,0.5,,,,,,,,,,,,,,,,,,,,,,,,,,,,,6530,17331,0.01287724612302207,,,,,,,,,,,,,,
independent_vs_final,HEP_PA28,Decoder 5,5,,,0,5,True,,"[192, 192, 192]","[192, 192, 192]","[1.0, 1.0, 1.0]",,0.5,,,,,,,,,,,,,,,,,,,,,,,,,,,,,0,0,0.0,,,,,,,,,,,,,,
ensemble,HEP_PA28,d2_d5_intersection,,,,,,,,[],[],[],,0.5,908370,,262467,,,0.35056288791693463,0.21253486134685706,0.7819116307954905,0.2259277607142464,,,,,,,,,,,,,,205226,965611,0.05674397200345993,262467,596498,414954,,,,,,,,,,,,,,,,,
ensemble,HEP_PA28,d2_d5_union,,,,,,,,[],[],[],,0.5,908370,,596498,,,0.5537469067054386,0.38288381838064345,0.698506952244601,0.45868753921860034,,,,,,,,,,,,,,416658,1088210,0.05674397200345993,262467,596498,414954,,,,,,,,,,,,,,,,,
ensemble,HEP_PA28,d2_d5_majority_vote,,,,,,,,[],[],[],,0.5,908370,,414954,,,0.46105413337927825,0.2995908715045833,0.7351706454209382,0.33583451677180004,,,,,,,,,,,,,,305062,1018262,0.05674397200345993,262467,596498,414954,,,,,,,,,,,,,,,,,
ensemble,HEP_PA28,d2_d5_average_probability,,,,,,,,[],[],[],,0.5,908370,,446647,,,0.48233195598284007,0.31781123539120026,0.7316381840692986,0.35974767991016876,,,,,,,,,,,,,,326784,1028233,0.05674397200345993,262467,596498,414954,,,,,,,,,,,,,,,,,
layer,ICC_PA18,Decoder 1,1,4,0,4,1,False,intermediate_segmentation_conv,"[12, 12, 12]","[192, 192, 192]","[16.0, 16.0, 16.0]",liver,0.5,999968,1101688.1826076102,8946229,9856270.1688469,8.946515288489232,0.05406770044872427,0.027784985356989072,0.030055568664741312,0.268892604563346,22,37.0,40.76376719703188,0.5909090909090909,2.805651409102092e-05,100,,,,,,,,268884,9677313,,,,,,,,,,,,,,,,,,,,,
layer,ICC_PA18,Decoder 2,2,3,1,3,2,False,intermediate_segmentation_conv,"[24, 24, 24]","[192, 192, 192]","[8.0, 8.0, 8.0]",liver,0.5,999968,1101688.1826076102,1005516,1107800.5442402894,1.0055481775416812,0.88491256973379,0.7935813333691069,0.8824712883733327,0.8873673957566642,7,625.0,688.5771485985115,0.2857142857142857,3.779154185512712e-05,100,,,,,,,,887339,1118145,,,,,,,,,,,,,,,,,,,,,
layer,ICC_PA18,Decoder 3,3,2,2,2,3,False,intermediate_segmentation_conv,"[48, 48, 48]","[192, 192, 192]","[4.0, 4.0, 4.0]",liver,0.5,999968,1101688.1826076102,1072970,1182116.1970107919,1.0730043361387565,0.8803871606386684,0.7863317833518895,0.8504375704819334,0.9125232007424238,9,35.0,38.56032032151664,0.7777777777777778,0.0001845345163424886,100,,,,,,,,912494,1160444,,,,,,,,,,,,,,,,,,,,,
layer,ICC_PA18,Decoder 4,4,1,3,1,4,False,intermediate_segmentation_conv,"[96, 96, 96]","[192, 192, 192]","[2.0, 2.0, 2.0]",liver,0.5,999968,1101688.1826076102,1098207,1209920.3914094807,1.0982421437485999,0.8837508787398572,0.7917147363504158,0.8442233567988549,0.9271616691734136,7,25.0,27.54308594394046,0.7142857142857143,0.00012110649449511795,100,,,,,,,,927132,1171043,,,,,,,,,,,,,,,,,,,,,
layer,ICC_PA18,Decoder 5,5,0,4,0,5,True,final_mask_einsum,"[192, 192, 192]","[192, 192, 192]","[1.0, 1.0, 1.0]",liver,0.5,999968,1101688.1826076102,1109191,1222021.7216498104,1.1092264952478479,0.8934376213457591,0.807399238018849,0.8494488325274907,0.9422311513968447,10,7.0,7.712064064303329,0.7,2.7046739470478934e-05,100,,,,,,,,942201,1166958,,,,,,,,,,,,,,,,,,,,,
decoder1_extra,ICC_PA18,Decoder 1 extra R1,1,4,0,4,1,False,,"[12, 12, 12]","[192, 192, 192]","[16.0, 16.0, 16.0]",liver,0.5,999968,,,,,,,,,,,,,,,,,,,,,,,,,,,,,,,8616967,9493514.506283952,11302,8605665,0.0013115983849073577,0.1292260287015078,7465,8596113,0.1772966143012752,0.9496963902844892,0.09777500113510369,-0.7161410070444839,0.007465238887644499,-0.751673831392387
pairwise,ICC_PA18,,,,,,,,,[],[],[],,0.5,,,,,,,,,,,,,,,,Decoder 2,Decoder 3,0.940619277685777,0.5879563936425442,0.7405195709358952,0.5930499164079293,0.744546558522361,103174,175479,,,,,,,,,,,,,,,,,,,,,
pairwise,ICC_PA18,,,,,,,,,[],[],[],,0.5,,,,,,,,,,,,,,,,Decoder 2,Decoder 4,0.931712017218997,0.5521475026293761,0.7114626692295991,0.5099078416047935,0.6754158466557032,102896,186356,,,,,,,,,,,,,,,,,,,,,
pairwise,ICC_PA18,,,,,,,,,[],[],[],,0.5,,,,,,,,,,,,,,,,Decoder 2,Decoder 5,0.9253187320985838,0.5242888145305267,0.6879126967706642,0.42395373713063245,0.5954599873236461,98085,187082,,,,,,,,,,,,,,,,,,,,,
pairwise,ICC_PA18,,,,,,,,,[],[],[],,0.5,,,,,,,,,,,,,,,,Decoder 3,Decoder 4,0.9745239563609969,0.816717808219178,0.8991135602064237,0.7599657470330563,0.8636142473956709,149051,182500,,,,,,,,,,,,,,,,,,,,,
pairwise,ICC_PA18,,,,,,,,,[],[],[],,0.5,,,,,,,,,,,,,,,,Decoder 3,Decoder 5,0.9608117824486827,0.731396787462857,0.8448632835164567,0.61420140702624,0.760997239071612,138332,189134,,,,,,,,,,,,,,,,,,,,,
pairwise,ICC_PA18,,,,,,,,,[],[],[],,0.5,,,,,,,,,,,,,,,,Decoder 4,Decoder 5,0.9768079884098835,0.8327478341953182,0.908742401609158,0.7304598995667325,0.8442378812125296,153607,184458,,,,,,,,,,,,,,,,,,,,,
independent_vs_final,ICC_PA18,Decoder 2,2,,,3,2,False,,"[24, 24, 24]","[192, 192, 192]","[8.0, 8.0, 8.0]",,0.5,,,,,,,,,,,,,,,,,,,,,,,,,,,,,7035,20092,0.12178233247355756,,,,,,,,,,,,,,
independent_vs_final,ICC_PA18,Decoder 3,3,,,2,3,False,,"[48, 48, 48]","[192, 192, 192]","[4.0, 4.0, 4.0]",,0.5,,,,,,,,,,,,,,,,,,,,,,,,,,,,,2503,22144,0.04332923641525439,,,,,,,,,,,,,,
independent_vs_final,ICC_PA18,Decoder 4,4,,,1,4,False,,"[96, 96, 96]","[192, 192, 192]","[2.0, 2.0, 2.0]",,0.5,,,,,,,,,,,,,,,,,,,,,,,,,,,,,2637,17468,0.045648899890941196,,,,,,,,,,,,,,
independent_vs_final,ICC_PA18,Decoder 5,5,,,0,5,True,,"[192, 192, 192]","[192, 192, 192]","[1.0, 1.0, 1.0]",,0.5,,,,,,,,,,,,,,,,,,,,,,,,,,,,,0,0,0.0,,,,,,,,,,,,,,
ensemble,ICC_PA18,d2_d5_intersection,,,,,,,,[],[],[],,0.5,999968,,965603,,,0.886817113195097,0.7966499698360177,0.9025976514157474,0.8715788905244968,,,,,,,,,,,,,,871551,1094020,0.054382458329200745,965603,1156262,1059482,,,,,,,,,,,,,,,,,
ensemble,ICC_PA18,d2_d5_union,,,,,,,,[],[],[],,0.5,999968,,1156262,,,0.8822750819717748,0.7893490318961425,0.8226457325415866,0.9512244391820538,,,,,,,,,,,,,,951194,1205036,0.054382458329200745,965603,1156262,1059482,,,,,,,,,,,,,,,,,
ensemble,ICC_PA18,d2_d5_majority_vote,,,,,,,,[],[],[],,0.5,999968,,1059482,,,0.8877039986404137,0.7980825225977183,0.862771618583421,0.9141202518480591,,,,,,,,,,,,,,914091,1145359,0.054382458329200745,965603,1156262,1059482,,,,,,,,,,,,,,,,,
ensemble,ICC_PA18,d2_d5_average_probability,,,,,,,,[],[],[],,0.5,999968,,1078830,,,0.8895352025545532,0.8010476375305835,0.857022885904174,0.9246115875708023,,,,,,,,,,,,,,924582,1154216,0.054382458329200745,965603,1156262,1059482,,,,,,,,,,,,,,,,,
layer,MET_PA13,Decoder 1,1,4,0,4,1,False,intermediate_segmentation_conv,"[12, 12, 12]","[192, 192, 192]","[16.0, 16.0, 16.0]",liver,0.5,228100,904658.9183132164,2211118,8769432.784493128,9.69363437088996,0.05936164787239189,0.030588722420800907,0.03274271205788203,0.3173958790004384,11,10335.0,40989.258749526925,0.18181818181818182,8.005000185426558e-05,100,,,,,,,,72398,2366820,,,,,,,,,,,,,,,,,,,,,
layer,MET_PA13,Decoder 2,2,3,1,3,2,False,intermediate_segmentation_conv,"[24, 24, 24]","[192, 192, 192]","[8.0, 8.0, 8.0]",liver,0.5,228100,904658.9183132164,157155,623286.5949474508,0.6889741341516878,0.6967592893018909,0.5346359145952836,0.8540294613598041,0.5884042086804033,1,157155.0,623286.5949474508,0.0,0.0,100,,,,,,,,134215,251040,,,,,,,,,,,,,,,,,,,,,
layer,MET_PA13,Decoder 3,3,2,2,2,3,False,intermediate_segmentation_conv,"[48, 48, 48]","[192, 192, 192]","[4.0, 4.0, 4.0]",liver,0.5,228100,904658.9183132164,210559,835090.2112280251,0.9230995177553705,0.8025960940046825,0.6702801702801703,0.8360269568149544,0.7717360806663744,1,210559.0,835090.2112280251,0.0,0.0,100,,,,,,,,176033,262626,,,,,,,,,,,,,,,,,,,,,
layer,MET_PA13,Decoder 4,4,1,3,1,4,False,intermediate_segmentation_conv,"[96, 96, 96]","[192, 192, 192]","[2.0, 2.0, 2.0]",liver,0.5,228100,904658.9183132164,222185,881199.6570163174,0.9740683910565542,0.8326948488179708,0.7133480461169667,0.8437788329545198,0.8218982902235862,1,222185.0,881199.6570163174,0.0,0.0,100,,,,,,,,187475,262810,,,,,,,,,,,,,,,,,,,,,
layer,MET_PA13,Decoder 5,5,0,4,0,5,True,final_mask_einsum,"[192, 192, 192]","[192, 192, 192]","[1.0, 1.0, 1.0]",liver,0.5,228100,904658.9183132164,229174,908918.4697304387,1.0047084612012276,0.8755538254963108,0.778653389863472,0.8735022297468299,0.8776150811047786,3,1.0,3.966062772087753,0.6666666666666666,8.726993463481896e-06,100,,,,,,,,200184,257090,,,,,,,,,,,,,,,,,,,,,
decoder1_extra,MET_PA13,Decoder 1 extra R1,1,4,0,4,1,False,,"[12, 12, 12]","[192, 192, 192]","[16.0, 16.0, 16.0]",liver,0.5,228100,,,,,,,,,,,,,,,,,,,,,,,,,,,,,,,2138429,8481143.647652842,16476,2121953,0.00770472155025956,0.35628313511964466,9946,2120537,0.162403193190087,0.9212187637001316,0.08905107818636353,-0.7131506323062238,0.043603682595352966,-0.7844511515604664
pairwise,MET_PA13,,,,,,,,,[],[],[],,0.5,,,,,,,,,,,,,,,,Decoder 2,Decoder 3,0.8274691744127229,0.5208680693396851,0.6849615424772909,0.5259762664017983,0.6893636263977198,19681,37785,,,,,,,,,,,,,,,,,,,,,
pairwise,MET_PA13,,,,,,,,,[],[],[],,0.5,,,,,,,,,,,,,,,,Decoder 2,Decoder 4,0.7997943797121316,0.47468856316987695,0.6437814397224632,0.4164911541701769,0.5880603672589398,18557,39093,,,,,,,,,,,,,,,,,,,,,
pairwise,MET_PA13,,,,,,,,,[],[],[],,0.5,,,,,,,,,,,,,,,,Decoder 2,Decoder 5,0.7652855467748991,0.4156807153372226,0.5872520700943578,0.275109398881933,0.43150713048332934,15248,36682,,,,,,,,,,,,,,,,,,,,,
pairwise,MET_PA13,,,,,,,,,[],[],[],,0.5,,,,,,,,,,,,,,,,Decoder 3,Decoder 4,0.936331872885586,0.720320031804403,0.8374256167311803,0.7009579036224172,0.824191947525137,28990,40246,,,,,,,,,,,,,,,,,,,,,
pairwise,MET_PA13,,,,,,,,,[],[],[],,0.5,,,,,,,,,,,,,,,,Decoder 3,Decoder 5,0.8976674482015223,0.5838611540571542,0.7372630518294603,0.4771455482298188,0.6460372829226211,23414,40102,,,,,,,,,,,,,,,,,,,,,
pairwise,MET_PA13,,,,,,,,,[],[],[],,0.5,,,,,,,,,,,,,,,,Decoder 4,Decoder 5,0.9330976008011361,0.6911354766771975,0.8173626373626374,0.5737738795003674,0.7291694022555842,26033,37667,,,,,,,,,,,,,,,,,,,,,
independent_vs_final,MET_PA13,Decoder 2,2,,,3,2,False,,"[24, 24, 24]","[192, 192, 192]","[8.0, 8.0, 8.0]",,0.5,,,,,,,,,,,,,,,,,,,,,,,,,,,,,1637,7692,0.05864020633328557,,,,,,,,,,,,,,
independent_vs_final,MET_PA13,Decoder 3,3,,,2,3,False,,"[48, 48, 48]","[192, 192, 192]","[4.0, 4.0, 4.0]",,0.5,,,,,,,,,,,,,,,,,,,,,,,,,,,,,2080,11112,0.07450924201174954,,,,,,,,,,,,,,
independent_vs_final,MET_PA13,Decoder 4,4,,,1,4,False,,"[96, 96, 96]","[192, 192, 192]","[2.0, 2.0, 2.0]",,0.5,,,,,,,,,,,,,,,,,,,,,,,,,,,,,2927,8677,0.10485026508095716,,,,,,,,,,,,,,
independent_vs_final,MET_PA13,Decoder 5,5,,,0,5,True,,"[192, 192, 192]","[192, 192, 192]","[1.0, 1.0, 1.0]",,0.5,,,,,,,,,,,,,,,,,,,,,,,,,,,,,0,0,0.0,,,,,,,,,,,,,,
ensemble,MET_PA13,d2_d5_intersection,,,,,,,,[],[],[],,0.5,228100,,146580,,,0.7019643429059464,0.5407897225854738,0.8971619593396097,0.5765278386672512,,,,,,,,,,,,,,131506,243174,0.0383380725979805,146580,249851,199821,,,,,,,,,,,,,,,,,
ensemble,MET_PA13,d2_d5_union,,,,,,,,[],[],[],,0.5,228100,,249851,,,0.8543721009057413,0.7457675407357083,0.8171830410924911,0.8951074090311267,,,,,,,,,,,,,,204174,273777,0.0383380725979805,146580,249851,199821,,,,,,,,,,,,,,,,,
ensemble,MET_PA13,d2_d5_majority_vote,,,,,,,,[],[],[],,0.5,228100,,199821,,,0.8110609201231068,0.6821719748728311,0.8684522647769753,0.760784743533538,,,,,,,,,,,,,,173535,254386,0.0383380725979805,146580,249851,199821,,,,,,,,,,,,,,,,,
ensemble,MET_PA13,d2_d5_average_probability,,,,,,,,[],[],[],,0.5,228100,,209738,,,0.8248575957317547,0.7019213950035178,0.8609646320647665,0.7916571679088119,,,,,,,,,,,,,,180577,257261,0.0383380725979805,146580,249851,199821,,,,,,,,,,,,,,,,,
layer,MET_PA19,Decoder 1,1,4,0,4,1,False,intermediate_segmentation_conv,"[12, 12, 12]","[192, 192, 192]","[16.0, 16.0, 16.0]",liver,0.5,234763,931085.2878703212,2150911,8530652.562875923,9.162052793668508,0.059109501130498135,0.030454835635975994,0.032780528808490916,0.3003369355477652,10,936.5,3714.219753924408,0.1,4.649192830386753e-06,100,,,,,,,,70508,2315166,,,,,,,,,,,,,,,,,,,,,
layer,MET_PA19,Decoder 2,2,3,1,3,2,False,intermediate_segmentation_conv,"[24, 24, 24]","[192, 192, 192]","[8.0, 8.0, 8.0]",liver,0.5,234763,931085.2878703212,152087,603186.9083983998,0.6478320689376095,0.7412330360604885,0.5888564422922904,0.9427038471401238,0.6107137836882303,1,152087.0,603186.9083983998,0.0,0.0,100,,,,,,,,143373,243477,,,,,,,,,,,,,,,,,,,,,
layer,MET_PA19,Decoder 3,3,2,2,2,3,False,intermediate_segmentation_conv,"[48, 48, 48]","[192, 192, 192]","[4.0, 4.0, 4.0]",liver,0.5,234763,931085.2878703212,211953,840619.348108425,0.9028381814851574,0.8397415807806302,0.7237539214286541,0.8849273187923737,0.7989461712450429,2,105976.5,420309.6740542125,0.5,1.4154081329351318e-05,100,,,,,,,,187563,259153,,,,,,,,,,,,,,,,,,,,,
layer,MET_PA19,Decoder 4,4,1,3,1,4,False,intermediate_segmentation_conv,"[96, 96, 96]","[192, 192, 192]","[2.0, 2.0, 2.0]",liver,0.5,234763,931085.2878703212,226205,897143.7046838982,0.9635462146931161,0.8772713073358671,0.781374265277021,0.8938661833292809,0.8612813773891116,3,5.0,19.83032436692156,0.6666666666666666,3.536615017351518e-05,100,,,,,,,,202197,258771,,,,,,,,,,,,,,,,,,,,,
layer,MET_PA19,Decoder 5,5,0,4,0,5,True,final_mask_einsum,"[192, 192, 192]","[192, 192, 192]","[1.0, 1.0, 1.0]",liver,0.5,234763,931085.2878703212,232422,921800.7300017285,0.9900282412475561,0.9130087652642958,0.8399412397159657,0.9176067670014026,0.9084566136912546,7,1.0,3.966064873384312,0.7142857142857143,2.1512593472218638e-05,100,,,,,,,,213272,253913,,,,,,,,,,,,,,,,,,,,,
decoder1_extra,MET_PA19,Decoder 1 extra R1,1,4,0,4,1,False,,"[12, 12, 12]","[192, 192, 192]","[16.0, 16.0, 16.0]",liver,0.5,234763,,,,,,,,,,,,,,,,,,,,,,,,,,,,,,,2084838,8268602.758496802,9982,2074856,0.00478790198566987,0.2334930901307524,5018,2073996,0.17146342450059873,0.9298313618415167,0.09443912788413783,-0.741545340763697,0.02137474815026208,-0.8231676391172649
pairwise,MET_PA19,,,,,,,,,[],[],[],,0.5,,,,,,,,,,,,,,,,Decoder 2,Decoder 3,0.8096198219975826,0.27868979103093977,0.4358989850169164,0.4648402405639936,0.6346633956273902,7215,25889,,,,,,,,,,,,,,,,,,,,,
pairwise,MET_PA19,,,,,,,,,[],[],[],,0.5,,,,,,,,,,,,,,,,Decoder 2,Decoder 4,0.789908324786144,0.2708559888146652,0.42625756371859913,0.3425467621224101,0.5102939752815515,6974,25748,,,,,,,,,,,,,,,,,,,,,
pairwise,MET_PA19,,,,,,,,,[],[],[],,0.5,,,,,,,,,,,,,,,,Decoder 2,Decoder 5,0.7654541246108674,0.19393264204301996,0.3248636233132357,0.22527597772639943,0.3677146729741941,4526,23338,,,,,,,,,,,,,,,,,,,,,
pairwise,MET_PA19,,,,,,,,,[],[],[],,0.5,,,,,,,,,,,,,,,,Decoder 3,Decoder 4,0.9304588755654353,0.6236580783682233,0.7682135625439068,0.6111414086327739,0.7586440337988617,18590,29808,,,,,,,,,,,,,,,,,,,,,
pairwise,MET_PA19,,,,,,,,,[],[],[],,0.5,,,,,,,,,,,,,,,,Decoder 3,Decoder 5,0.8902345991561181,0.4194894532650866,0.5910427193385392,0.37847925989845677,0.5491257952279047,12867,30673,,,,,,,,,,,,,,,,,,,,,
pairwise,MET_PA19,,,,,,,,,[],[],[],,0.5,,,,,,,,,,,,,,,,Decoder 4,Decoder 5,0.9341403798729687,0.5176172726633378,0.682144677695908,0.5325754139260603,0.6950071221118449,14720,28438,,,,,,,,,,,,,,,,,,,,,
independent_vs_final,MET_PA19,Decoder 2,2,,,3,2,False,,"[24, 24, 24]","[192, 192, 192]","[8.0, 8.0, 8.0]",,0.5,,,,,,,,,,,,,,,,,,,,,,,,,,,,,737,4188,0.03429342515471593,,,,,,,,,,,,,,
independent_vs_final,MET_PA19,Decoder 3,3,,,2,3,False,,"[48, 48, 48]","[192, 192, 192]","[4.0, 4.0, 4.0]",,0.5,,,,,,,,,,,,,,,,,,,,,,,,,,,,,2631,11523,0.12242334000279187,,,,,,,,,,,,,,
independent_vs_final,MET_PA19,Decoder 4,4,,,1,4,False,,"[96, 96, 96]","[192, 192, 192]","[2.0, 2.0, 2.0]",,0.5,,,,,,,,,,,,,,,,,,,,,,,,,,,,,2706,9288,0.12591317295612117,,,,,,,,,,,,,,
independent_vs_final,MET_PA19,Decoder 5,5,,,0,5,True,,"[192, 192, 192]","[192, 192, 192]","[1.0, 1.0, 1.0]",,0.5,,,,,,,,,,,,,,,,,,,,,,,,,,,,,0,0,0.0,,,,,,,,,,,,,,
ensemble,MET_PA19,d2_d5_intersection,,,,,,,,[],[],[],,0.5,234763,,143883,,,0.7370525504032791,0.5835971644256708,0.9698227031685467,0.594390938946938,,,,,,,,,,,,,,139541,239105,0.038883619010448456,143883,251823,201181,,,,,,,,,,,,,,,,,
ensemble,MET_PA19,d2_d5_union,,,,,,,,[],[],[],,0.5,234763,,251823,,,0.892430115128672,0.8057551286999377,0.8622008315364363,0.9248561315028347,,,,,,,,,,,,,,217122,269464,0.038883619010448456,143883,251823,201181,,,,,,,,,,,,,,,,,
ensemble,MET_PA19,d2_d5_majority_vote,,,,,,,,[],[],[],,0.5,234763,,201181,,,0.855770465931404,0.7479010464696684,0.9271949140326373,0.7945630273935842,,,,,,,,,,,,,,186534,249410,0.038883619010448456,143883,251823,201181,,,,,,,,,,,,,,,,,
ensemble,MET_PA19,d2_d5_average_probability,,,,,,,,[],[],[],,0.5,234763,,212110,,,0.8708559255090372,0.7712531511106179,0.9173589175427844,0.8288401494272948,,,,,,,,,,,,,,194581,252292,0.038883619010448456,143883,251823,201181,,,,,,,,,,,,,,,,,
layer,MET_PA25,Decoder 1,1,4,0,4,1,False,intermediate_segmentation_conv,"[12, 12, 12]","[192, 192, 192]","[16.0, 16.0, 16.0]",liver,0.5,217685,863352.8319626639,2608771,10346555.025803665,11.984156005236924,0.04895883749826638,0.025093697887690197,0.026522067287623175,0.3178445919562671,7,2844.0,11279.488499904983,0.14285714285714285,1.686617951518167e-05,100,,,,,,,,69190,2757266,,,,,,,,,,,,,,,,,,,,,
layer,MET_PA25,Decoder 2,2,3,1,3,2,False,intermediate_segmentation_conv,"[24, 24, 24]","[192, 192, 192]","[8.0, 8.0, 8.0]",liver,0.5,217685,863352.8319626639,185732,736625.161063415,0.8532145072007717,0.7863773713056217,0.6479587251529833,0.854020847242263,0.728662976318993,1,185732.0,736625.161063415,0.0,0.0,100,,,,,,,,158619,244798,,,,,,,,,,,,,,,,,,,,,
layer,MET_PA25,Decoder 3,3,2,2,2,3,False,intermediate_segmentation_conv,"[48, 48, 48]","[192, 192, 192]","[4.0, 4.0, 4.0]",liver,0.5,217685,863352.8319626639,237069,940231.0334683454,1.0890460987206285,0.8323137344586303,0.7127888363684299,0.79828657479468,0.8693708799411994,1,237069.0,940231.0334683454,0.0,0.0,100,,,,,,,,189249,265505,,,,,,,,,,,,,,,,,,,,,
layer,MET_PA25,Decoder 4,4,1,3,1,4,False,intermediate_segmentation_conv,"[96, 96, 96]","[192, 192, 192]","[2.0, 2.0, 2.0]",liver,0.5,217685,863352.8319626639,245657,974291.5986009699,1.1284975997427475,0.8617004286250761,0.7570067232690332,0.8126412029781361,0.9170636470128856,1,245657.0,974291.5986009699,0.0,0.0,100,,,,,,,,199631,263711,,,,,,,,,,,,,,,,,,,,,
layer,MET_PA25,Decoder 5,5,0,4,0,5,True,final_mask_einsum,"[192, 192, 192]","[192, 192, 192]","[1.0, 1.0, 1.0]",liver,0.5,217685,863352.8319626639,253270,1004485.2504820446,1.1634701518248847,0.8914057606353049,0.8040865891077921,0.8287835116673905,0.9642648781496198,2,126635.0,502242.6252410223,0.5,3.948355509930114e-06,100,,,,,,,,209906,261049,,,,,,,,,,,,,,,,,,,,,
decoder1_extra,MET_PA25,Decoder 1 extra R1,1,4,0,4,1,False,,"[12, 12, 12]","[192, 192, 192]","[16.0, 16.0, 16.0]",liver,0.5,217685,,,,,,,,,,,,,,,,,,,,,,,,,,,,,,,2538564,10068109.509237971,6046,2532518,0.0023816614432411393,0.15824656125466,1231,2530866,0.1406149477265129,0.9699198382984587,0.07580221924076791,-0.7507908129087919,0.005654960148838928,-0.7529812924266226
pairwise,MET_PA25,,,,,,,,,[],[],[],,0.5,,,,,,,,,,,,,,,,Decoder 2,Decoder 3,0.8432998029805985,0.4466947254614256,0.6175383342452591,0.3989576005627678,0.5703641059632922,23137,51796,,,,,,,,,,,,,,,,,,,,,
pairwise,MET_PA25,,,,,,,,,[],[],[],,0.5,,,,,,,,,,,,,,,,Decoder 2,Decoder 4,0.8200672710708896,0.3783427246857509,0.5489820752266232,0.2668166959607077,0.4212396265560166,20076,53063,,,,,,,,,,,,,,,,,,,,,
pairwise,MET_PA25,,,,,,,,,[],[],[],,0.5,,,,,,,,,,,,,,,,Decoder 2,Decoder 5,0.7869030209429569,0.272331744656268,0.4280829206691545,0.11326693757910865,0.20348567581718902,15085,55392,,,,,,,,,,,,,,,,,,,,,
pairwise,MET_PA25,,,,,,,,,[],[],[],,0.5,,,,,,,,,,,,,,,,Decoder 3,Decoder 4,0.9349154592874633,0.685089420383538,0.8131193657694521,0.5401689580917675,0.701441170144117,38154,55692,,,,,,,,,,,,,,,,,,,,,
pairwise,MET_PA25,,,,,,,,,[],[],[],,0.5,,,,,,,,,,,,,,,,Decoder 3,Decoder 5,0.8875125168505871,0.4801876531987079,0.6488199684155115,0.22038753159224936,0.3611763081596024,29581,61603,,,,,,,,,,,,,,,,,,,,,
pairwise,MET_PA25,,,,,,,,,[],[],[],,0.5,,,,,,,,,,,,,,,,Decoder 4,Decoder 5,0.9273300502879178,0.602545715310147,0.7519856807249133,0.2942384769539078,0.4546897379321023,33610,55780,,,,,,,,,,,,,,,,,,,,,
independent_vs_final,MET_PA25,Decoder 2,2,,,3,2,False,,"[24, 24, 24]","[192, 192, 192]","[8.0, 8.0, 8.0]",,0.5,,,,,,,,,,,,,,,,,,,,,,,,,,,,,978,12028,0.12572310065561126,,,,,,,,,,,,,,
independent_vs_final,MET_PA25,Decoder 3,3,,,2,3,False,,"[48, 48, 48]","[192, 192, 192]","[4.0, 4.0, 4.0]",,0.5,,,,,,,,,,,,,,,,,,,,,,,,,,,,,1239,18239,0.15927497107597377,,,,,,,,,,,,,,
independent_vs_final,MET_PA25,Decoder 4,4,,,1,4,False,,"[96, 96, 96]","[192, 192, 192]","[2.0, 2.0, 2.0]",,0.5,,,,,,,,,,,,,,,,,,,,,,,,,,,,,1906,12416,0.24501863992801132,,,,,,,,,,,,,,
independent_vs_final,MET_PA25,Decoder 5,5,,,0,5,True,,"[192, 192, 192]","[192, 192, 192]","[1.0, 1.0, 1.0]",,0.5,,,,,,,,,,,,,,,,,,,,,,,,,,,,,0,0,0.0,,,,,,,,,,,,,,
ensemble,MET_PA25,d2_d5_intersection,,,,,,,,[],[],[],,0.5,217685,,168493,,,0.7967155042493358,0.6621173189406949,0.9130171579828242,0.7066954544410501,,,,,,,,,,,,,,153837,232341,0.04326305538415909,168493,280066,223816,,,,,,,,,,,,,,,,,
ensemble,MET_PA25,d2_d5_union,,,,,,,,[],[],[],,0.5,217685,,280066,,,0.8521931648555201,0.7424534675717022,0.7572857826369499,0.9742977237751798,,,,,,,,,,,,,,212090,285661,0.04326305538415909,168493,280066,223816,,,,,,,,,,,,,,,,,
ensemble,MET_PA25,d2_d5_majority_vote,,,,,,,,[],[],[],,0.5,217685,,223816,,,0.8599391620857031,0.7542923443093905,0.848160989384137,0.8720490617176195,,,,,,,,,,,,,,189832,251669,0.04326305538415909,168493,280066,223816,,,,,,,,,,,,,,,,,
ensemble,MET_PA25,d2_d5_average_probability,,,,,,,,[],[],[],,0.5,217685,,236145,,,0.8669722142652535,0.7651817768114476,0.8330856041838701,0.9037324574499851,,,,,,,,,,,,,,196729,257101,0.04326305538415909,168493,280066,223816,,,,,,,,,,,,,,,,,
