case,concept_index,concept,target_class_index,target_class,target_dice,target_iou,pred_voxels,target_gt_voxels,target_intersection,pred_ratio
CYST_PA19.nii.gz,0,spleen,0,spleen,0.9344459905850186,0.8769578851269186,111224,125207,110466,0.006819056867981627
CYST_PA19.nii.gz,1,splenic parenchyma,0,spleen,0.9367106755668644,0.8809555913356856,111942,125207,111070,0.006863076889121047
CYST_PA19.nii.gz,2,homogeneous left upper quadrant solid organ,0,spleen,7.986773902411217e-13,7.986773902411217e-13,0,125207,0,0.0
CYST_PA19.nii.gz,3,crescentic organ with smooth lateral convexity,0,spleen,7.986773902411217e-13,7.986773902411217e-13,0,125207,0,0.0
CYST_PA19.nii.gz,4,left hypochondrial region,0,spleen,7.98671011436331e-13,7.98671011436331e-13,1,125207,0,6.130922164264571e-08
CYST_PA19.nii.gz,5,left subphrenic compartment,0,spleen,7.986773902411217e-13,7.986773902411217e-13,0,125207,0,0.0
CYST_PA19.nii.gz,6,posterolateral to the gastric fundus,0,spleen,6.128840484664949e-13,6.128840484664949e-13,37956,125207,0,0.002327052816668261
CYST_PA19.nii.gz,7,spleen lies beneath the left hemidiaphragm along the left lateral abdominal wall,0,spleen,0.9154457391064899,0.8440755544608408,106857,125207,106221,0.006551319497068193
CYST_PA19.nii.gz,8,right kidney,1,right_kidney,0.9582841479762518,0.9199093458303692,97547,102377,95792,0.0059805306435751614
CYST_PA19.nii.gz,9,right renal parenchyma,1,right_kidney,0.9577943394997279,0.9190070403570971,97146,102377,95551,0.0059559456456964605
CYST_PA19.nii.gz,10,right-sided reniform retroperitoneal organ,1,right_kidney,0.8866590452248307,0.796394888216427,82190,102377,81824,0.005039004926809051
CYST_PA19.nii.gz,11,right renal cortex with central renal sinus,1,right_kidney,0.8023996868958856,0.67000624341547,68812,102377,68681,0.004218810159673737
CYST_PA19.nii.gz,12,right renal fossa,1,right_kidney,0.9335974364027018,0.8754643586503205,90477,102377,90024,0.0055470744465616565
CYST_PA19.nii.gz,13,right posterior pararenal region,1,right_kidney,9.767818943698518e-13,9.767818943698518e-13,0,102377,0,0.0
CYST_PA19.nii.gz,14,caudal to the right hepatic lobe,1,right_kidney,9.607901538215804e-13,9.607901538215804e-13,1704,102377,0,0.0001044709136790683
CYST_PA19.nii.gz,15,right kidney is positioned in the right posterior retroperitoneum adjacent to the psoas muscle,1,right_kidney,0.5728086041180206,0.4013537397795547,41926,102377,41329,0.002570450426589564
CYST_PA19.nii.gz,16,left kidney,2,left_kidney,0.957107798249168,0.917743748243961,106099,112309,104520,0.006504847107063068
CYST_PA19.nii.gz,17,left renal parenchyma,2,left_kidney,0.9567039042122785,0.9170013269243328,105840,112309,104352,0.006488968018657623
CYST_PA19.nii.gz,18,left-sided bean-shaped retroperitoneal organ,2,left_kidney,0.9183034963354952,0.8489474572808507,95766,112309,95538,0.005871338919829609
CYST_PA19.nii.gz,19,left renal cortex surrounding the collecting sinus,2,left_kidney,0.8938895688634461,0.8081377263073528,91130,112309,90926,0.005587109368294304
CYST_PA19.nii.gz,20,left renal fossa,2,left_kidney,0.9406108411390752,0.8878803726389747,100676,112309,100168,0.006172367198095
CYST_PA19.nii.gz,21,left posterior pararenal region,2,left_kidney,0.006938775511085236,0.003481466312580932,391,112309,391,2.3971905662274475e-05
CYST_PA19.nii.gz,22,posteroinferior to the spleen,2,left_kidney,1.721407508777696e-05,8.607112055973244e-06,3875,112309,1,0.00023757323386525215
CYST_PA19.nii.gz,23,left kidney is positioned in the left posterior retroperitoneum near the splenic hilum,2,left_kidney,0.6820638474977537,0.5175241958444372,58285,112309,58178,0.0035734079834416053
CYST_PA19.nii.gz,24,gallbladder,3,gallbladder,0.8859183493521102,0.795200557191898,26360,30345,25118,0.001616111082500141
CYST_PA19.nii.gz,25,cystic biliary reservoir,3,gallbladder,0.8652216605450318,0.7624587379426259,24649,30345,23791,0.0015112110042695742
CYST_PA19.nii.gz,26,thin-walled pear-shaped fluid structure,3,gallbladder,3.2954358213765183e-12,3.2954358213765183e-12,0,30345,0,0.0
CYST_PA19.nii.gz,27,hypodense intraluminal bile-containing sac,3,gallbladder,0.7568216852520333,0.6087796708441213,19606,30345,18902,0.0012020285995257118
CYST_PA19.nii.gz,28,gallbladder fossa,3,gallbladder,0.8685453656949765,0.7676360495256498,24906,30345,23994,0.0015269674742317341
CYST_PA19.nii.gz,29,inferior hepatic surface,3,gallbladder,0.021116220849768903,0.010670773631314991,410643,30345,4656,0.025176202703000965
CYST_PA19.nii.gz,30,adjacent to hepatic segment IVb and segment V,3,gallbladder,0.13633735420369586,0.07315559740013446,19810,30345,3419,0.0012145356807408117
CYST_PA19.nii.gz,31,gallbladder lies along the undersurface of the liver near the porta hepatis,3,gallbladder,0.8692633602736688,0.7687584621689324,25829,30345,24415,0.0015835558858078962
CYST_PA19.nii.gz,32,liver,4,liver,0.9464453293176781,0.89833527927386,969388,1046720,954068,0.05943242374972104
CYST_PA19.nii.gz,33,hepatic parenchyma,4,liver,0.9476202342882075,0.9004546316483724,967722,1046720,954463,0.059330282586464396
CYST_PA19.nii.gz,34,large right-dominant solid visceral organ,4,liver,0.001271406058746093,0.0006361074048249954,939,1046720,666,5.7569359122444324e-05
CYST_PA19.nii.gz,35,homogeneous hepatic attenuation structure,4,liver,0.9266587762915512,0.8633403393283497,914319,1046720,908607,0.056056186223082186
CYST_PA19.nii.gz,36,right hypochondrial region,4,liver,0.014344873563877744,0.0072242522747231076,9267,1046720,7574,0.0005681525569623978
CYST_PA19.nii.gz,37,right subdiaphragmatic compartment,4,liver,9.553653317027519e-14,9.553653317027519e-14,0,1046720,0,0.0
CYST_PA19.nii.gz,38,cranial to the gallbladder and right kidney,4,liver,9.553288241811918e-14,9.553288241811918e-14,40,1046720,0,2.4523688657058284e-06
CYST_PA19.nii.gz,39,liver occupies the right upper abdomen and extends into the epigastrium,4,liver,0.6879613878822565,0.5243453824669514,554021,1046720,550624,0.03396659628368022
CYST_PA19.nii.gz,40,stomach,5,stomach,0.5936672959717616,0.42213858375869084,72289,159713,68866,0.004431982323325216
CYST_PA19.nii.gz,41,gastric lumen,5,stomach,0.5172278398568386,0.34882489283262585,56768,159713,55985,0.003480401894209712
CYST_PA19.nii.gz,42,hollow foregut organ with variable distension,5,stomach,0.2529820149788154,0.14480790532686771,23217,159713,23139,0.0014234161988773055
CYST_PA19.nii.gz,43,air-fluid containing gastric cavity,5,stomach,0.5139535311542183,0.34585293389493327,57723,159713,55876,0.0035389522008784386
CYST_PA19.nii.gz,44,epigastric region,5,stomach,0.31706148915041654,0.1883975481616285,30288,159713,30121,0.0018569337051124533
CYST_PA19.nii.gz,45,left upper intraperitoneal space,5,stomach,6.261231083251669e-13,6.261231083251669e-13,0,159713,0,0.0
CYST_PA19.nii.gz,46,medial to the spleen and ventral to the pancreas,5,stomach,6.202858277090237e-13,6.202858277090237e-13,1503,159713,0,9.214776012889651e-05
CYST_PA19.nii.gz,47,stomach is seen below the left hemidiaphragm anterior to the pancreatic body,5,stomach,0.14016638783665075,0.0753650148704088,16021,159713,12316,0.000982235039936827
CYST_PA19.nii.gz,48,aorta,6,aorta,0.9462524767132635,0.8979878536387257,44999,42819,41549,0.0027588536646974146
CYST_PA19.nii.gz,49,abdominal aorta,6,aorta,0.9347783747866981,0.8775435577546192,44468,42819,40797,0.0027262984680051696
CYST_PA19.nii.gz,50,thick-walled pulsatile arterial lumen,6,aorta,0.947460718294113,0.9001666111298452,42717,42819,40521,0.002618946020908897
CYST_PA19.nii.gz,51,round prevertebral arterial structure,6,aorta,2.335411849874272e-12,2.335411849874272e-12,0,42819,0,0.0
CYST_PA19.nii.gz,52,left para-aortic compartment,6,aorta,2.335411849874272e-12,2.335411849874272e-12,0,42819,0,0.0
CYST_PA19.nii.gz,53,anterior vertebral body margin,6,aorta,2.335411849874272e-12,2.335411849874272e-12,0,42819,0,0.0
CYST_PA19.nii.gz,54,left of the inferior vena cava,6,aorta,2.2147413182091273e-12,2.2147413182091273e-12,2333,42819,0,0.00014303441409229244
CYST_PA19.nii.gz,55,abdominal aorta descends anterior to the spine on the left side of midline,6,aorta,0.1231037489121118,0.06558900037377928,3061,42819,2824,0.00018766752744813853
CYST_PA19.nii.gz,56,inferior vena cava,7,inferior_vena_cava,0.5823858161508885,0.41082109842572584,18603,12531,9066,0.0011405354502181382
CYST_PA19.nii.gz,57,IVC,7,inferior_vena_cava,0.5791528026632354,0.4076108984489637,18725,12531,9051,0.001148015175258541
CYST_PA19.nii.gz,58,thin-walled right-sided venous channel,7,inferior_vena_cava,0.2976134768407954,0.17482133040698994,4565,12531,2544,0.00027987659679867767
CYST_PA19.nii.gz,59,oval paracaval vascular lumen,7,inferior_vena_cava,0.0017541062111166154,0.0008778230069357766,11,12531,11,6.744014380691028e-07
CYST_PA19.nii.gz,60,right paracaval compartment,7,inferior_vena_cava,7.98020908141425e-12,7.98020908141425e-12,0,12531,0,0.0
CYST_PA19.nii.gz,61,retrohepatic caval segment,7,inferior_vena_cava,0.36948438275056095,0.22660585329360236,3605,12531,2981,0.0002210197440217378
CYST_PA19.nii.gz,62,right of the abdominal aorta,7,inferior_vena_cava,7.98020908141425e-12,7.98020908141425e-12,0,12531,0,0.0
CYST_PA19.nii.gz,63,inferior vena cava courses along the right anterolateral aspect of the vertebral column,7,inferior_vena_cava,0.38433504946269254,0.23788041532948168,4756,12531,3322,0.000291586658132423
CYST_PA19.nii.gz,64,duodenum,8,duodenum,0.5931335293936717,0.4215990229264299,14490,15773,8975,0.0008883706216019364
CYST_PA19.nii.gz,65,duodenal C-loop,8,duodenum,0.5819137825491342,0.41035148313993114,11994,15773,8079,0.0007353428043818927
CYST_PA19.nii.gz,66,C-shaped proximal small bowel segment,8,duodenum,0.40674308833712414,0.2552903335068264,6472,15773,4524,0.00039679328247120305
CYST_PA19.nii.gz,67,retroperitoneal enteric loop encircling the pancreatic head,8,duodenum,6.0153994224854696e-12,6.0153994224854696e-12,851,15773,0,5.21741476178915e-05
CYST_PA19.nii.gz,68,right anterior pararenal compartment,8,duodenum,6.339948012386102e-12,6.339948012386102e-12,0,15773,0,0.0
CYST_PA19.nii.gz,69,peripancreatic duodenal groove,8,duodenum,0.009070294789930513,0.004555808661435319,2749,15773,84,0.00016853905029563308
CYST_PA19.nii.gz,70,between the pancreatic head and right renal hilum,8,duodenum,6.023370678195257e-12,6.023370678195257e-12,829,15773,0,5.0825344741753294e-05
CYST_PA19.nii.gz,71,duodenum curves around the pancreatic head in the right upper abdomen,8,duodenum,0.22044003588233818,0.12387333966363925,3180,15773,2089,0.00019496332482361336
CYST_PA19.nii.gz,72,pancreas,9,pancreas,0.7200806593710526,0.5625984673515723,55529,46629,36781,0.0034044397685944736
CYST_PA19.nii.gz,73,pancreatic parenchyma,9,pancreas,0.7361964406043282,0.5825244240938661,54287,46629,37147,0.0033282937153143077
CYST_PA19.nii.gz,74,lobulated transverse retroperitoneal gland,9,pancreas,0.008069305918839845,0.004050997328801047,2198,46629,197,0.00013475766917053528
CYST_PA19.nii.gz,75,elongated soft-tissue organ across the epigastrium,9,pancreas,9.035954061201388e-13,9.035954061201388e-13,64040,46629,0,0.003926242553995031
CYST_PA19.nii.gz,76,anterior pararenal compartment,9,pancreas,2.144588131844679e-12,2.144588131844679e-12,0,46629,0,0.0
CYST_PA19.nii.gz,77,retrogastric pancreatic bed,9,pancreas,0.538176934883334,0.36815463357136774,26347,46629,19637,0.0016153140626187865
CYST_PA19.nii.gz,78,from the duodenal C-loop toward the splenic hilum,9,pancreas,0.0329888942558513,0.016771076767901707,5146,46629,854,0.00031549725457305483
CYST_PA19.nii.gz,79,pancreas lies posterior to the stomach and extends transversely toward the spleen,9,pancreas,0.5737578954228381,0.40228646565845044,30156,46629,22028,0.0018488408878556241
CYST_PA19.nii.gz,80,esophagus,10,esophagus,0.6676122931468274,0.501064584817825,5007,7683,4236,0.0003069752727647271
CYST_PA19.nii.gz,81,distal thoracic esophagus,10,esophagus,1.3015749056188784e-11,1.3015749056188784e-11,0,7683,0,0.0
CYST_PA19.nii.gz,82,small collapsed tubular foregut lumen,10,esophagus,1.3015749056188784e-11,1.3015749056188784e-11,0,7683,0,0.0
CYST_PA19.nii.gz,83,thin-walled structure at the esophageal hiatus,10,esophagus,0.14375453009007302,0.07744370689733901,595,7683,595,3.64789868773742e-05
CYST_PA19.nii.gz,84,posterior mediastinal compartment,10,esophagus,1.3015749056188784e-11,1.3015749056188784e-11,0,7683,0,0.0
CYST_PA19.nii.gz,85,gastroesophageal junction region,10,esophagus,1.3015749056188784e-11,1.3015749056188784e-11,0,7683,0,0.0
CYST_PA19.nii.gz,86,posterior to the left atrium and anterior to the vertebral column,10,esophagus,1.3014055179424595e-11,1.3014055179424595e-11,1,7683,0,6.130922164264571e-08
CYST_PA19.nii.gz,87,distal esophagus enters the abdomen through the diaphragmatic hiatus above the stomach,10,esophagus,0.156448710268069,0.08486268385936661,652,7683,652,3.997361251100501e-05
CYST_PA20.nii.gz,0,spleen,0,spleen,0.9217986722892869,0.8549411400248853,121986,141475,121429,0.011470056425990369
CYST_PA20.nii.gz,1,splenic parenchyma,0,spleen,0.9285859659438093,0.8666919943435794,123851,141475,123189,0.011645417985796184
CYST_PA20.nii.gz,2,homogeneous left upper quadrant solid organ,0,spleen,7.068386640744253e-13,7.068386640744253e-13,0,141475,0,0.0
CYST_PA20.nii.gz,3,crescentic organ with smooth lateral convexity,0,spleen,7.068386640744253e-13,7.068386640744253e-13,0,141475,0,0.0
CYST_PA20.nii.gz,4,left hypochondrial region,0,spleen,7.068386640744253e-13,7.068386640744253e-13,0,141475,0,0.0
CYST_PA20.nii.gz,5,left subphrenic compartment,0,spleen,7.068386640744253e-13,7.068386640744253e-13,0,141475,0,0.0
CYST_PA20.nii.gz,6,posterolateral to the gastric fundus,0,spleen,4.581103862784679e-13,4.581103862784679e-13,76813,141475,0,0.007222545572849329
CYST_PA20.nii.gz,7,spleen lies beneath the left hemidiaphragm along the left lateral abdominal wall,0,spleen,0.9082297490874158,0.83188724764053,118217,141475,117930,0.01111566622818441
CYST_PA20.nii.gz,8,right kidney,1,right_kidney,0.9314571154737631,0.8717077517079042,75426,82125,73376,0.007092129227835568
CYST_PA20.nii.gz,9,right renal parenchyma,1,right_kidney,0.9281311282729828,0.8658998808106485,74424,82125,72649,0.006997913526535072
CYST_PA20.nii.gz,10,right-sided reniform retroperitoneal organ,1,right_kidney,0.8938514655109796,0.8080754416259457,67618,82125,66924,0.006357961367801361
CYST_PA20.nii.gz,11,right renal cortex with central renal sinus,1,right_kidney,0.8384742253571685,0.7218731117828134,60360,82125,59735,0.005675508713071817
CYST_PA20.nii.gz,12,right renal fossa,1,right_kidney,0.9076683143454392,0.83094569741575,69199,82125,68676,0.006506619076140767
CYST_PA20.nii.gz,13,right posterior pararenal region,1,right_kidney,1.2176560121750774e-12,1.2176560121750774e-12,0,82125,0,0.0
CYST_PA20.nii.gz,14,caudal to the right hepatic lobe,1,right_kidney,1.2137395314950676e-12,1.2137395314950676e-12,265,82125,0,2.4917326192247044e-05
CYST_PA20.nii.gz,15,right kidney is positioned in the right posterior retroperitoneum adjacent to the psoas muscle,1,right_kidney,0.7056477991342126,0.5451744885685377,46279,82125,45304,0.004351505429626419
CYST_PA20.nii.gz,16,left kidney,2,left_kidney,0.9224168050950268,0.8560051877724935,76890,86251,75242,0.007229785701591982
CYST_PA20.nii.gz,17,left renal parenchyma,2,left_kidney,0.9225826344351735,0.8562908524790729,75909,86251,74803,0.007137544580857664
CYST_PA20.nii.gz,18,left-sided bean-shaped retroperitoneal organ,2,left_kidney,0.8842346068345885,0.7924915150183687,68493,86251,68415,0.0064402355580587805
CYST_PA20.nii.gz,19,left renal cortex surrounding the collecting sinus,2,left_kidney,0.8427046545773034,0.7281673238473877,64955,86251,63711,0.0061075657464807805
CYST_PA20.nii.gz,20,left renal fossa,2,left_kidney,0.9028566364736061,0.8229158253045371,71732,86251,71318,0.006744791103480245
CYST_PA20.nii.gz,21,left posterior pararenal region,2,left_kidney,0.019085459682805762,0.009634670903514586,831,86251,831,7.813697383304639e-05
CYST_PA20.nii.gz,22,posteroinferior to the spleen,2,left_kidney,1.1191065053648633e-12,1.1191065053648633e-12,3106,86251,0,0.00029204986850233706
CYST_PA20.nii.gz,23,left kidney is positioned in the left posterior retroperitoneum near the splenic hilum,2,left_kidney,0.7020220843475165,0.5408582656777722,50588,86251,48032,0.004756670556276957
CYST_PA20.nii.gz,24,gallbladder,3,gallbladder,0.8713110921644279,0.7719674448078074,33149,39569,31680,0.003116922437535084
CYST_PA20.nii.gz,25,cystic biliary reservoir,3,gallbladder,0.8433855763447418,0.7291847301019913,30233,39569,29435,0.002842737821774358
CYST_PA20.nii.gz,26,thin-walled pear-shaped fluid structure,3,gallbladder,2.5272309130821417e-12,2.5272309130821417e-12,0,39569,0,0.0
CYST_PA20.nii.gz,27,hypodense intraluminal bile-containing sac,3,gallbladder,0.28053099267977377,0.1631497814076896,6458,39569,6456,0.0006072305379227601
CYST_PA20.nii.gz,28,gallbladder fossa,3,gallbladder,0.8644449102216664,0.761253168607385,31996,39569,30932,0.0030085085616873074
CYST_PA20.nii.gz,29,inferior hepatic surface,3,gallbladder,0.04023791404993763,0.020532040260796115,224560,39569,5314,0.021114848187664136
CYST_PA20.nii.gz,30,adjacent to hepatic segment IVb and segment V,3,gallbladder,0.0023571586441369185,0.0011799700115509722,1158,39569,48,0.00010888401407781916
CYST_PA20.nii.gz,31,gallbladder lies along the undersurface of the liver near the porta hepatis,3,gallbladder,0.8404972035876465,0.7248772544478921,30342,39569,29380,0.0028529868351892824
CYST_PA20.nii.gz,32,liver,4,liver,0.9213123768146297,0.8541048928456217,733640,815854,713784,0.06898244221766084
CYST_PA20.nii.gz,33,hepatic parenchyma,4,liver,0.9282137002861041,0.8660436325169405,729413,815854,717169,0.06858498735798299
CYST_PA20.nii.gz,34,large right-dominant solid visceral organ,4,liver,1.2257095019450507e-13,1.2257095019450507e-13,0,815854,0,0.0
CYST_PA20.nii.gz,35,homogeneous hepatic attenuation structure,4,liver,0.8942305419969917,0.8086952804899877,665169,815854,662188,0.06254427526781424
CYST_PA20.nii.gz,36,right hypochondrial region,4,liver,0.0014327366863860097,0.0007168818947493956,765,815854,585,7.193114919648675e-05
CYST_PA20.nii.gz,37,right subdiaphragmatic compartment,4,liver,1.2257095019450507e-13,1.2257095019450507e-13,0,815854,0,0.0
CYST_PA20.nii.gz,38,cranial to the gallbladder and right kidney,4,liver,1.225251464481648e-05,6.1262949149295205e-06,305,815854,5,2.8678432032586222e-05
CYST_PA20.nii.gz,39,liver occupies the right upper abdomen and extends into the epigastrium,4,liver,0.6500229390350052,0.48150665506152857,396054,815854,393884,0.037240025312242304
CYST_PA20.nii.gz,40,stomach,5,stomach,0.8267670207076386,0.7046912551046921,110494,151246,108199,0.010389490718060924
CYST_PA20.nii.gz,41,gastric lumen,5,stomach,0.7747527941508943,0.6323236571791508,97130,151246,96215,0.009132905256803605
CYST_PA20.nii.gz,42,hollow foregut organ with variable distension,5,stomach,0.3388557276769488,0.2039893423606778,30861,151246,30854,0.002901787183467683
CYST_PA20.nii.gz,43,air-fluid containing gastric cavity,5,stomach,0.767753385359781,0.6230517302610694,95552,151246,94740,0.008984529631402225
CYST_PA20.nii.gz,44,epigastric region,5,stomach,0.31574493199078224,0.1874685954571262,28361,151246,28355,0.002666718068446485
CYST_PA20.nii.gz,45,left upper intraperitoneal space,5,stomach,6.611745103998379e-13,6.611745103998379e-13,0,151246,0,0.0
CYST_PA20.nii.gz,46,medial to the spleen and ventral to the pancreas,5,stomach,6.415150018279062e-13,6.415150018279062e-13,4635,151246,0,0.00043581813924930206
CYST_PA20.nii.gz,47,stomach is seen below the left hemidiaphragm anterior to the pancreatic body,5,stomach,0.010501299569204153,0.005278364629030164,1497,151246,802,0.00014075938607469368
CYST_PA20.nii.gz,48,aorta,6,aorta,0.9562817248039204,0.9162259083988338,57773,59249,55953,0.005432259192847881
CYST_PA20.nii.gz,49,abdominal aorta,6,aorta,0.7502585210570467,0.6003309754046331,39389,59249,37002,0.0037036549486279954
CYST_PA20.nii.gz,50,thick-walled pulsatile arterial lumen,6,aorta,0.942838871319618,0.891859193211754,54902,59249,53813,0.005162305821157537
CYST_PA20.nii.gz,51,round prevertebral arterial structure,6,aorta,1.6877921990216074e-12,1.6877921990216074e-12,0,59249,0,0.0
CYST_PA20.nii.gz,52,left para-aortic compartment,6,aorta,1.6877921990216074e-12,1.6877921990216074e-12,0,59249,0,0.0
CYST_PA20.nii.gz,53,anterior vertebral body margin,6,aorta,1.6877921990216074e-12,1.6877921990216074e-12,0,59249,0,0.0
CYST_PA20.nii.gz,54,left of the inferior vena cava,6,aorta,1.6866250632455951e-12,1.6866250632455951e-12,41,59249,0,3.855133486347656e-06
CYST_PA20.nii.gz,55,abdominal aorta descends anterior to the spine on the left side of midline,6,aorta,0.0016526695689540072,0.0008270181792083799,49,59249,49,4.607354654415491e-06
CYST_PA20.nii.gz,56,inferior vena cava,7,inferior_vena_cava,0.6181979808266036,0.44738535061623574,8982,6767,4868,0.000844556316448162
CYST_PA20.nii.gz,57,IVC,7,inferior_vena_cava,0.6161678115823346,0.44526194486796145,9537,6767,5023,0.0008967416599828682
CYST_PA20.nii.gz,58,thin-walled right-sided venous channel,7,inferior_vena_cava,0.19368213228831507,0.10722483332487456,3363,6767,981,0.0003162149735265163
CYST_PA20.nii.gz,59,oval paracaval vascular lumen,7,inferior_vena_cava,0.14015359299039834,0.07535761688430383,525,6767,511,4.936451415445169e-05
CYST_PA20.nii.gz,60,right paracaval compartment,7,inferior_vena_cava,1.4777597162482967e-11,1.4777597162482967e-11,0,6767,0,0.0
CYST_PA20.nii.gz,61,retrohepatic caval segment,7,inferior_vena_cava,0.17238669112952076,0.0943233945083956,867,6767,658,8.152196908935165e-05
CYST_PA20.nii.gz,62,right of the abdominal aorta,7,inferior_vena_cava,1.4721036360743103e-11,1.4721036360743103e-11,26,6767,0,2.4447187962204645e-06
CYST_PA20.nii.gz,63,inferior vena cava courses along the right anterolateral aspect of the vertebral column,7,inferior_vena_cava,0.07734038115068381,0.04022572711560953,422,6767,278,3.9679666615578314e-05
CYST_PA20.nii.gz,64,duodenum,8,duodenum,0.6857663595739573,0.5217994262818029,31416,48690,27467,0.0029539725270023892
CYST_PA20.nii.gz,65,duodenal C-loop,8,duodenum,0.6500954522873897,0.4815862376266848,27788,48690,24859,0.002612840227283626
CYST_PA20.nii.gz,66,C-shaped proximal small bowel segment,8,duodenum,0.5819096179373027,0.4103473412545849,22895,48690,20828,0.0021527629553641362
CYST_PA20.nii.gz,67,retroperitoneal enteric loop encircling the pancreatic head,8,duodenum,8.214902037278784e-05,4.107619839794398e-05,2,48690,2,1.8805529201695882e-07
CYST_PA20.nii.gz,68,right anterior pararenal compartment,8,duodenum,1.989812161727973e-12,1.989812161727973e-12,1566,48690,0,0.00014724729364927876
CYST_PA20.nii.gz,69,peripancreatic duodenal groove,8,duodenum,0.004871190671462206,0.0024415419448917354,1811,48690,123,0.00017028406692135622
CYST_PA20.nii.gz,70,between the pancreatic head and right renal hilum,8,duodenum,2.050861361767738e-12,2.050861361767738e-12,70,48690,0,6.581935220593559e-06
CYST_PA20.nii.gz,71,duodenum curves around the pancreatic head in the right upper abdomen,8,duodenum,0.3362453955743126,0.20210035463233586,12664,48690,10315,0.0011907661090513834
CYST_PA20.nii.gz,72,pancreas,9,pancreas,0.8080851664082178,0.6779722373060468,49905,70612,48694,0.004692449674053165
CYST_PA20.nii.gz,73,pancreatic parenchyma,9,pancreas,0.8111809460802091,0.682341810896986,50308,70612,49044,0.004730342815394582
CYST_PA20.nii.gz,74,lobulated transverse retroperitoneal gland,9,pancreas,0.0019524341774989707,0.0009771710205050456,69,70612,69,6.4879075745850794e-06
CYST_PA20.nii.gz,75,elongated soft-tissue organ across the epigastrium,9,pancreas,5.777908743705963e-13,5.777908743705963e-13,102461,70612,0,0.009634166637674808
CYST_PA20.nii.gz,76,anterior pararenal compartment,9,pancreas,1.4125690393098009e-12,1.4125690393098009e-12,181,70612,0,1.7019003927534775e-05
CYST_PA20.nii.gz,77,retrogastric pancreatic bed,9,pancreas,0.454133905170951,0.29377311960641495,21722,70612,20966,0.00204246852659619
CYST_PA20.nii.gz,78,from the duodenal C-loop toward the splenic hilum,9,pancreas,0.027860854931339638,0.014127225759970793,17325,70612,1225,0.0016290289670969058
CYST_PA20.nii.gz,79,pancreas lies posterior to the stomach and extends transversely toward the spleen,9,pancreas,0.5589451133042064,0.3878721889534907,28811,70612,27786,0.0027090305091503003
CYST_PA20.nii.gz,80,esophagus,10,esophagus,0.33266533066800935,0.19951923077885192,2856,7124,1660,0.0002685429570002172
CYST_PA20.nii.gz,81,distal thoracic esophagus,10,esophagus,1.4037057832481231e-11,1.4037057832481231e-11,0,7124,0,0.0
CYST_PA20.nii.gz,82,small collapsed tubular foregut lumen,10,esophagus,1.4037057832481231e-11,1.4037057832481231e-11,0,7124,0,0.0
CYST_PA20.nii.gz,83,thin-walled structure at the esophageal hiatus,10,esophagus,0.01615148984939917,0.008141493556876173,58,7124,58,5.453603468491806e-06
CYST_PA20.nii.gz,84,posterior mediastinal compartment,10,esophagus,1.4037057832481231e-11,1.4037057832481231e-11,0,7124,0,0.0
CYST_PA20.nii.gz,85,gastroesophageal junction region,10,esophagus,1.4037057832481231e-11,1.4037057832481231e-11,0,7124,0,0.0
CYST_PA20.nii.gz,86,posterior to the left atrium and anterior to the vertebral column,10,esophagus,1.4037057832481231e-11,1.4037057832481231e-11,0,7124,0,0.0
CYST_PA20.nii.gz,87,distal esophagus enters the abdomen through the diaphragmatic hiatus above the stomach,10,esophagus,1.4037057832481231e-11,1.4037057832481231e-11,0,7124,0,0.0
CYST_PA37.nii.gz,0,spleen,0,spleen,0.9100172650717663,0.8348914491125401,64867,77038,64568,0.004969856164009927
CYST_PA37.nii.gz,1,splenic parenchyma,0,spleen,0.9131056928818544,0.8401053229389229,65526,77038,65088,0.005020346169900172
CYST_PA37.nii.gz,2,homogeneous left upper quadrant solid organ,0,spleen,1.2980606973165215e-12,1.2980606973165215e-12,0,77038,0,0.0
CYST_PA37.nii.gz,3,crescentic organ with smooth lateral convexity,0,spleen,1.2980606973165215e-12,1.2980606973165215e-12,0,77038,0,0.0
CYST_PA37.nii.gz,4,left hypochondrial region,0,spleen,1.2980606973165215e-12,1.2980606973165215e-12,0,77038,0,0.0
CYST_PA37.nii.gz,5,left subphrenic compartment,0,spleen,1.2980606973165215e-12,1.2980606973165215e-12,0,77038,0,0.0
CYST_PA37.nii.gz,6,posterolateral to the gastric fundus,0,spleen,1.087902523932672e-12,1.087902523932672e-12,14882,77038,0,0.0011402007096489083
CYST_PA37.nii.gz,7,spleen lies beneath the left hemidiaphragm along the left lateral abdominal wall,0,spleen,0.901317695269791,0.8203624390685389,64497,77038,63784,0.004941508209261231
CYST_PA37.nii.gz,8,right kidney,1,right_kidney,0.9246972773673111,0.8599413522393238,93119,107312,92669,0.007134414049307666
CYST_PA37.nii.gz,9,right renal parenchyma,1,right_kidney,0.9242950618086586,0.8592459037724707,92741,107312,92454,0.007105453165807647
CYST_PA37.nii.gz,10,right-sided reniform retroperitoneal organ,1,right_kidney,0.8428586827639092,0.7283973618514287,78228,107312,78192,0.005993523794813519
CYST_PA37.nii.gz,11,right renal cortex with central renal sinus,1,right_kidney,0.7341400763540238,0.5799536446653387,62424,107312,62305,0.004782683046574617
CYST_PA37.nii.gz,12,right renal fossa,1,right_kidney,0.8920797238661369,0.805184039937593,86507,107312,86451,0.006627828436339075
CYST_PA37.nii.gz,13,right posterior pararenal region,1,right_kidney,0.0005962140417716908,0.00029819591564755275,32,107312,32,2.4517150052926396e-06
CYST_PA37.nii.gz,14,caudal to the right hepatic lobe,1,right_kidney,9.2780731297638e-13,9.2780731297638e-13,469,107312,0,3.593294804632025e-05
CYST_PA37.nii.gz,15,right kidney is positioned in the right posterior retroperitoneum adjacent to the psoas muscle,1,right_kidney,0.6076612067180647,0.4364320017875019,47024,107312,46892,0.003602795200277534
CYST_PA37.nii.gz,16,left kidney,2,left_kidney,0.923462096501509,0.8578073224366326,85102,98232,84651,0.006520182824387944
CYST_PA37.nii.gz,17,left renal parenchyma,2,left_kidney,0.916161605051029,0.8452935505152024,83594,98232,83291,0.006404645754763529
CYST_PA37.nii.gz,18,left-sided bean-shaped retroperitoneal organ,2,left_kidney,0.8648720466756022,0.7619159092530744,74878,98232,74859,0.005736859880196946
CYST_PA37.nii.gz,19,left renal cortex surrounding the collecting sinus,2,left_kidney,0.8576288899211231,0.7507445543349318,74008,98232,73859,0.005670203878490552
CYST_PA37.nii.gz,20,left renal fossa,2,left_kidney,0.8954000764406262,0.8106103009272966,79684,98232,79653,0.006105076827554335
CYST_PA37.nii.gz,21,left posterior pararenal region,2,left_kidney,0.0006106124452986805,0.00030539946351463334,30,98232,30,2.2984828174618497e-06
CYST_PA37.nii.gz,22,posteroinferior to the spleen,2,left_kidney,8.920208732876392e-13,8.920208732876392e-13,13873,98232,0,0.0010628950708882747
CYST_PA37.nii.gz,23,left kidney is positioned in the left posterior retroperitoneum near the splenic hilum,2,left_kidney,0.6911501866164044,0.5280592009483317,53952,98232,52591,0.00413359149892339
CYST_PA37.nii.gz,24,gallbladder,3,gallbladder,0.8332828497006323,0.7142115374644883,14370,18644,13755,0.001100973269564226
CYST_PA37.nii.gz,25,cystic biliary reservoir,3,gallbladder,0.8242018252778656,0.700972193185757,13899,18644,13411,0.001064887089330075
CYST_PA37.nii.gz,26,thin-walled pear-shaped fluid structure,3,gallbladder,5.36365586781075e-12,5.36365586781075e-12,0,18644,0,0.0
CYST_PA37.nii.gz,27,hypodense intraluminal bile-containing sac,3,gallbladder,0.7225123741262246,0.5655728944016376,10651,18644,10583,0.000816038016292872
CYST_PA37.nii.gz,28,gallbladder fossa,3,gallbladder,0.8120724346082276,0.6836043360450094,13661,18644,13117,0.001046652458978211
CYST_PA37.nii.gz,29,inferior hepatic surface,3,gallbladder,0.000785040797484201,0.0003926745317145704,220834,18644,94,0.01691943848371234
CYST_PA37.nii.gz,30,adjacent to hepatic segment IVb and segment V,3,gallbladder,5.202101649039161e-12,5.202101649039161e-12,579,18644,0,4.43607183770137e-05
CYST_PA37.nii.gz,31,gallbladder lies along the undersurface of the liver near the porta hepatis,3,gallbladder,0.8096459401982683,0.6801723684918799,13328,18644,12943,0.0010211392997043845
CYST_PA37.nii.gz,32,liver,4,liver,0.9383148079747297,0.8837975842771322,771209,804469,739241,0.059087021172397856
CYST_PA37.nii.gz,33,hepatic parenchyma,4,liver,0.9403489754862772,0.8874138312826277,763836,804469,737377,0.05852213071195965
CYST_PA37.nii.gz,34,large right-dominant solid visceral organ,4,liver,1.243055978539727e-13,1.243055978539727e-13,0,804469,0,0.0
CYST_PA37.nii.gz,35,homogeneous hepatic attenuation structure,4,liver,0.8133769610014099,0.6854552240009217,554913,804469,552845,0.04251526652287358
CYST_PA37.nii.gz,36,right hypochondrial region,4,liver,0.0034965729119822144,0.0017513483145911615,1463,804469,1409,0.00011208934539822287
CYST_PA37.nii.gz,37,right subdiaphragmatic compartment,4,liver,1.243055978539727e-13,1.243055978539727e-13,0,804469,0,0.0
CYST_PA37.nii.gz,38,cranial to the gallbladder and right kidney,4,liver,2.2338409654161418e-05,1.11693296416617e-05,1318,804469,9,0.0001009800117804906
CYST_PA37.nii.gz,39,liver occupies the right upper abdomen and extends into the epigastrium,4,liver,0.8047167887271861,0.6732436138463758,543906,804469,542530,0.04167195317714683
CYST_PA37.nii.gz,40,stomach,5,stomach,0.7068640646031289,0.5466278101586031,64651,109954,61711,0.004953307087724202
CYST_PA37.nii.gz,41,gastric lumen,5,stomach,0.5543779915244419,0.38348751490678323,43187,109954,42449,0.0033088192479241636
CYST_PA37.nii.gz,42,hollow foregut organ with variable distension,5,stomach,0.16569980662868766,0.09033407248619513,10022,109954,9940,0.0007678464932200887
CYST_PA37.nii.gz,43,air-fluid containing gastric cavity,5,stomach,0.572432638454013,0.40098467776293434,44845,109954,44306,0.0034358487316358886
CYST_PA37.nii.gz,44,epigastric region,5,stomach,0.2575197053121103,0.14778916358357555,16281,109954,16254,0.0012473866250365458
CYST_PA37.nii.gz,45,left upper intraperitoneal space,5,stomach,9.094712334240596e-13,9.094712334240596e-13,0,109954,0,0.0
CYST_PA37.nii.gz,46,medial to the spleen and ventral to the pancreas,5,stomach,9.094464199633407e-13,9.094464199633407e-13,3,109954,0,2.29848281746185e-07
CYST_PA37.nii.gz,47,stomach is seen below the left hemidiaphragm anterior to the pancreatic body,5,stomach,0.08198822760053893,0.04274646734769787,4721,109954,4701,0.00036170457937457974
CYST_PA37.nii.gz,48,aorta,6,aorta,0.9290602891418707,0.867518759200324,54172,49860,48326,0.004150447039584777
CYST_PA37.nii.gz,49,abdominal aorta,6,aorta,0.8952392351657288,0.8103466955583056,50397,49860,44877,0.0038612212850541614
CYST_PA37.nii.gz,50,thick-walled pulsatile arterial lumen,6,aorta,0.9300119798422521,0.8691798060554645,51143,49860,46967,0.003918376891115046
CYST_PA37.nii.gz,51,round prevertebral arterial structure,6,aorta,2.0056157240232536e-12,2.0056157240232536e-12,0,49860,0,0.0
CYST_PA37.nii.gz,52,left para-aortic compartment,6,aorta,2.0056157240232536e-12,2.0056157240232536e-12,0,49860,0,0.0
CYST_PA37.nii.gz,53,anterior vertebral body margin,6,aorta,2.0056157240232536e-12,2.0056157240232536e-12,0,49860,0,0.0
CYST_PA37.nii.gz,54,left of the inferior vena cava,6,aorta,1.9966456353286544e-12,1.9966456353286544e-12,224,49860,0,1.716200503704848e-05
CYST_PA37.nii.gz,55,abdominal aorta descends anterior to the spine on the left side of midline,6,aorta,0.2513390442639159,0.14373229037964694,7457,49860,7203,0.0005713262123271005
CYST_PA37.nii.gz,56,inferior vena cava,7,inferior_vena_cava,0.5877124763930389,0.4161422278192986,17525,9478,7935,0.0013426970458672973
CYST_PA37.nii.gz,57,IVC,7,inferior_vena_cava,0.58396568789331,0.41239515377750646,17801,9478,7965,0.0013638430877879462
CYST_PA37.nii.gz,58,thin-walled right-sided venous channel,7,inferior_vena_cava,0.17120484072636408,0.09361619308005432,1760,9478,962,0.00013484432529109518
CYST_PA37.nii.gz,59,oval paracaval vascular lumen,7,inferior_vena_cava,0.021913805707795952,0.011078286568779506,105,9478,105,8.044689861116474e-06
CYST_PA37.nii.gz,60,right paracaval compartment,7,inferior_vena_cava,1.0550749103075006e-11,1.0550749103075006e-11,0,9478,0,0.0
CYST_PA37.nii.gz,61,retrohepatic caval segment,7,inferior_vena_cava,0.03139653415870136,0.015948632984507573,332,9478,154,2.5436543179911137e-05
CYST_PA37.nii.gz,62,right of the abdominal aorta,7,inferior_vena_cava,6.3775510203674895e-12,6.3775510203674895e-12,6202,9478,0,0.00047517301446327976
CYST_PA37.nii.gz,63,inferior vena cava courses along the right anterolateral aspect of the vertebral column,7,inferior_vena_cava,0.0608747045009764,0.0313928680378808,674,9478,309,5.1639247298976224e-05
CYST_PA37.nii.gz,64,duodenum,8,duodenum,0.6887176407798093,0.5252245147186883,26538,33414,20645,0.002033237900326752
CYST_PA37.nii.gz,65,duodenal C-loop,8,duodenum,0.6606326763787835,0.49324234265589734,22602,33414,18503,0.0017316769546757576
CYST_PA37.nii.gz,66,C-shaped proximal small bowel segment,8,duodenum,0.6026237328570808,0.43125373389254573,16896,33414,15159,0.0012945055227945139
CYST_PA37.nii.gz,67,retroperitoneal enteric loop encircling the pancreatic head,8,duodenum,2.9920411704775533e-12,2.9920411704775533e-12,8,33414,0,6.129287513231599e-07
CYST_PA37.nii.gz,68,right anterior pararenal compartment,8,duodenum,2.9603315571256354e-12,2.9603315571256354e-12,366,33414,0,2.804149037303457e-05
CYST_PA37.nii.gz,69,peripancreatic duodenal groove,8,duodenum,0.034333265445505155,0.01746647325552128,955,33414,590,7.316836968920221e-05
CYST_PA37.nii.gz,70,between the pancreatic head and right renal hilum,8,duodenum,2.992757526776223e-12,2.992757526776223e-12,0,33414,0,0.0
CYST_PA37.nii.gz,71,duodenum curves around the pancreatic head in the right upper abdomen,8,duodenum,0.34196915777143067,0.20625017886499084,8736,33414,7207,0.0006693181964448906
CYST_PA37.nii.gz,72,pancreas,9,pancreas,0.7826656805566692,0.6429340470043636,55024,51793,41801,0.004215723951600694
CYST_PA37.nii.gz,73,pancreatic parenchyma,9,pancreas,0.7897679434665729,0.6525756272967207,53914,51793,41742,0.004130680087354606
CYST_PA37.nii.gz,74,lobulated transverse retroperitoneal gland,9,pancreas,0.036507695808938305,0.01859324619346515,963,51793,963,7.378129844052538e-05
CYST_PA37.nii.gz,75,elongated soft-tissue organ across the epigastrium,9,pancreas,1.0944990477846305e-12,1.0944990477846305e-12,39573,51793,0,0.003031928684513926
CYST_PA37.nii.gz,76,anterior pararenal compartment,9,pancreas,1.9307628443960943e-12,1.9307628443960943e-12,0,51793,0,0.0
CYST_PA37.nii.gz,77,retrogastric pancreatic bed,9,pancreas,0.5688955028128624,0.3975219866416442,27501,51793,22555,0.0021070191987672777
CYST_PA37.nii.gz,78,from the duodenal C-loop toward the splenic hilum,9,pancreas,1.5308543698214551e-12,1.5308543698214551e-12,13530,51793,0,0.0010366157506752943
CYST_PA37.nii.gz,79,pancreas lies posterior to the stomach and extends transversely toward the spleen,9,pancreas,0.6020113339042421,0.43062676293808544,28850,51793,24274,0.0022103743094591456
CYST_PA37.nii.gz,80,esophagus,10,esophagus,0.6969365426714264,0.5348446683502672,6912,9540,5733,0.0005295704411432102
CYST_PA37.nii.gz,81,distal thoracic esophagus,10,esophagus,1.048218029339117e-11,1.048218029339117e-11,0,9540,0,0.0
CYST_PA37.nii.gz,82,small collapsed tubular foregut lumen,10,esophagus,1.048218029339117e-11,1.048218029339117e-11,0,9540,0,0.0
CYST_PA37.nii.gz,83,thin-walled structure at the esophageal hiatus,10,esophagus,0.30166312810242685,0.17762266903659107,1764,9540,1705,0.00013515078966675677
CYST_PA37.nii.gz,84,posterior mediastinal compartment,10,esophagus,1.048218029339117e-11,1.048218029339117e-11,0,9540,0,0.0
CYST_PA37.nii.gz,85,gastroesophageal junction region,10,esophagus,1.048218029339117e-11,1.048218029339117e-11,0,9540,0,0.0
CYST_PA37.nii.gz,86,posterior to the left atrium and anterior to the vertebral column,10,esophagus,1.048218029339117e-11,1.048218029339117e-11,0,9540,0,0.0
CYST_PA37.nii.gz,87,distal esophagus enters the abdomen through the diaphragmatic hiatus above the stomach,10,esophagus,1.048218029339117e-11,1.048218029339117e-11,0,9540,0,0.0
CYST_PA38.nii.gz,0,spleen,0,spleen,0.9152014231094358,0.8436602357396059,154251,180790,153315,0.013531327165895276
CYST_PA38.nii.gz,1,splenic parenchyma,0,spleen,0.9181340251836113,0.8486578250503529,155699,180790,154471,0.013658349757231581
CYST_PA38.nii.gz,2,homogeneous left upper quadrant solid organ,0,spleen,5.531279384918672e-13,5.531279384918672e-13,0,180790,0,0.0
CYST_PA38.nii.gz,3,crescentic organ with smooth lateral convexity,0,spleen,5.531279384918672e-13,5.531279384918672e-13,0,180790,0,0.0
CYST_PA38.nii.gz,4,left hypochondrial region,0,spleen,5.531279384918672e-13,5.531279384918672e-13,0,180790,0,0.0
CYST_PA38.nii.gz,5,left subphrenic compartment,0,spleen,5.531279384918672e-13,5.531279384918672e-13,0,180790,0,0.0
CYST_PA38.nii.gz,6,posterolateral to the gastric fundus,0,spleen,4.277544176335651e-13,4.277544176335651e-13,52989,180790,0,0.004648342605192996
CYST_PA38.nii.gz,7,spleen lies beneath the left hemidiaphragm along the left lateral abdominal wall,0,spleen,0.8733472857915101,0.7751699124118604,141256,180790,140629,0.012391369586879197
CYST_PA38.nii.gz,8,right kidney,1,right_kidney,0.9455727131051499,0.8967642670646244,98023,105386,96169,0.008598850463092963
CYST_PA38.nii.gz,9,right renal parenchyma,1,right_kidney,0.9465665362612565,0.8985536997294965,98082,105386,96298,0.008604026107353214
CYST_PA38.nii.gz,10,right-sided reniform retroperitoneal organ,1,right_kidney,0.9253982920910586,0.8611546820373607,91580,105386,91136,0.00803365256531685
CYST_PA38.nii.gz,11,right renal cortex with central renal sinus,1,right_kidney,0.8814871703155706,0.788088564495393,84720,105386,83788,0.007431874266582698
CYST_PA38.nii.gz,12,right renal fossa,1,right_kidney,0.9339059243075246,0.8760070481593977,93709,105386,92968,0.00822041437260621
CYST_PA38.nii.gz,13,right posterior pararenal region,1,right_kidney,1.897767371685409e-05,9.488927371748156e-06,1,105386,1,8.772278407203374e-08
CYST_PA38.nii.gz,14,caudal to the right hepatic lobe,1,right_kidney,9.360929353057408e-13,9.360929353057408e-13,1441,105386,0,0.0001264085318478006
CYST_PA38.nii.gz,15,right kidney is positioned in the right posterior retroperitoneum adjacent to the psoas muscle,1,right_kidney,0.7537334000800093,0.6047930676539199,72401,105386,67002,0.006351217289599315
CYST_PA38.nii.gz,16,left kidney,2,left_kidney,0.9341176357971531,0.8763796711242343,99867,109066,97584,0.008760611276921794
CYST_PA38.nii.gz,17,left renal parenchyma,2,left_kidney,0.9334673270643727,0.8752355654469235,99899,109066,97531,0.0087634184060121
CYST_PA38.nii.gz,18,left-sided bean-shaped retroperitoneal organ,2,left_kidney,0.894321583434766,0.8088442082581778,89035,109066,88583,0.007810398079853524
CYST_PA38.nii.gz,19,left renal cortex surrounding the collecting sinus,2,left_kidney,0.8610433024956018,0.7559930104299715,83879,109066,83067,0.007358099405178118
CYST_PA38.nii.gz,20,left renal fossa,2,left_kidney,0.9262438194169705,0.8626202448623901,95405,109066,94695,0.008369192214392378
CYST_PA38.nii.gz,21,left posterior pararenal region,2,left_kidney,0.008508928898396351,0.004272642254227466,466,109066,466,4.087881737756772e-05
CYST_PA38.nii.gz,22,posteroinferior to the spleen,2,left_kidney,4.872977795460925e-05,2.4365483045665487e-05,14062,109066,3,0.0012335577896209384
CYST_PA38.nii.gz,23,left kidney is positioned in the left posterior retroperitoneum near the splenic hilum,2,left_kidney,0.6887879678681068,0.5253063204037982,57621,109066,57406,0.005054674541014656
CYST_PA38.nii.gz,24,gallbladder,3,gallbladder,0.776788331041827,0.6350399941035975,18592,25765,17228,0.0016309420014672513
CYST_PA38.nii.gz,25,cystic biliary reservoir,3,gallbladder,0.7571178476003015,0.6091630217228513,17647,25765,16434,0.0015480439705191794
CYST_PA38.nii.gz,26,thin-walled pear-shaped fluid structure,3,gallbladder,3.881234232470866e-12,3.881234232470866e-12,0,25765,0,0.0
CYST_PA38.nii.gz,27,hypodense intraluminal bile-containing sac,3,gallbladder,0.6926497255143388,0.5298118943586175,14492,25765,13942,0.001271278586771913
CYST_PA38.nii.gz,28,gallbladder fossa,3,gallbladder,0.7642706131083641,0.6184773310536004,17751,25765,16629,0.0015571671400626708
CYST_PA38.nii.gz,29,inferior hepatic surface,3,gallbladder,0.031122201818598087,0.015807076420701175,329287,25765,5525,0.028885972398727772
CYST_PA38.nii.gz,30,adjacent to hepatic segment IVb and segment V,3,gallbladder,0.12690071923831028,0.0677490619663087,4684,25765,1932,0.000410893520593406
CYST_PA38.nii.gz,31,gallbladder lies along the undersurface of the liver near the porta hepatis,3,gallbladder,0.7538788175736594,0.6049803407616365,17096,25765,16156,0.0014997087164954888
CYST_PA38.nii.gz,32,liver,4,liver,0.9303174836660707,0.869713648171525,790663,888510,781082,0.06935915962274641
CYST_PA38.nii.gz,33,hepatic parenchyma,4,liver,0.9315944650275306,0.8719483702895113,790053,888510,781870,0.06930564872446247
CYST_PA38.nii.gz,34,large right-dominant solid visceral organ,4,liver,1.1254797357372313e-13,1.1254797357372313e-13,0,888510,0,0.0
CYST_PA38.nii.gz,35,homogeneous hepatic attenuation structure,4,liver,0.9100456176266516,0.8349391794224086,743973,888510,742817,0.06526338283442316
CYST_PA38.nii.gz,36,right hypochondrial region,4,liver,0.0036389685778534524,0.0018228008464846986,3501,888510,1623,0.00030711746703619014
CYST_PA38.nii.gz,37,right subdiaphragmatic compartment,4,liver,1.1254797357372313e-13,1.1254797357372313e-13,0,888510,0,0.0
CYST_PA38.nii.gz,38,cranial to the gallbladder and right kidney,4,liver,1.1254797357372313e-13,1.1254797357372313e-13,0,888510,0,0.0
CYST_PA38.nii.gz,39,liver occupies the right upper abdomen and extends into the epigastrium,4,liver,0.8164423138145589,0.6898204653175295,619234,888510,615493,0.05432093047206174
CYST_PA38.nii.gz,40,stomach,5,stomach,0.7883939531521513,0.6507015669023839,96208,141668,93770,0.008439633610002223
CYST_PA38.nii.gz,41,gastric lumen,5,stomach,0.7344149768758854,0.5802968298906996,83853,141668,82813,0.007355818612792245
CYST_PA38.nii.gz,42,hollow foregut organ with variable distension,5,stomach,0.43438669002169644,0.2774546481264365,39309,141668,39307,0.0034482949190875745
CYST_PA38.nii.gz,43,air-fluid containing gastric cavity,5,stomach,0.7419011607458047,0.5897002187727843,85772,141668,84369,0.007524158635426478
CYST_PA38.nii.gz,44,epigastric region,5,stomach,0.4944014512204919,0.32837535053525896,46863,141668,46605,0.004110952829967717
CYST_PA38.nii.gz,45,left upper intraperitoneal space,5,stomach,7.058757094045896e-13,7.058757094045896e-13,0,141668,0,0.0
CYST_PA38.nii.gz,46,medial to the spleen and ventral to the pancreas,5,stomach,6.690842912385626e-13,6.690842912385626e-13,7790,141668,0,0.0006833604879211429
CYST_PA38.nii.gz,47,stomach is seen below the left hemidiaphragm anterior to the pancreatic body,5,stomach,0.14489056347112989,0.07810351271935762,11206,141668,11075,0.00098302151831121
CYST_PA38.nii.gz,48,aorta,6,aorta,0.942699125073731,0.8916091411913313,44236,44000,41590,0.0038805050762104843
CYST_PA38.nii.gz,49,abdominal aorta,6,aorta,0.9285999566374213,0.8667163702207547,43633,44000,40688,0.0038276082374150483
CYST_PA38.nii.gz,50,thick-walled pulsatile arterial lumen,6,aorta,0.9288137972995942,0.8670890223924258,41466,44000,39691,0.003637512964330951
CYST_PA38.nii.gz,51,round prevertebral arterial structure,6,aorta,2.272727272722107e-12,2.272727272722107e-12,0,44000,0,0.0
CYST_PA38.nii.gz,52,left para-aortic compartment,6,aorta,2.272727272722107e-12,2.272727272722107e-12,0,44000,0,0.0
CYST_PA38.nii.gz,53,anterior vertebral body margin,6,aorta,2.272727272722107e-12,2.272727272722107e-12,0,44000,0,0.0
CYST_PA38.nii.gz,54,left of the inferior vena cava,6,aorta,1.699119855911749e-12,1.699119855911749e-12,14854,44000,0,0.0013030342346059892
CYST_PA38.nii.gz,55,abdominal aorta descends anterior to the spine on the left side of midline,6,aorta,0.1536022694106345,0.0831902394959711,3942,44000,3682,0.000345803214811957
CYST_PA38.nii.gz,56,inferior vena cava,7,inferior_vena_cava,0.8649533586864289,0.7620421286704467,29859,28780,25360,0.0026193146096068556
CYST_PA38.nii.gz,57,IVC,7,inferior_vena_cava,0.8696336063193598,0.7693378104493168,29709,28780,25432,0.0026061561919960502
CYST_PA38.nii.gz,58,thin-walled right-sided venous channel,7,inferior_vena_cava,0.8440732050683358,0.7302133740387444,24495,28780,22484,0.0021487695958444662
CYST_PA38.nii.gz,59,oval paracaval vascular lumen,7,inferior_vena_cava,0.5214627994967933,0.35268831877950096,10870,28780,10338,0.0009535466628630068
CYST_PA38.nii.gz,60,right paracaval compartment,7,inferior_vena_cava,3.4746351632957795e-12,3.4746351632957795e-12,0,28780,0,0.0
CYST_PA38.nii.gz,61,retrohepatic caval segment,7,inferior_vena_cava,0.5960872909065659,0.42458999555098237,12828,28780,12401,0.0011253078740760488
CYST_PA38.nii.gz,62,right of the abdominal aorta,7,inferior_vena_cava,3.4533964153625948e-12,3.4533964153625948e-12,177,28780,0,1.5526932780749973e-05
CYST_PA38.nii.gz,63,inferior vena cava courses along the right anterolateral aspect of the vertebral column,7,inferior_vena_cava,0.6840294840301898,0.5197908887245577,15990,28780,15312,0.0014026873173118195
CYST_PA38.nii.gz,64,duodenum,8,duodenum,0.7244863263231056,0.5679957347973342,16135,25039,14915,0.0014154071210022645
CYST_PA38.nii.gz,65,duodenal C-loop,8,duodenum,0.6928104575171121,0.5300000000018077,14741,25039,13780,0.0012931215600058494
CYST_PA38.nii.gz,66,C-shaped proximal small bowel segment,8,duodenum,0.5634273417160397,0.39220246777548706,10277,25039,9949,0.0009015270519082908
CYST_PA38.nii.gz,67,retroperitoneal enteric loop encircling the pancreatic head,8,duodenum,3.993769719222038e-12,3.993769719222038e-12,0,25039,0,0.0
CYST_PA38.nii.gz,68,right anterior pararenal compartment,8,duodenum,3.987717829070512e-12,3.987717829070512e-12,38,25039,0,3.333465794737282e-06
CYST_PA38.nii.gz,69,peripancreatic duodenal groove,8,duodenum,0.00023875846000700853,0.00011939348509523861,91,25039,3,7.98277335055507e-06
CYST_PA38.nii.gz,70,between the pancreatic head and right renal hilum,8,duodenum,3.87011881263257e-12,3.87011881263257e-12,800,25039,0,7.017822725762699e-05
CYST_PA38.nii.gz,71,duodenum curves around the pancreatic head in the right upper abdomen,8,duodenum,0.4381352321847784,0.2805205938538732,7823,25039,7199,0.0006862553397955199
CYST_PA38.nii.gz,72,pancreas,9,pancreas,0.8234311952137555,0.6998580889314436,44630,55988,41426,0.003915067853134866
CYST_PA38.nii.gz,73,pancreatic parenchyma,9,pancreas,0.8253157540485555,0.7025851899293832,45040,55988,41690,0.003951034194604399
CYST_PA38.nii.gz,74,lobulated transverse retroperitoneal gland,9,pancreas,0.001534864630291205,0.0007680217207244981,43,55988,43,3.7720797150974508e-06
CYST_PA38.nii.gz,75,elongated soft-tissue organ across the epigastrium,9,pancreas,6.860875173232391e-13,6.860875173232391e-13,89766,55988,0,0.00787452343501018
CYST_PA38.nii.gz,76,anterior pararenal compartment,9,pancreas,1.786097020786979e-12,1.786097020786979e-12,0,55988,0,0.0
CYST_PA38.nii.gz,77,retrogastric pancreatic bed,9,pancreas,0.5913765109151586,0.4198258196731219,27157,55988,24585,0.00238228764704422
CYST_PA38.nii.gz,78,from the duodenal C-loop toward the splenic hilum,9,pancreas,0.004173849924380465,0.0020912893268441365,10138,55988,138,0.000889333584922278
CYST_PA38.nii.gz,79,pancreas lies posterior to the stomach and extends transversely toward the spleen,9,pancreas,0.6237785016291085,0.45325443787076025,28744,55988,26427,0.0025215037053665378
CYST_PA38.nii.gz,80,esophagus,10,esophagus,0.5947419044630532,0.42322610085733003,2430,3808,1855,0.00021316636529504198
CYST_PA38.nii.gz,81,distal thoracic esophagus,10,esophagus,2.6260504200991058e-11,2.6260504200991058e-11,0,3808,0,0.0
CYST_PA38.nii.gz,82,small collapsed tubular foregut lumen,10,esophagus,2.6260504200991058e-11,2.6260504200991058e-11,0,3808,0,0.0
CYST_PA38.nii.gz,83,thin-walled structure at the esophageal hiatus,10,esophagus,0.019245773757626896,0.009716386580627196,37,3808,37,3.2457430106652483e-06
CYST_PA38.nii.gz,84,posterior mediastinal compartment,10,esophagus,2.6260504200991058e-11,2.6260504200991058e-11,0,3808,0,0.0
CYST_PA38.nii.gz,85,gastroesophageal junction region,10,esophagus,2.6260504200991058e-11,2.6260504200991058e-11,0,3808,0,0.0
CYST_PA38.nii.gz,86,posterior to the left atrium and anterior to the vertebral column,10,esophagus,2.6260504200991058e-11,2.6260504200991058e-11,0,3808,0,0.0
CYST_PA38.nii.gz,87,distal esophagus enters the abdomen through the diaphragmatic hiatus above the stomach,10,esophagus,2.6260504200991058e-11,2.6260504200991058e-11,0,3808,0,0.0
CYST_PA53.nii.gz,0,spleen,0,spleen,0.9352603030636228,0.8783933817389851,89653,101528,89402,0.008141317278266634
CYST_PA53.nii.gz,1,splenic parenchyma,0,spleen,0.9383861551293066,0.8839241873712227,90312,101528,90010,0.008201160541586074
CYST_PA53.nii.gz,2,homogeneous left upper quadrant solid organ,0,spleen,9.84949964540831e-13,9.84949964540831e-13,0,101528,0,0.0
CYST_PA53.nii.gz,3,crescentic organ with smooth lateral convexity,0,spleen,9.84949964540831e-13,9.84949964540831e-13,0,101528,0,0.0
CYST_PA53.nii.gz,4,left hypochondrial region,0,spleen,9.84949964540831e-13,9.84949964540831e-13,0,101528,0,0.0
CYST_PA53.nii.gz,5,left subphrenic compartment,0,spleen,9.84949964540831e-13,9.84949964540831e-13,0,101528,0,0.0
CYST_PA53.nii.gz,6,posterolateral to the gastric fundus,0,spleen,5.059653312552464e-13,5.059653312552464e-13,96114,101528,0,0.008728035524559348
CYST_PA53.nii.gz,7,spleen lies beneath the left hemidiaphragm along the left lateral abdominal wall,0,spleen,0.9322701639344617,0.8731330084114131,89097,101528,88857,0.008090827362628382
CYST_PA53.nii.gz,8,right kidney,1,right_kidney,0.9536268887694096,0.9113640999890852,119233,124378,116157,0.010827453437582296
CYST_PA53.nii.gz,9,right renal parenchyma,1,right_kidney,0.9520477058794736,0.9084838224229461,119114,124378,115908,0.010816647142688497
CYST_PA53.nii.gz,10,right-sided reniform retroperitoneal organ,1,right_kidney,0.9197862345386718,0.8514853855300776,107652,124378,106709,0.009775792083253874
CYST_PA53.nii.gz,11,right renal cortex with central renal sinus,1,right_kidney,0.8444501911817036,0.730777838166397,92170,124378,91432,0.008369884036650593
CYST_PA53.nii.gz,12,right renal fossa,1,right_kidney,0.9375625029010048,0.8824636794739322,112611,124378,111096,0.010226114909962678
CYST_PA53.nii.gz,13,right posterior pararenal region,1,right_kidney,0.0008036776296325555,0.0004020003545639888,50,124378,50,4.540460039411193e-06
CYST_PA53.nii.gz,14,caudal to the right hepatic lobe,1,right_kidney,7.827237220072302e-13,7.827237220072302e-13,3381,124378,0,0.0003070259078649849
CYST_PA53.nii.gz,15,right kidney is positioned in the right posterior retroperitoneum adjacent to the psoas muscle,1,right_kidney,0.7404236006052747,0.5878354032048269,73922,124378,73413,0.0067127977406670845
CYST_PA53.nii.gz,16,left kidney,2,left_kidney,0.9374890809713828,0.88233359693707,116603,123803,112689,0.010588625239509267
CYST_PA53.nii.gz,17,left renal parenchyma,2,left_kidney,0.9374942703081376,0.8823427903584762,116175,123803,112489,0.010549758901571907
CYST_PA53.nii.gz,18,left-sided bean-shaped retroperitoneal organ,2,left_kidney,0.88305320245624,0.7905955810950228,99307,123803,98509,0.009017989302676147
CYST_PA53.nii.gz,19,left renal cortex surrounding the collecting sinus,2,left_kidney,0.8502829671721931,0.739558467774444,93360,123803,92325,0.00847794698558858
CYST_PA53.nii.gz,20,left renal fossa,2,left_kidney,0.927745701794529,0.865229174970215,110190,123803,108543,0.010006265834854387
CYST_PA53.nii.gz,21,left posterior pararenal region,2,left_kidney,8.077348691059119e-13,8.077348691059119e-13,0,123803,0,0.0
CYST_PA53.nii.gz,22,posteroinferior to the spleen,2,left_kidney,7.5401134032999e-13,7.5401134032999e-13,8821,123803,0,0.0008010279601529227
CYST_PA53.nii.gz,23,left kidney is positioned in the left posterior retroperitoneum near the splenic hilum,2,left_kidney,0.6936327851231268,0.530963099214603,65966,123803,65815,0.005990319739195975
CYST_PA53.nii.gz,24,gallbladder,3,gallbladder,0.8446418492801535,0.7310649505130153,19066,21685,17210,0.0017313682222282762
CYST_PA53.nii.gz,25,cystic biliary reservoir,3,gallbladder,0.8130486780838875,0.6849890665879819,17614,21685,15976,0.001599513262683775
CYST_PA53.nii.gz,26,thin-walled pear-shaped fluid structure,3,gallbladder,4.6114825916319505e-12,4.6114825916319505e-12,0,21685,0,0.0
CYST_PA53.nii.gz,27,hypodense intraluminal bile-containing sac,3,gallbladder,0.7801376650513429,0.6395292671161484,15652,21685,14564,0.0014213456107372798
CYST_PA53.nii.gz,28,gallbladder fossa,3,gallbladder,0.8384377494018395,0.7218190406676609,18411,21685,16809,0.0016718881957119896
CYST_PA53.nii.gz,29,inferior hepatic surface,3,gallbladder,0.0016402345901779763,0.0008207904396152096,527017,21685,450,0.047857992571807374
CYST_PA53.nii.gz,30,adjacent to hepatic segment IVb and segment V,3,gallbladder,0.02953754918449696,0.014990160901102586,13389,21685,518,0.0012158443893535292
CYST_PA53.nii.gz,31,gallbladder lies along the undersurface of the liver near the porta hepatis,3,gallbladder,0.8252575742124215,0.7025008683583601,17527,21685,16180,0.0015916128622151997
CYST_PA53.nii.gz,32,liver,4,liver,0.9457088992948585,0.8970092782366691,1257384,1387893,1250831,0.11418203612390007
CYST_PA53.nii.gz,33,hepatic parenchyma,4,liver,0.9461232109473854,0.8977550514210577,1259388,1387893,1252327,0.11436401776227967
CYST_PA53.nii.gz,34,large right-dominant solid visceral organ,4,liver,7.205166392509566e-14,7.205166392509566e-14,0,1387893,0,0.0
CYST_PA53.nii.gz,35,homogeneous hepatic attenuation structure,4,liver,0.9226587013562785,0.8564219180289762,1192630,1387893,1190471,0.10830177713605943
CYST_PA53.nii.gz,36,right hypochondrial region,4,liver,0.029495949365000877,0.014968733180510677,20775,1387893,20775,0.0018865611463753508
CYST_PA53.nii.gz,37,right subdiaphragmatic compartment,4,liver,7.205166392509566e-14,7.205166392509566e-14,0,1387893,0,0.0
CYST_PA53.nii.gz,38,cranial to the gallbladder and right kidney,4,liver,7.205166392509566e-14,7.205166392509566e-14,0,1387893,0,0.0
CYST_PA53.nii.gz,39,liver occupies the right upper abdomen and extends into the epigastrium,4,liver,0.7922871560758395,0.6560227955359951,911233,1387893,910784,0.0827483404618556
CYST_PA53.nii.gz,40,stomach,5,stomach,0.6429477547314612,0.4737826100456105,210412,216842,137351,0.019107345556251758
CYST_PA53.nii.gz,41,gastric lumen,5,stomach,0.5854487114190726,0.41387591679799884,175838,216842,114947,0.015967708248199708
CYST_PA53.nii.gz,42,hollow foregut organ with variable distension,5,stomach,0.24225921411960913,0.1378241980080143,42434,216842,31406,0.0038533976262474915
CYST_PA53.nii.gz,43,air-fluid containing gastric cavity,5,stomach,0.586247967490059,0.41467524290620944,178605,216842,115915,0.01621897730678072
CYST_PA53.nii.gz,44,epigastric region,5,stomach,0.37127688162303946,0.22795580011985161,58532,216842,51120,0.005315244140536319
CYST_PA53.nii.gz,45,left upper intraperitoneal space,5,stomach,4.611652724101137e-13,4.611652724101137e-13,0,216842,0,0.0
CYST_PA53.nii.gz,46,medial to the spleen and ventral to the pancreas,5,stomach,4.5108644169461846e-13,4.5108644169461846e-13,4845,216842,0,0.00043997057781894463
CYST_PA53.nii.gz,47,stomach is seen below the left hemidiaphragm anterior to the pancreatic body,5,stomach,0.12447840802772284,0.06637002131079241,67384,216842,17690,0.006119087185913676
CYST_PA53.nii.gz,48,aorta,6,aorta,0.9437487577022993,0.8934888972527314,51712,53939,49854,0.004695925391160633
CYST_PA53.nii.gz,49,abdominal aorta,6,aorta,0.8894904013265452,0.800974977964417,46179,53939,44527,0.00419347808319939
CYST_PA53.nii.gz,50,thick-walled pulsatile arterial lumen,6,aorta,0.9271100240702626,0.8641240433502847,49093,53939,47761,0.004458096094296274
CYST_PA53.nii.gz,51,round prevertebral arterial structure,6,aorta,1.8539461243221897e-12,1.8539461243221897e-12,0,53939,0,0.0
CYST_PA53.nii.gz,52,left para-aortic compartment,6,aorta,1.8539461243221897e-12,1.8539461243221897e-12,0,53939,0,0.0
CYST_PA53.nii.gz,53,anterior vertebral body margin,6,aorta,1.8539461243221897e-12,1.8539461243221897e-12,0,53939,0,0.0
CYST_PA53.nii.gz,54,left of the inferior vena cava,6,aorta,1.7371365041834813e-12,1.7371365041834813e-12,3627,53939,0,0.00032936497125888795
CYST_PA53.nii.gz,55,abdominal aorta descends anterior to the spine on the left side of midline,6,aorta,0.16119687830289814,0.08766402253857279,4747,53939,4730,0.0004310712761416987
CYST_PA53.nii.gz,56,inferior vena cava,7,inferior_vena_cava,0.7936140152591308,0.6578441935651013,18192,17198,14043,0.0016520009807393684
CYST_PA53.nii.gz,57,IVC,7,inferior_vena_cava,0.7998981958039707,0.666525283945207,18164,17198,14143,0.0016494583231172982
CYST_PA53.nii.gz,58,thin-walled right-sided venous channel,7,inferior_vena_cava,0.7358140766743831,0.5820457759410148,13008,17198,11113,0.001181246083853216
CYST_PA53.nii.gz,59,oval paracaval vascular lumen,7,inferior_vena_cava,0.3779630844215405,0.2330175600783675,4148,17198,4034,0.0003766765648695526
CYST_PA53.nii.gz,60,right paracaval compartment,7,inferior_vena_cava,5.814629608060154e-12,5.814629608060154e-12,0,17198,0,0.0
CYST_PA53.nii.gz,61,retrohepatic caval segment,7,inferior_vena_cava,0.4376088218249136,0.2800891530501766,5201,17198,4901,0.0004722986532995523
CYST_PA53.nii.gz,62,right of the abdominal aorta,7,inferior_vena_cava,5.2498950020723964e-12,5.2498950020723964e-12,1850,17198,0,0.00016799702145821414
CYST_PA53.nii.gz,63,inferior vena cava courses along the right anterolateral aspect of the vertebral column,7,inferior_vena_cava,0.6658658358059016,0.4990996060804778,9441,17198,8869,0.0008573296646416215
CYST_PA53.nii.gz,64,duodenum,8,duodenum,0.4968798069113254,0.3305655856376682,20273,59690,19866,0.0018409749275796624
CYST_PA53.nii.gz,65,duodenal C-loop,8,duodenum,0.3849853814966317,0.23837888343971975,14531,59690,14287,0.0013195484966536809
CYST_PA53.nii.gz,66,C-shaped proximal small bowel segment,8,duodenum,0.3263682706860591,0.19500602490427935,11714,59690,11652,0.0010637389780332543
CYST_PA53.nii.gz,67,retroperitoneal enteric loop encircling the pancreatic head,8,duodenum,1.6752383026457453e-12,1.6752383026457453e-12,3,59690,0,2.724276023646716e-07
CYST_PA53.nii.gz,68,right anterior pararenal compartment,8,duodenum,1.6730241584660492e-12,1.6730241584660492e-12,82,59690,0,7.446354464634357e-06
CYST_PA53.nii.gz,69,peripancreatic duodenal groove,8,duodenum,0.00010032941658428452,5.016722575242447e-05,113,59690,3,1.0261439689069297e-05
CYST_PA53.nii.gz,70,between the pancreatic head and right renal hilum,8,duodenum,1.6385115760816002e-12,1.6385115760816002e-12,1341,59690,0,0.0001217751382570082
CYST_PA53.nii.gz,71,duodenum curves around the pancreatic head in the right upper abdomen,8,duodenum,0.08938315065350927,0.04678235235160165,2805,59690,2793,0.0002547198082109679
CYST_PA53.nii.gz,72,pancreas,9,pancreas,0.48149105391179525,0.3170814733443318,54042,116200,40985,0.004907510828997194
CYST_PA53.nii.gz,73,pancreatic parenchyma,9,pancreas,0.4739861688075215,0.3106041106046483,51826,116200,39821,0.00470627764005049
CYST_PA53.nii.gz,74,lobulated transverse retroperitoneal gland,9,pancreas,8.605851979338548e-13,8.605851979338548e-13,0,116200,0,0.0
CYST_PA53.nii.gz,75,elongated soft-tissue organ across the epigastrium,9,pancreas,0.3081409633279893,0.18213158227083295,164639,116200,43269,0.014950736008572389
CYST_PA53.nii.gz,76,anterior pararenal compartment,9,pancreas,8.605851979338548e-13,8.605851979338548e-13,0,116200,0,0.0
CYST_PA53.nii.gz,77,retrogastric pancreatic bed,9,pancreas,0.4247580846656911,0.2696462559377993,31889,116200,31451,0.0028958146039356706
CYST_PA53.nii.gz,78,from the duodenal C-loop toward the splenic hilum,9,pancreas,8.159002643510199e-13,8.159002643510199e-13,6364,116200,0,0.0005779097538162566
CYST_PA53.nii.gz,79,pancreas lies posterior to the stomach and extends transversely toward the spleen,9,pancreas,0.44185246443966797,0.28357549869707654,34950,116200,33393,0.003173781567548424
CYST_PA53.nii.gz,80,esophagus,10,esophagus,0.7414596699032656,0.5891425583862918,7509,10728,6761,0.000681886288718773
CYST_PA53.nii.gz,81,distal thoracic esophagus,10,esophagus,9.321401938764714e-12,9.321401938764714e-12,0,10728,0,0.0
CYST_PA53.nii.gz,82,small collapsed tubular foregut lumen,10,esophagus,9.321401938764714e-12,9.321401938764714e-12,0,10728,0,0.0
CYST_PA53.nii.gz,83,thin-walled structure at the esophageal hiatus,10,esophagus,0.11976886710628813,0.06369901286027473,694,10728,684,6.302158534702736e-05
CYST_PA53.nii.gz,84,posterior mediastinal compartment,10,esophagus,9.321401938764714e-12,9.321401938764714e-12,0,10728,0,0.0
CYST_PA53.nii.gz,85,gastroesophageal junction region,10,esophagus,9.321401938764714e-12,9.321401938764714e-12,0,10728,0,0.0
CYST_PA53.nii.gz,86,posterior to the left atrium and anterior to the vertebral column,10,esophagus,9.321401938764714e-12,9.321401938764714e-12,0,10728,0,0.0
CYST_PA53.nii.gz,87,distal esophagus enters the abdomen through the diaphragmatic hiatus above the stomach,10,esophagus,9.321401938764714e-12,9.321401938764714e-12,0,10728,0,0.0
CYST_PA54.nii.gz,0,spleen,0,spleen,0.9405735132301067,0.8878138549262327,192086,214147,191046,0.018159486513258716
CYST_PA54.nii.gz,1,splenic parenchyma,0,spleen,0.9425933517774476,0.8914199219022564,193210,214147,191986,0.0182657475777866
CYST_PA54.nii.gz,2,homogeneous left upper quadrant solid organ,0,spleen,4.669689512342143e-13,4.669689512342143e-13,0,214147,0,0.0
CYST_PA54.nii.gz,3,crescentic organ with smooth lateral convexity,0,spleen,4.669689512342143e-13,4.669689512342143e-13,0,214147,0,0.0
CYST_PA54.nii.gz,4,left hypochondrial region,0,spleen,4.669689512342143e-13,4.669689512342143e-13,0,214147,0,0.0
CYST_PA54.nii.gz,5,left subphrenic compartment,0,spleen,4.669689512342143e-13,4.669689512342143e-13,0,214147,0,0.0
CYST_PA54.nii.gz,6,posterolateral to the gastric fundus,0,spleen,3.554165481943576e-13,3.554165481943576e-13,67213,214147,0,0.0063542036744773595
CYST_PA54.nii.gz,7,spleen lies beneath the left hemidiaphragm along the left lateral abdominal wall,0,spleen,0.9310619051169435,0.8710157394276749,188243,214147,187325,0.017796175773952084
CYST_PA54.nii.gz,8,right kidney,1,right_kidney,0.9535905450175828,0.9112977147493901,89199,92208,86494,0.008432723038098373
CYST_PA54.nii.gz,9,right renal parenchyma,1,right_kidney,0.9518173479649726,0.9080643970944258,88770,92208,86129,0.008392166101548141
CYST_PA54.nii.gz,10,right-sided reniform retroperitoneal organ,1,right_kidney,0.9158732835882147,0.8448027981633355,79735,92208,78739,0.007538012437838695
CYST_PA54.nii.gz,11,right renal cortex with central renal sinus,1,right_kidney,0.8581504702195226,0.7515442690462514,71120,92208,70080,0.0067235648658567505
CYST_PA54.nii.gz,12,right renal fossa,1,right_kidney,0.9333135676329434,0.8749652562486637,83180,92208,81846,0.007863696928317836
CYST_PA54.nii.gz,13,right posterior pararenal region,1,right_kidney,1.0845045982983206e-12,1.0845045982983206e-12,0,92208,0,0.0
CYST_PA54.nii.gz,14,caudal to the right hepatic lobe,1,right_kidney,1.0671105846687506e-12,1.0671105846687506e-12,1503,92208,0,0.00014209108539626962
CYST_PA54.nii.gz,15,right kidney is positioned in the right posterior retroperitoneum adjacent to the psoas muscle,1,right_kidney,0.5618040089089764,0.39063104916819624,58656,92208,42378,0.005545239324686355
CYST_PA54.nii.gz,16,left kidney,2,left_kidney,0.9229955720724663,0.8570025787625088,98354,103998,93385,0.009298221299444248
CYST_PA54.nii.gz,17,left renal parenchyma,2,left_kidney,0.9229109978726944,0.8568567649005504,98132,103998,93274,0.009277233793816854
CYST_PA54.nii.gz,18,left-sided bean-shaped retroperitoneal organ,2,left_kidney,0.9047828630901403,0.8261219009438282,89129,103998,87369,0.00842610535614379
CYST_PA54.nii.gz,19,left renal cortex surrounding the collecting sinus,2,left_kidney,0.839368545422808,0.7231998944305141,78818,103998,76725,0.007451320804233653
CYST_PA54.nii.gz,20,left renal fossa,2,left_kidney,0.9127875706559134,0.8395669015729318,93084,103998,89947,0.008800004386577753
CYST_PA54.nii.gz,21,left posterior pararenal region,2,left_kidney,9.615569530174027e-13,9.615569530174027e-13,0,103998,0,0.0
CYST_PA54.nii.gz,22,posteroinferior to the spleen,2,left_kidney,0.0077403023107254785,0.0038851874183427394,19253,103998,477,0.00182014615245135
CYST_PA54.nii.gz,23,left kidney is positioned in the left posterior retroperitoneum near the splenic hilum,2,left_kidney,0.6000532587713201,0.4286257763242169,46212,103998,45067,0.004368804549788698
CYST_PA54.nii.gz,24,gallbladder,3,gallbladder,0.9054967356551612,0.8273129602745862,50455,54007,47295,0.004769930614550089
CYST_PA54.nii.gz,25,cystic biliary reservoir,3,gallbladder,0.8397989699287259,0.7238391866256331,42297,54007,40438,0.003998687051900211
CYST_PA54.nii.gz,26,thin-walled pear-shaped fluid structure,3,gallbladder,1.851611828092929e-12,1.851611828092929e-12,0,54007,0,0.0
CYST_PA54.nii.gz,27,hypodense intraluminal bile-containing sac,3,gallbladder,0.19025623002261008,0.10512882164887061,5744,54007,5684,0.0005430280735303877
CYST_PA54.nii.gz,28,gallbladder fossa,3,gallbladder,0.8962868117798717,0.8120649651975512,47523,54007,45500,0.004492744278966681
CYST_PA54.nii.gz,29,inferior hepatic surface,3,gallbladder,0.030473027707050723,0.015472257113546682,243502,54007,4533,0.02302026844721387
CYST_PA54.nii.gz,30,adjacent to hepatic segment IVb and segment V,3,gallbladder,0.030457387762540474,0.015464193348763998,2925,54007,867,0.0002765245673879499
CYST_PA54.nii.gz,31,gallbladder lies along the undersurface of the liver near the porta hepatis,3,gallbladder,0.8319427385542417,0.7122448239607813,40437,54007,39286,0.0038228457885355655
CYST_PA54.nii.gz,32,liver,4,liver,0.9036745578244765,0.8242758245501042,738296,884702,733331,0.06979725880487311
CYST_PA54.nii.gz,33,hepatic parenchyma,4,liver,0.9065837064575754,0.829129501555585,742102,884702,737417,0.07015707162657517
CYST_PA54.nii.gz,34,large right-dominant solid visceral organ,4,liver,1.1303241091349255e-13,1.1303241091349255e-13,0,884702,0,0.0
CYST_PA54.nii.gz,35,homogeneous hepatic attenuation structure,4,liver,0.8516891118899391,0.741688614737166,658091,884702,656990,0.06221481335962507
CYST_PA54.nii.gz,36,right hypochondrial region,4,liver,0.0017136780408752049,0.0008575738232086302,1112,884702,759,0.0001051266047642394
CYST_PA54.nii.gz,37,right subdiaphragmatic compartment,4,liver,1.1303241091349255e-13,1.1303241091349255e-13,0,884702,0,0.0
CYST_PA54.nii.gz,38,cranial to the gallbladder and right kidney,4,liver,1.1303241091349255e-13,1.1303241091349255e-13,0,884702,0,0.0
CYST_PA54.nii.gz,39,liver occupies the right upper abdomen and extends into the epigastrium,4,liver,0.6884297183845037,0.5248896898888114,464833,884702,464530,0.0439445279427839
CYST_PA54.nii.gz,40,stomach,5,stomach,0.7763076860606736,0.6343977789332494,120973,174549,114708,0.011436583415597423
CYST_PA54.nii.gz,41,gastric lumen,5,stomach,0.7200749657609313,0.562591516298595,102911,174549,99896,0.009729032394687627
CYST_PA54.nii.gz,42,hollow foregut organ with variable distension,5,stomach,0.41651939860280374,0.26304041756849983,46137,174549,45960,0.00436171417626593
CYST_PA54.nii.gz,43,air-fluid containing gastric cavity,5,stomach,0.7114042794183827,0.5520771705631986,100909,174549,97981,0.009539766690786542
CYST_PA54.nii.gz,44,epigastric region,5,stomach,0.4816109951289659,0.31718551279299406,55371,174549,55366,0.005234680964389119
CYST_PA54.nii.gz,45,left upper intraperitoneal space,5,stomach,5.716016850814409e-13,5.716016850814409e-13,398,174549,0,3.7626248827488564e-05
CYST_PA54.nii.gz,46,medial to the spleen and ventral to the pancreas,5,stomach,2.1800979408963583e-05,1.0900608798965041e-05,8929,174549,2,0.0008441326024639332
CYST_PA54.nii.gz,47,stomach is seen below the left hemidiaphragm anterior to the pancreatic body,5,stomach,0.09131864117910031,0.047843837714230654,14350,174549,8625,0.0013566248006896002
CYST_PA54.nii.gz,48,aorta,6,aorta,0.928022452905655,0.8657107188683537,55643,51960,49929,0.005260395385698357
CYST_PA54.nii.gz,49,abdominal aorta,6,aorta,0.8811552709722875,0.7875581375247894,51427,51960,45550,0.004861821855405162
CYST_PA54.nii.gz,50,thick-walled pulsatile arterial lumen,6,aorta,0.9184140628773667,0.849136468361256,51575,51960,47544,0.004875813525823424
CYST_PA54.nii.gz,51,round prevertebral arterial structure,6,aorta,1.92455735180538e-12,1.92455735180538e-12,0,51960,0,0.0
CYST_PA54.nii.gz,52,left para-aortic compartment,6,aorta,1.92455735180538e-12,1.92455735180538e-12,0,51960,0,0.0
CYST_PA54.nii.gz,53,anterior vertebral body margin,6,aorta,1.92455735180538e-12,1.92455735180538e-12,0,51960,0,0.0
CYST_PA54.nii.gz,54,left of the inferior vena cava,6,aorta,1.6912461101310863e-12,1.6912461101310863e-12,7168,51960,0,0.0006776506321493418
CYST_PA54.nii.gz,55,abdominal aorta descends anterior to the spine on the left side of midline,6,aorta,0.028611278650805545,0.014513260800783,1096,51960,759,0.00010361399174604892
CYST_PA54.nii.gz,56,inferior vena cava,7,inferior_vena_cava,0.7558599472609218,0.6075360612316528,31085,23523,20638,0.0029387234794032214
CYST_PA54.nii.gz,57,IVC,7,inferior_vena_cava,0.7508460004760452,0.6010836140002898,31146,23523,20524,0.0029444903165350726
CYST_PA54.nii.gz,58,thin-walled right-sided venous channel,7,inferior_vena_cava,0.6720791048668434,0.5061138109440896,14907,23523,12914,0.001409282641385357
CYST_PA54.nii.gz,59,oval paracaval vascular lumen,7,inferior_vena_cava,0.5000783232573073,0.33340295764335615,8396,23523,7981,0.0007937436812954623
CYST_PA54.nii.gz,60,right paracaval compartment,7,inferior_vena_cava,4.251158440657011e-12,4.251158440657011e-12,0,23523,0,0.0
CYST_PA54.nii.gz,61,retrohepatic caval segment,7,inferior_vena_cava,0.414593476957865,0.2615061001293163,6463,23523,6216,0.000611001121035323
CYST_PA54.nii.gz,62,right of the abdominal aorta,7,inferior_vena_cava,4.232804232786316e-12,4.232804232786316e-12,102,23523,0,9.642907990964405e-06
CYST_PA54.nii.gz,63,inferior vena cava courses along the right anterolateral aspect of the vertebral column,7,inferior_vena_cava,0.6373465480357097,0.4677246053414839,11993,23523,11318,0.001133797995447413
CYST_PA54.nii.gz,64,duodenum,8,duodenum,0.706444885294765,0.5461266221010719,23830,35147,20832,0.0022528480139674687
CYST_PA54.nii.gz,65,duodenal C-loop,8,duodenum,0.6819221967968901,0.5173611111123807,22537,35147,19668,0.0021306099744349493
CYST_PA54.nii.gz,66,C-shaped proximal small bowel segment,8,duodenum,0.6152925780526916,0.44434843657329925,18343,35147,16456,0.0017341162870417657
CYST_PA54.nii.gz,67,retroperitoneal enteric loop encircling the pancreatic head,8,duodenum,2.8451930463400995e-12,2.8451930463400995e-12,0,35147,0,0.0
CYST_PA54.nii.gz,68,right anterior pararenal compartment,8,duodenum,2.8451930463400995e-12,2.8451930463400995e-12,0,35147,0,0.0
CYST_PA54.nii.gz,69,peripancreatic duodenal groove,8,duodenum,0.14541742825469314,0.07840978906645911,6980,35147,3063,0.0006598774291856035
CYST_PA54.nii.gz,70,between the pancreatic head and right renal hilum,8,duodenum,0.00022167419712316305,0.00011084938617123223,942,35147,4,8.90550914459654e-05
CYST_PA54.nii.gz,71,duodenum curves around the pancreatic head in the right upper abdomen,8,duodenum,0.5240392411230662,0.3550495756561426,14189,35147,12927,0.0013414041321940585
CYST_PA54.nii.gz,72,pancreas,9,pancreas,0.8074193202531665,0.6770353855009625,62765,77140,56481,0.005933697255420402
CYST_PA54.nii.gz,73,pancreatic parenchyma,9,pancreas,0.8120088224588592,0.6835141858037619,62957,77140,56880,0.005951848611638688
CYST_PA54.nii.gz,74,lobulated transverse retroperitoneal gland,9,pancreas,1.2963443090468026e-12,1.2963443090468026e-12,0,77140,0,0.0
CYST_PA54.nii.gz,75,elongated soft-tissue organ across the epigastrium,9,pancreas,0.00022699021834284873,0.00011350799204356897,107890,77140,21,0.010199738658285782
CYST_PA54.nii.gz,76,anterior pararenal compartment,9,pancreas,1.2963443090468026e-12,1.2963443090468026e-12,0,77140,0,0.0
CYST_PA54.nii.gz,77,retrogastric pancreatic bed,9,pancreas,0.6891982951088377,0.5257837951671323,46035,77140,42446,0.004352071268274965
CYST_PA54.nii.gz,78,from the duodenal C-loop toward the splenic hilum,9,pancreas,0.001605939893005187,0.0008036152258985319,18754,77140,77,0.001772971533946534
CYST_PA54.nii.gz,79,pancreas lies posterior to the stomach and extends transversely toward the spleen,9,pancreas,0.7304469493312814,0.575357562999721,50078,77140,46463,0.004734289670308976
CYST_PA54.nii.gz,80,esophagus,10,esophagus,0.6092558983701519,0.43807908130708495,3917,7103,3357,0.0003703065745157606
CYST_PA54.nii.gz,81,distal thoracic esophagus,10,esophagus,0.041632202935737085,0.02125862313077209,151,7103,151,1.4275285359172798e-05
CYST_PA54.nii.gz,82,small collapsed tubular foregut lumen,10,esophagus,1.4078558355426178e-11,1.4078558355426178e-11,0,7103,0,0.0
CYST_PA54.nii.gz,83,thin-walled structure at the esophageal hiatus,10,esophagus,0.13716233937664357,0.07363086021295746,523,7103,523,4.944353803210181e-05
CYST_PA54.nii.gz,84,posterior mediastinal compartment,10,esophagus,1.4078558355426178e-11,1.4078558355426178e-11,0,7103,0,0.0
CYST_PA54.nii.gz,85,gastroesophageal junction region,10,esophagus,1.4078558355426178e-11,1.4078558355426178e-11,0,7103,0,0.0
CYST_PA54.nii.gz,86,posterior to the left atrium and anterior to the vertebral column,10,esophagus,1.4078558355426178e-11,1.4078558355426178e-11,0,7103,0,0.0
CYST_PA54.nii.gz,87,distal esophagus enters the abdomen through the diaphragmatic hiatus above the stomach,10,esophagus,0.08311968696420025,0.043361959748791194,308,7103,308,2.911780060016703e-05
CYST_PA56.nii.gz,0,spleen,0,spleen,0.9293737163762239,0.868065477741279,318634,362543,316534,0.018417740414447423
CYST_PA56.nii.gz,1,splenic parenchyma,0,spleen,0.932534550061896,0.87359693947564,320162,362543,318323,0.018506062148327913
CYST_PA56.nii.gz,2,homogeneous left upper quadrant solid organ,0,spleen,2.758293498977291e-13,2.758293498977291e-13,0,362543,0,0.0
CYST_PA56.nii.gz,3,crescentic organ with smooth lateral convexity,0,spleen,2.758293498977291e-13,2.758293498977291e-13,0,362543,0,0.0
CYST_PA56.nii.gz,4,left hypochondrial region,0,spleen,2.758293498977291e-13,2.758293498977291e-13,0,362543,0,0.0
CYST_PA56.nii.gz,5,left subphrenic compartment,0,spleen,2.758293498977291e-13,2.758293498977291e-13,0,362543,0,0.0
CYST_PA56.nii.gz,6,posterolateral to the gastric fundus,0,spleen,2.280288502100766e-13,2.280288502100766e-13,75998,362543,0,0.004392850216917138
CYST_PA56.nii.gz,7,spleen lies beneath the left hemidiaphragm along the left lateral abdominal wall,0,spleen,0.7936558002712929,0.6579016175067065,239834,362543,239040,0.013862928483961484
CYST_PA56.nii.gz,8,right kidney,1,right_kidney,0.9464038158791577,0.8982604817128472,101954,110841,100695,0.005893163649248268
CYST_PA56.nii.gz,9,right renal parenchyma,1,right_kidney,0.9409325836315382,0.8884539067947583,100443,110841,99402,0.005805824552459381
CYST_PA56.nii.gz,10,right-sided reniform retroperitoneal organ,1,right_kidney,0.8898107285477078,0.8014946202675897,89242,110841,89018,0.005158382313457186
CYST_PA56.nii.gz,11,right renal cortex with central renal sinus,1,right_kidney,0.8128177954762983,0.6846613707476943,75993,110841,75931,0.004392561206007843
CYST_PA56.nii.gz,12,right renal fossa,1,right_kidney,0.9172109787876978,0.8470818975988996,94464,110841,94154,0.005460225307124668
CYST_PA56.nii.gz,13,right posterior pararenal region,1,right_kidney,9.021932317455614e-13,9.021932317455614e-13,0,110841,0,0.0
CYST_PA56.nii.gz,14,caudal to the right hepatic lobe,1,right_kidney,8.947665106782376e-13,8.947665106782376e-13,920,110841,0,5.317800731024194e-05
CYST_PA56.nii.gz,15,right kidney is positioned in the right posterior retroperitoneum adjacent to the psoas muscle,1,right_kidney,0.5535753718259703,0.3827198189546912,43129,110841,42617,0.002492950301395027
CYST_PA56.nii.gz,16,left kidney,2,left_kidney,0.9384602867639621,0.884055749457735,77304,82479,74975,0.004468339866424938
CYST_PA56.nii.gz,17,left renal parenchyma,2,left_kidney,0.9366689175970562,0.8808817245146469,75974,82479,74209,0.0043914629645525225
CYST_PA56.nii.gz,18,left-sided bean-shaped retroperitoneal organ,2,left_kidney,0.9117050667052231,0.8377371232862149,69908,82479,69466,0.00404083492939608
CYST_PA56.nii.gz,19,left renal cortex surrounding the collecting sinus,2,left_kidney,0.853573234159652,0.7445510342164308,61914,82479,61625,0.0035787642876155645
CYST_PA56.nii.gz,20,left renal fossa,2,left_kidney,0.9159754214261594,0.844976617256531,70988,82479,70286,0.004103261285803755
CYST_PA56.nii.gz,21,left posterior pararenal region,2,left_kidney,1.2124298306220827e-12,1.2124298306220827e-12,0,82479,0,0.0
CYST_PA56.nii.gz,22,posteroinferior to the spleen,2,left_kidney,1.0890754838205975e-12,1.0890754838205975e-12,9342,82479,0,0.0005399879829263916
CYST_PA56.nii.gz,23,left kidney is positioned in the left posterior retroperitoneum near the splenic hilum,2,left_kidney,0.5521396148923925,0.3813486580419322,49484,82479,36431,0.0028602831671087087
CYST_PA56.nii.gz,24,gallbladder,3,gallbladder,0.8005692385732394,0.6674576510122232,30451,40521,28409,0.0017601342397871493
CYST_PA56.nii.gz,25,cystic biliary reservoir,3,gallbladder,0.6515349019102334,0.4831677904263439,20851,40521,19993,0.0012052332939411464
CYST_PA56.nii.gz,26,thin-walled pear-shaped fluid structure,3,gallbladder,2.467856173336127e-12,2.467856173336127e-12,0,40521,0,0.0
CYST_PA56.nii.gz,27,hypodense intraluminal bile-containing sac,3,gallbladder,0.34035427510926775,0.20507646301036914,9045,40521,8435,0.0005228207349142808
CYST_PA56.nii.gz,28,gallbladder fossa,3,gallbladder,0.7489150090419697,0.5986124159870911,25839,40521,24849,0.001493550577053632
CYST_PA56.nii.gz,29,inferior hepatic surface,3,gallbladder,0.05391494239885365,0.02770430932012602,436638,40521,12863,0.02523862908253198
CYST_PA56.nii.gz,30,adjacent to hepatic segment IVb and segment V,3,gallbladder,0.002406376900925152,0.0012046378578931644,6022,40521,56,0.00034808473915464886
CYST_PA56.nii.gz,31,gallbladder lies along the undersurface of the liver near the porta hepatis,3,gallbladder,0.7902285582364795,0.6532048376716844,28783,40521,27383,0.0016637202004464063
CYST_PA56.nii.gz,32,liver,4,liver,0.9471266826775696,0.8995637624156143,1056383,1112556,1027130,0.0610612422787123
CYST_PA56.nii.gz,33,hepatic parenchyma,4,liver,0.9509631964813478,0.9065108042841358,1048270,1112556,1027433,0.06059229317729056
CYST_PA56.nii.gz,34,large right-dominant solid visceral organ,4,liver,8.988311599595078e-14,8.988311599595078e-14,0,1112556,0,0.0
CYST_PA56.nii.gz,35,homogeneous hepatic attenuation structure,4,liver,0.9345191809227609,0.8770868176980497,986196,1112556,980662,0.057004280540577566
CYST_PA56.nii.gz,36,right hypochondrial region,4,liver,0.08454737088156747,0.04413963028705214,51123,1112556,49193,0.002955020943175542
CYST_PA56.nii.gz,37,right subdiaphragmatic compartment,4,liver,8.988311599595078e-14,8.988311599595078e-14,0,1112556,0,0.0
CYST_PA56.nii.gz,38,cranial to the gallbladder and right kidney,4,liver,0.00011120866790848683,5.560742601296949e-05,2465,1112556,62,0.000142482378282333
CYST_PA56.nii.gz,39,liver occupies the right upper abdomen and extends into the epigastrium,4,liver,0.8128519278583571,0.6847098074227339,766913,1112556,763865,0.04432924469599954
CYST_PA56.nii.gz,40,stomach,5,stomach,0.7943722997252937,0.6588869014409486,165518,238839,160605,0.009567301536931114
CYST_PA56.nii.gz,41,gastric lumen,5,stomach,0.7470408243325191,0.5962212008501061,143531,238839,142823,0.008296404964398192
CYST_PA56.nii.gz,42,hollow foregut organ with variable distension,5,stomach,0.240237187632639,0.13651679984632273,32676,238839,32614,0.0018887440944233321
CYST_PA56.nii.gz,43,air-fluid containing gastric cavity,5,stomach,0.7198610744887589,0.5623304315985775,136614,238839,135137,0.007896587272479775
CYST_PA56.nii.gz,44,epigastric region,5,stomach,0.36455330425456056,0.22290748160927532,53239,238839,53239,0.0030773303599890985
CYST_PA56.nii.gz,45,left upper intraperitoneal space,5,stomach,4.186622902500173e-13,4.186622902500173e-13,17,238839,0,9.826370916022966e-07
CYST_PA56.nii.gz,46,medial to the spleen and ventral to the pancreas,5,stomach,4.025051923168189e-13,4.025051923168189e-13,9605,238839,0,0.0005551899567552977
CYST_PA56.nii.gz,47,stomach is seen below the left hemidiaphragm anterior to the pancreatic body,5,stomach,0.07603028823091956,0.03951740392076727,13008,238839,9574,0.0007518907816213339
CYST_PA56.nii.gz,48,aorta,6,aorta,0.9451993429894392,0.8960928652323101,69129,64811,63300,0.0039958070297279515
CYST_PA56.nii.gz,49,abdominal aorta,6,aorta,0.9064845344638824,0.8289636160011645,62569,64811,57734,0.0036166247167331825
CYST_PA56.nii.gz,50,thick-walled pulsatile arterial lumen,6,aorta,0.9456735799126518,0.8969457294206707,65181,64811,61465,0.0037676040157487824
CYST_PA56.nii.gz,51,round prevertebral arterial structure,6,aorta,1.542947956363051e-12,1.542947956363051e-12,0,64811,0,0.0
CYST_PA56.nii.gz,52,left para-aortic compartment,6,aorta,1.542947956363051e-12,1.542947956363051e-12,0,64811,0,0.0
CYST_PA56.nii.gz,53,anterior vertebral body margin,6,aorta,1.542947956363051e-12,1.542947956363051e-12,0,64811,0,0.0
CYST_PA56.nii.gz,54,left of the inferior vena cava,6,aorta,1.264094655406199e-12,1.264094655406199e-12,14297,64811,0,0.0008263977940375316
CYST_PA56.nii.gz,55,abdominal aorta descends anterior to the spine on the left side of midline,6,aorta,0.6064205762276146,0.43515322190008004,29978,64811,28741,0.0017327938077678618
CYST_PA56.nii.gz,56,inferior vena cava,7,inferior_vena_cava,0.8503621727586993,0.739678316604814,40194,31733,30582,0.002323300897638983
CYST_PA56.nii.gz,57,IVC,7,inferior_vena_cava,0.8495781851539943,0.7384927634287615,40218,31733,30564,0.002324688150003598
CYST_PA56.nii.gz,58,thin-walled right-sided venous channel,7,inferior_vena_cava,0.6636482297282109,0.4966119284552329,17299,31733,16270,0.0009999199439781254
CYST_PA56.nii.gz,59,oval paracaval vascular lumen,7,inferior_vena_cava,0.22098890010309175,0.12422007941285618,3943,31733,3942,0.00022791400306987388
CYST_PA56.nii.gz,60,right paracaval compartment,7,inferior_vena_cava,3.1512936060153427e-12,3.1512936060153427e-12,0,31733,0,0.0
CYST_PA56.nii.gz,61,retrohepatic caval segment,7,inferior_vena_cava,0.45401325656912767,0.2936721537231844,9605,31733,9384,0.0005551899567552977
CYST_PA56.nii.gz,62,right of the abdominal aorta,7,inferior_vena_cava,2.4044241404125885e-12,2.4044241404125885e-12,9857,31733,0,0.0005697561065837552
CYST_PA56.nii.gz,63,inferior vena cava courses along the right anterolateral aspect of the vertebral column,7,inferior_vena_cava,0.7086311704260962,0.5487442117220744,18770,31733,17894,0.0010849469534926536
CYST_PA56.nii.gz,64,duodenum,8,duodenum,0.6572581268457836,0.4894895586317098,34494,30199,21260,0.001993828461042919
CYST_PA56.nii.gz,65,duodenal C-loop,8,duodenum,0.6467262007384638,0.4778975260529494,27807,30199,18757,0.0016073052709520627
CYST_PA56.nii.gz,66,C-shaped proximal small bowel segment,8,duodenum,0.60898169856313,0.43779560479908597,24824,30199,16754,0.001434881362466789
CYST_PA56.nii.gz,67,retroperitoneal enteric loop encircling the pancreatic head,8,duodenum,0.05719698127331359,0.0294404428678343,2530,30199,936,0.00014623952010316534
CYST_PA56.nii.gz,68,right anterior pararenal compartment,8,duodenum,3.3026189768377333e-12,3.3026189768377333e-12,80,30199,0,4.624174548716691e-06
CYST_PA56.nii.gz,69,peripancreatic duodenal groove,8,duodenum,0.2122499689421984,0.11872463446066958,10046,30199,4271,0.0005806807189550984
CYST_PA56.nii.gz,70,between the pancreatic head and right renal hilum,8,duodenum,0.017356475303133743,0.008754208756990027,5753,30199,312,0.000332535952234589
CYST_PA56.nii.gz,71,duodenum curves around the pancreatic head in the right upper abdomen,8,duodenum,0.5290285153297134,0.35964566332142206,14619,30199,11855,0.0008450100965961162
CYST_PA56.nii.gz,72,pancreas,9,pancreas,0.829056468295449,0.708024294808437,80012,95467,72741,0.004624868174898998
CYST_PA56.nii.gz,73,pancreatic parenchyma,9,pancreas,0.8263437047963091,0.7040764047987857,80818,95467,72836,0.004671456733477319
CYST_PA56.nii.gz,74,lobulated transverse retroperitoneal gland,9,pancreas,0.023416633885770494,0.011847025674828112,1131,95467,1131,6.53742676824822e-05
CYST_PA56.nii.gz,75,elongated soft-tissue organ across the epigastrium,9,pancreas,4.0360662883510907e-13,4.0360662883510907e-13,152299,95467,0,0.00880321449493754
CYST_PA56.nii.gz,76,anterior pararenal compartment,9,pancreas,1.0474823761079247e-12,1.0474823761079247e-12,0,95467,0,0.0
CYST_PA56.nii.gz,77,retrogastric pancreatic bed,9,pancreas,0.5533092497441655,0.3824654644724724,38234,95467,36989,0.0022100086211954244
CYST_PA56.nii.gz,78,from the duodenal C-loop toward the splenic hilum,9,pancreas,0.032632309593148445,0.016586787387611608,15466,95467,1810,0.0008939685446306541
CYST_PA56.nii.gz,79,pancreas lies posterior to the stomach and extends transversely toward the spleen,9,pancreas,0.6205841073710792,0.4498890513641571,46322,95467,43996,0.0026775126680706816
CYST_PA56.nii.gz,80,esophagus,10,esophagus,0.38099907392612625,0.23532974428509199,11057,7300,3497,0.0006391187248145055
CYST_PA56.nii.gz,81,distal thoracic esophagus,10,esophagus,1.369863013679865e-11,1.369863013679865e-11,0,7300,0,0.0
CYST_PA56.nii.gz,82,small collapsed tubular foregut lumen,10,esophagus,1.3368983957040522e-11,1.3368983957040522e-11,180,7300,0,1.0404392734612554e-05
CYST_PA56.nii.gz,83,thin-walled structure at the esophageal hiatus,10,esophagus,0.0019016571719383095,0.0009517335281991607,62,7300,7,3.583735275255435e-06
CYST_PA56.nii.gz,84,posterior mediastinal compartment,10,esophagus,1.349163518600254e-11,1.349163518600254e-11,112,7300,0,6.4738443682033664e-06
CYST_PA56.nii.gz,85,gastroesophageal junction region,10,esophagus,1.369863013679865e-11,1.369863013679865e-11,0,7300,0,0.0
CYST_PA56.nii.gz,86,posterior to the left atrium and anterior to the vertebral column,10,esophagus,1.369863013679865e-11,1.369863013679865e-11,0,7300,0,0.0
CYST_PA56.nii.gz,87,distal esophagus enters the abdomen through the diaphragmatic hiatus above the stomach,10,esophagus,1.369863013679865e-11,1.369863013679865e-11,0,7300,0,0.0
CYST_PA62.nii.gz,0,spleen,0,spleen,0.9630010365829613,0.9286422364490773,281185,300534,280098,0.03272180328631941
CYST_PA62.nii.gz,1,splenic parenchyma,0,spleen,0.9652376984249517,0.9328110397486851,282684,300534,281472,0.03289624354140483
CYST_PA62.nii.gz,2,homogeneous left upper quadrant solid organ,0,spleen,3.327410542566456e-13,3.327410542566456e-13,0,300534,0,0.0
CYST_PA62.nii.gz,3,crescentic organ with smooth lateral convexity,0,spleen,3.327410542566456e-13,3.327410542566456e-13,0,300534,0,0.0
CYST_PA62.nii.gz,4,left hypochondrial region,0,spleen,3.327410542566456e-13,3.327410542566456e-13,0,300534,0,0.0
CYST_PA62.nii.gz,5,left subphrenic compartment,0,spleen,3.327410542566456e-13,3.327410542566456e-13,0,300534,0,0.0
CYST_PA62.nii.gz,6,posterolateral to the gastric fundus,0,spleen,2.969747185421223e-13,2.969747185421223e-13,36195,300534,0,0.004212051389470744
CYST_PA62.nii.gz,7,spleen lies beneath the left hemidiaphragm along the left lateral abdominal wall,0,spleen,0.9561240863516872,0.91593653407528,276548,300534,275881,0.032182190569287346
CYST_PA62.nii.gz,8,right kidney,1,right_kidney,0.9526026237833719,0.9094949494951157,51286,52686,49522,0.005968207419820323
CYST_PA62.nii.gz,9,right renal parenchyma,1,right_kidney,0.9509697859516739,0.906522780008275,50842,52686,49226,0.005916538658474142
CYST_PA62.nii.gz,10,right-sided reniform retroperitoneal organ,1,right_kidney,0.9277750945827017,0.8652803063008103,46698,52686,46103,0.005434296885909789
CYST_PA62.nii.gz,11,right renal cortex with central renal sinus,1,right_kidney,0.8194319181394045,0.6940996717853886,37125,52686,36797,0.004320276497695853
CYST_PA62.nii.gz,12,right renal fossa,1,right_kidney,0.9366635867784003,0.8808722951005702,47967,52686,47139,0.005581971791649211
CYST_PA62.nii.gz,13,right posterior pararenal region,1,right_kidney,1.8980374292945032e-12,1.8980374292945032e-12,0,52686,0,0.0
CYST_PA62.nii.gz,14,caudal to the right hepatic lobe,1,right_kidney,1.897821301142682e-12,1.897821301142682e-12,6,52686,0,6.982265046781176e-07
CYST_PA62.nii.gz,15,right kidney is positioned in the right posterior retroperitoneum adjacent to the psoas muscle,1,right_kidney,0.4601033908209173,0.2987884953309927,17533,52686,16154,0.0020403342177535725
CYST_PA62.nii.gz,16,left kidney,2,left_kidney,0.9665334032815658,0.9352342943164851,54535,56023,53429,0.0063462970721035235
CYST_PA62.nii.gz,17,left renal parenchyma,2,left_kidney,0.9647598336715424,0.9319188581072776,53880,56023,53015,0.006270074012009496
CYST_PA62.nii.gz,18,left-sided bean-shaped retroperitoneal organ,2,left_kidney,0.8942349286249024,0.8087024556789859,45693,56023,45479,0.005317343946376204
CYST_PA62.nii.gz,19,left renal cortex surrounding the collecting sinus,2,left_kidney,0.91798219813503,0.8483984242707824,47674,56023,47596,0.005547875064004096
CYST_PA62.nii.gz,20,left renal fossa,2,left_kidney,0.9418417863618549,0.8900765256300668,50428,56023,50130,0.0058683610296513524
CYST_PA62.nii.gz,21,left posterior pararenal region,2,left_kidney,1.7849811684454867e-12,1.7849811684454867e-12,0,56023,0,0.0
CYST_PA62.nii.gz,22,posteroinferior to the spleen,2,left_kidney,1.7525718992590955e-12,1.7525718992590955e-12,1036,56023,0,0.0001205604431410883
CYST_PA62.nii.gz,23,left kidney is positioned in the left posterior retroperitoneum near the splenic hilum,2,left_kidney,0.8068758039313623,0.6762714280628742,38046,56023,37951,0.004427454266163943
CYST_PA62.nii.gz,24,gallbladder,3,gallbladder,0.42029680172233314,0.2660606132729667,22360,84041,22360,0.002602057440767118
CYST_PA62.nii.gz,25,cystic biliary reservoir,3,gallbladder,0.017971062345650542,0.00906700301161449,762,84041,762,8.867476609412093e-05
CYST_PA62.nii.gz,26,thin-walled pear-shaped fluid structure,3,gallbladder,1.189895408192204e-12,1.189895408192204e-12,0,84041,0,0.0
CYST_PA62.nii.gz,27,hypodense intraluminal bile-containing sac,3,gallbladder,1.189895408192204e-12,1.189895408192204e-12,0,84041,0,0.0
CYST_PA62.nii.gz,28,gallbladder fossa,3,gallbladder,0.24816042357237597,0.14165704834647178,11905,84041,11905,0.0013853977563654982
CYST_PA62.nii.gz,29,inferior hepatic surface,3,gallbladder,0.07733912592954131,0.04022504799101126,166854,84041,9702,0.01941698086859377
CYST_PA62.nii.gz,30,adjacent to hepatic segment IVb and segment V,3,gallbladder,0.0008141664981190459,0.0004072490338548187,9306,84041,38,0.0010829493087557605
CYST_PA62.nii.gz,31,gallbladder lies along the undersurface of the liver near the porta hepatis,3,gallbladder,0.19650636279834707,0.10895872252935002,9157,84041,9157,0.0010656100172229204
CYST_PA62.nii.gz,32,liver,4,liver,0.9419338287757484,0.890240945597833,667956,704151,646217,0.07773076385979612
CYST_PA62.nii.gz,33,hepatic parenchyma,4,liver,0.9500971225511384,0.9049381070940274,653927,704151,645153,0.07609819392077456
CYST_PA62.nii.gz,34,large right-dominant solid visceral organ,4,liver,1.4199361880675066e-13,1.4199361880675066e-13,106,704151,0,1.2335334915980077e-05
CYST_PA62.nii.gz,35,homogeneous hepatic attenuation structure,4,liver,0.8404343190359421,0.724783712413109,511361,704151,510779,0.05950763394311782
CYST_PA62.nii.gz,36,right hypochondrial region,4,liver,0.0031619275565526817,0.001583467182606915,1115,704151,1115,0.00012975375878601685
CYST_PA62.nii.gz,37,right subdiaphragmatic compartment,4,liver,1.4201499394304034e-13,1.4201499394304034e-13,0,704151,0,0.0
CYST_PA62.nii.gz,38,cranial to the gallbladder and right kidney,4,liver,1.4201499394304034e-13,1.4201499394304034e-13,0,704151,0,0.0
CYST_PA62.nii.gz,39,liver occupies the right upper abdomen and extends into the epigastrium,4,liver,0.5043090165464239,0.33717460499897867,249895,704151,240567,0.029080552064423032
CYST_PA62.nii.gz,40,stomach,5,stomach,0.8235727488604858,0.7000626244104359,66537,85486,62601,0.007742982823627985
CYST_PA62.nii.gz,41,gastric lumen,5,stomach,0.7646948923573879,0.6190332150548321,53678,85486,53209,0.006246567053018666
CYST_PA62.nii.gz,42,hollow foregut organ with variable distension,5,stomach,0.3302211110249529,0.19776337646024172,16906,85486,16906,0.001967369548014709
CYST_PA62.nii.gz,43,air-fluid containing gastric cavity,5,stomach,0.7824578164296174,0.6426535581176739,56868,85486,55693,0.006617790811339198
CYST_PA62.nii.gz,44,epigastric region,5,stomach,0.30739226420953425,0.18160868446391035,15525,85486,15525,0.0018066610808546292
CYST_PA62.nii.gz,45,left upper intraperitoneal space,5,stomach,1.1697821865554946e-12,1.1697821865554946e-12,0,85486,0,0.0
CYST_PA62.nii.gz,46,medial to the spleen and ventral to the pancreas,5,stomach,1.1294202685748643e-12,1.1294202685748643e-12,3055,85486,0,0.00035551366196527487
CYST_PA62.nii.gz,47,stomach is seen below the left hemidiaphragm anterior to the pancreatic body,5,stomach,0.04546335457649373,0.023260425781250208,2233,85486,1994,0.00025985663082437276
CYST_PA62.nii.gz,48,aorta,6,aorta,0.9254574511578123,0.8612571481279716,42952,37767,37351,0.004998370804822418
CYST_PA62.nii.gz,49,abdominal aorta,6,aorta,0.8474155485510789,0.7352307655080345,33931,37767,30379,0.0039485872550388676
CYST_PA62.nii.gz,50,thick-walled pulsatile arterial lumen,6,aorta,0.9275530253414183,0.8648940668016515,41629,37767,36822,0.004844411860540893
CYST_PA62.nii.gz,51,round prevertebral arterial structure,6,aorta,2.6478142293466574e-12,2.6478142293466574e-12,0,37767,0,0.0
CYST_PA62.nii.gz,52,left para-aortic compartment,6,aorta,2.6478142293466574e-12,2.6478142293466574e-12,0,37767,0,0.0
CYST_PA62.nii.gz,53,anterior vertebral body margin,6,aorta,2.6478142293466574e-12,2.6478142293466574e-12,0,37767,0,0.0
CYST_PA62.nii.gz,54,left of the inferior vena cava,6,aorta,2.5836455238274546e-12,2.5836455238274546e-12,938,37767,0,0.00010915607689801238
CYST_PA62.nii.gz,55,abdominal aorta descends anterior to the spine on the left side of midline,6,aorta,2.6478142293466574e-12,2.6478142293466574e-12,0,37767,0,0.0
CYST_PA62.nii.gz,56,inferior vena cava,7,inferior_vena_cava,0.767430620914793,0.6226267128957297,20904,18409,15085,0.0024326211422985617
CYST_PA62.nii.gz,57,IVC,7,inferior_vena_cava,0.7764562055885275,0.6345961698599726,20854,18409,15243,0.0024268025880929108
CYST_PA62.nii.gz,58,thin-walled right-sided venous channel,7,inferior_vena_cava,0.56449668475149,0.3932395549055572,8135,18409,7492,0.0009466787692594145
CYST_PA62.nii.gz,59,oval paracaval vascular lumen,7,inferior_vena_cava,0.3531433102808355,0.21443475469897577,4290,18409,4008,0.0004992319508448541
CYST_PA62.nii.gz,60,right paracaval compartment,7,inferior_vena_cava,5.43212559071415e-12,5.43212559071415e-12,0,18409,0,0.0
CYST_PA62.nii.gz,61,retrohepatic caval segment,7,inferior_vena_cava,0.012201706084590208,0.0061383019229391145,113,18409,113,1.3149932504771214e-05
CYST_PA62.nii.gz,62,right of the abdominal aorta,7,inferior_vena_cava,5.43212559071415e-12,5.43212559071415e-12,0,18409,0,0.0
CYST_PA62.nii.gz,63,inferior vena cava courses along the right anterolateral aspect of the vertebral column,7,inferior_vena_cava,0.21852326078048787,0.12266411116902164,2678,18409,2304,0.0003116417632546665
CYST_PA62.nii.gz,64,duodenum,8,duodenum,0.7413179948673615,0.5889636872901137,12749,19588,11986,0.0014836149513568868
CYST_PA62.nii.gz,65,duodenal C-loop,8,duodenum,0.7075959178410167,0.5475036233717452,11376,19588,10955,0.001323837452869711
CYST_PA62.nii.gz,66,C-shaped proximal small bowel segment,8,duodenum,0.48188307929970337,0.31742158507794505,6327,19588,6244,0.000736279849183075
CYST_PA62.nii.gz,67,retroperitoneal enteric loop encircling the pancreatic head,8,duodenum,5.105166428399504e-12,5.105166428399504e-12,0,19588,0,0.0
CYST_PA62.nii.gz,68,right anterior pararenal compartment,8,duodenum,5.105166428399504e-12,5.105166428399504e-12,0,19588,0,0.0
CYST_PA62.nii.gz,69,peripancreatic duodenal groove,8,duodenum,5.011777677517106e-12,5.011777677517106e-12,365,19588,0,4.247544570125215e-05
CYST_PA62.nii.gz,70,between the pancreatic head and right renal hilum,8,duodenum,4.642525533868883e-12,4.642525533868883e-12,1952,19588,0,0.00022715635618861425
CYST_PA62.nii.gz,71,duodenum curves around the pancreatic head in the right upper abdomen,8,duodenum,0.14840339995796736,0.08014888337925484,2177,19588,1615,0.00025333985011404366
CYST_PA62.nii.gz,72,pancreas,9,pancreas,0.8160085632732921,0.6892014063291025,38854,45226,34305,0.0045214821021272635
CYST_PA62.nii.gz,73,pancreatic parenchyma,9,pancreas,0.8208778454179348,0.6961771027949614,39208,45226,34655,0.004562677465903273
CYST_PA62.nii.gz,74,lobulated transverse retroperitoneal gland,9,pancreas,2.2111174987789963e-12,2.2111174987789963e-12,0,45226,0,0.0
CYST_PA62.nii.gz,75,elongated soft-tissue organ across the epigastrium,9,pancreas,1.02083524739838e-12,1.02083524739838e-12,52733,45226,0,0.006136596378531862
CYST_PA62.nii.gz,76,anterior pararenal compartment,9,pancreas,2.1748586341840477e-12,2.1748586341840477e-12,754,45226,0,8.774379742121678e-05
CYST_PA62.nii.gz,77,retrogastric pancreatic bed,9,pancreas,0.5195017672760507,0.35089658048508987,19563,45226,16829,0.0022765675185030024
CYST_PA62.nii.gz,78,from the duodenal C-loop toward the splenic hilum,9,pancreas,0.0008595284892745998,0.0004299490223769426,3638,45226,21,0.0004233580040031653
CYST_PA62.nii.gz,79,pancreas lies posterior to the stomach and extends transversely toward the spleen,9,pancreas,0.6249438202252459,0.4544860271297302,25974,45226,22248,0.003022622538751571
CYST_PA62.nii.gz,80,esophagus,10,esophagus,0.6569458128146415,0.4891431925032529,1934,3141,1667,0.0002250616766745799
CYST_PA62.nii.gz,81,distal thoracic esophagus,10,esophagus,3.183699458669733e-11,3.183699458669733e-11,0,3141,0,0.0
CYST_PA62.nii.gz,82,small collapsed tubular foregut lumen,10,esophagus,3.183699458669733e-11,3.183699458669733e-11,0,3141,0,0.0
CYST_PA62.nii.gz,83,thin-walled structure at the esophageal hiatus,10,esophagus,3.183699458669733e-11,3.183699458669733e-11,0,3141,0,0.0
CYST_PA62.nii.gz,84,posterior mediastinal compartment,10,esophagus,3.183699458669733e-11,3.183699458669733e-11,0,3141,0,0.0
CYST_PA62.nii.gz,85,gastroesophageal junction region,10,esophagus,3.183699458669733e-11,3.183699458669733e-11,0,3141,0,0.0
CYST_PA62.nii.gz,86,posterior to the left atrium and anterior to the vertebral column,10,esophagus,3.183699458669733e-11,3.183699458669733e-11,0,3141,0,0.0
CYST_PA62.nii.gz,87,distal esophagus enters the abdomen through the diaphragmatic hiatus above the stomach,10,esophagus,3.183699458669733e-11,3.183699458669733e-11,0,3141,0,0.0
CYST_PA69.nii.gz,0,spleen,0,spleen,0.9120275125127337,0.8382817791828879,60788,69480,59404,0.005858971393322539
CYST_PA69.nii.gz,1,splenic parenchyma,0,spleen,0.9196893572698367,0.8513193528721605,61088,69480,60041,0.005887886498573521
CYST_PA69.nii.gz,2,homogeneous left upper quadrant solid organ,0,spleen,1.4392630972921138e-12,1.4392630972921138e-12,0,69480,0,0.0
CYST_PA69.nii.gz,3,crescentic organ with smooth lateral convexity,0,spleen,1.4392630972921138e-12,1.4392630972921138e-12,0,69480,0,0.0
CYST_PA69.nii.gz,4,left hypochondrial region,0,spleen,1.4392630972921138e-12,1.4392630972921138e-12,0,69480,0,0.0
CYST_PA69.nii.gz,5,left subphrenic compartment,0,spleen,1.4392630972921138e-12,1.4392630972921138e-12,0,69480,0,0.0
CYST_PA69.nii.gz,6,posterolateral to the gastric fundus,0,spleen,7.545005960549016e-13,7.545005960549016e-13,63058,69480,0,0.006077762356388311
CYST_PA69.nii.gz,7,spleen lies beneath the left hemidiaphragm along the left lateral abdominal wall,0,spleen,0.9213729271115145,0.8542089757160061,60170,69480,59728,0.005799406276505513
CYST_PA69.nii.gz,8,right kidney,1,right_kidney,0.9558573609471183,0.9154471096154216,67025,71843,66369,0.006460116431490477
CYST_PA69.nii.gz,9,right renal parenchyma,1,right_kidney,0.9528492493971621,0.9099446749655464,66246,71843,65789,0.006385033541522091
CYST_PA69.nii.gz,10,right-sided reniform retroperitoneal organ,1,right_kidney,0.9188754416297685,0.8499256024810531,61187,71843,61119,0.005897428483306346
CYST_PA69.nii.gz,11,right renal cortex with central renal sinus,1,right_kidney,0.9028778066937732,0.8229510005380936,60341,71843,59673,0.005815887886498574
CYST_PA69.nii.gz,12,right renal fossa,1,right_kidney,0.9205793793223149,0.8528458338552627,61334,71843,61300,0.005911596884879328
CYST_PA69.nii.gz,13,right posterior pararenal region,1,right_kidney,1.391924056621533e-12,1.391924056621533e-12,0,71843,0,0.0
CYST_PA69.nii.gz,14,caudal to the right hepatic lobe,1,right_kidney,1.39107209926497e-12,1.39107209926497e-12,44,71843,0,4.240882103477524e-06
CYST_PA69.nii.gz,15,right kidney is positioned in the right posterior retroperitoneum adjacent to the psoas muscle,1,right_kidney,0.6691420899118763,0.5027900310319597,36152,71843,36132,0.003484462950111805
CYST_PA69.nii.gz,16,left kidney,2,left_kidney,0.9483186890594617,0.9017167835866774,77967,83871,76737,0.007514746703678001
CYST_PA69.nii.gz,17,left renal parenchyma,2,left_kidney,0.9463491492410806,0.8981619941363984,77338,83871,76280,0.0074541213663351065
CYST_PA69.nii.gz,18,left-sided bean-shaped retroperitoneal organ,2,left_kidney,0.9002933703539433,0.8186668572179324,68837,83871,68741,0.006634763667206415
CYST_PA69.nii.gz,19,left renal cortex surrounding the collecting sinus,2,left_kidney,0.9007074230702417,0.8193518649839038,70068,83871,69327,0.006753411982419616
CYST_PA69.nii.gz,20,left renal fossa,2,left_kidney,0.9242508483675401,0.8591694885048902,72606,83871,72312,0.006998033772842933
CYST_PA69.nii.gz,21,left posterior pararenal region,2,left_kidney,0.016952759257794308,0.008548842867011781,717,83871,717,6.910710154984964e-05
CYST_PA69.nii.gz,22,posteroinferior to the spleen,2,left_kidney,1.0877486865422777e-12,1.0877486865422777e-12,8062,83871,0,0.0007770452617780862
CYST_PA69.nii.gz,23,left kidney is positioned in the left posterior retroperitoneum near the splenic hilum,2,left_kidney,0.8496421355434063,0.7385894092573875,62134,83871,62026,0.0059887038322152825
CYST_PA69.nii.gz,24,gallbladder,3,gallbladder,0.8778619800069418,0.7823119476989561,10921,13887,10889,0.0010526062148199552
CYST_PA69.nii.gz,25,cystic biliary reservoir,3,gallbladder,0.8608913123698869,0.7557587100507072,10504,13887,10499,0.0010124142185210887
CYST_PA69.nii.gz,26,thin-walled pear-shaped fluid structure,3,gallbladder,7.200979333137459e-12,7.200979333137459e-12,0,13887,0,0.0
CYST_PA69.nii.gz,27,hypodense intraluminal bile-containing sac,3,gallbladder,0.823399839031544,0.6998127880205947,9720,13887,9719,0.0009368494101318529
CYST_PA69.nii.gz,28,gallbladder fossa,3,gallbladder,0.8532299315244071,0.7440287769802588,10355,13887,10342,0.0009980530495797672
CYST_PA69.nii.gz,29,inferior hepatic surface,3,gallbladder,0.0025245595745388774,0.0012638751515376737,222986,13887,299,0.02149221219831907
CYST_PA69.nii.gz,30,adjacent to hepatic segment IVb and segment V,3,gallbladder,7.179266278934745e-12,7.179266278934745e-12,42,13887,0,4.048114735137636e-06
CYST_PA69.nii.gz,31,gallbladder lies along the undersurface of the liver near the porta hepatis,3,gallbladder,0.857575633520868,0.7506629398713491,10540,13887,10474,0.0010158840311512067
CYST_PA69.nii.gz,32,liver,4,liver,0.9575779945300997,0.9186087683350962,636227,685917,633028,0.061321902228390776
CYST_PA69.nii.gz,33,hepatic parenchyma,4,liver,0.9589985565691242,0.9212269229987954,638012,685917,634823,0.06149394710463413
CYST_PA69.nii.gz,34,large right-dominant solid visceral organ,4,liver,1.4579023409535763e-13,1.4579023409535763e-13,0,685917,0,0.0
CYST_PA69.nii.gz,35,homogeneous hepatic attenuation structure,4,liver,0.9392807756189935,0.8855131066066321,608533,685917,607926,0.058652652478988355
CYST_PA69.nii.gz,36,right hypochondrial region,4,liver,0.03301832009201871,0.016786287553885268,11514,685917,11514,0.0011097617395327318
CYST_PA69.nii.gz,37,right subdiaphragmatic compartment,4,liver,1.4579023409535763e-13,1.4579023409535763e-13,0,685917,0,0.0
CYST_PA69.nii.gz,38,cranial to the gallbladder and right kidney,4,liver,1.4579023409535763e-13,1.4579023409535763e-13,0,685917,0,0.0
CYST_PA69.nii.gz,39,liver occupies the right upper abdomen and extends into the epigastrium,4,liver,0.8083231499985837,0.6783073364206502,465474,685917,465348,0.04486409900532038
CYST_PA69.nii.gz,40,stomach,5,stomach,0.8418447280726287,0.7268841652568678,84741,111212,82481,0.0081676497802452
CYST_PA69.nii.gz,41,gastric lumen,5,stomach,0.8043616615046224,0.6727466288150525,77340,111212,75832,0.007454314133703447
CYST_PA69.nii.gz,42,hollow foregut organ with variable distension,5,stomach,0.6373742008506088,0.46775439100654814,52243,111212,52091,0.0050353728120903695
CYST_PA69.nii.gz,43,air-fluid containing gastric cavity,5,stomach,0.8063607277590445,0.6755480876943195,77257,111212,75987,0.007446314287917342
CYST_PA69.nii.gz,44,epigastric region,5,stomach,0.653468101451326,0.48529715646243626,54109,111212,54016,0.005215224766751484
CYST_PA69.nii.gz,45,left upper intraperitoneal space,5,stomach,8.991835413436507e-13,8.991835413436507e-13,0,111212,0,0.0
CYST_PA69.nii.gz,46,medial to the spleen and ventral to the pancreas,5,stomach,8.412551610996539e-05,4.206452782564921e-05,7658,111212,5,0.000738106253373429
CYST_PA69.nii.gz,47,stomach is seen below the left hemidiaphragm anterior to the pancreatic body,5,stomach,0.11052352807722143,0.058494260034654716,7731,111212,6573,0.0007451422623178348
CYST_PA69.nii.gz,48,aorta,6,aorta,0.9403317297336966,0.8873831142434276,36287,33348,32740,0.0034974747474747474
CYST_PA69.nii.gz,49,abdominal aorta,6,aorta,0.9340589174286257,0.8762763089828293,35562,33348,32183,0.003427596576451538
CYST_PA69.nii.gz,50,thick-walled pulsatile arterial lumen,6,aorta,0.9438228747476469,0.8936217725055308,34491,33348,32014,0.0033243696507055287
CYST_PA69.nii.gz,51,round prevertebral arterial structure,6,aorta,2.998680580535568e-12,2.998680580535568e-12,0,33348,0,0.0
CYST_PA69.nii.gz,52,left para-aortic compartment,6,aorta,2.998680580535568e-12,2.998680580535568e-12,0,33348,0,0.0
CYST_PA69.nii.gz,53,anterior vertebral body margin,6,aorta,2.998680580535568e-12,2.998680580535568e-12,0,33348,0,0.0
CYST_PA69.nii.gz,54,left of the inferior vena cava,6,aorta,2.9747739171734445e-12,2.9747739171734445e-12,268,33348,0,2.5830827357544913e-05
CYST_PA69.nii.gz,55,abdominal aorta descends anterior to the spine on the left side of midline,6,aorta,2.998680580535568e-12,2.998680580535568e-12,0,33348,0,0.0
CYST_PA69.nii.gz,56,inferior vena cava,7,inferior_vena_cava,0.6689282813337047,0.5025486395326114,10881,10048,7000,0.0010487508674531575
CYST_PA69.nii.gz,57,IVC,7,inferior_vena_cava,0.6793732683687811,0.5144324676299324,10886,10048,7111,0.0010492327858740073
CYST_PA69.nii.gz,58,thin-walled right-sided venous channel,7,inferior_vena_cava,0.23911257190436225,0.1357909472782474,2122,10048,1455,0.00020452617780862057
CYST_PA69.nii.gz,59,oval paracaval vascular lumen,7,inferior_vena_cava,0.23994415845702863,0.13632758279658608,1413,10048,1375,0.00013619014573213047
CYST_PA69.nii.gz,60,right paracaval compartment,7,inferior_vena_cava,9.952229299264009e-12,9.952229299264009e-12,0,10048,0,0.0
CYST_PA69.nii.gz,61,retrohepatic caval segment,7,inferior_vena_cava,0.2615789921028165,0.1504692999691976,1719,10048,1539,0.00016568355308813323
CYST_PA69.nii.gz,62,right of the abdominal aorta,7,inferior_vena_cava,9.952229299264009e-12,9.952229299264009e-12,0,10048,0,0.0
CYST_PA69.nii.gz,63,inferior vena cava courses along the right anterolateral aspect of the vertebral column,7,inferior_vena_cava,0.24679680110717345,0.14076907985932147,1581,10048,1435,0.00015238260467268102
CYST_PA69.nii.gz,64,duodenum,8,duodenum,0.6006430057378785,0.42922785836818983,10124,21602,9528,0.0009757884185365101
CYST_PA69.nii.gz,65,duodenal C-loop,8,duodenum,0.5695909105763506,0.39820140601023374,9027,21602,8723,0.0008700555170020819
CYST_PA69.nii.gz,66,C-shaped proximal small bowel segment,8,duodenum,0.41553650862747993,0.2622569159168161,6049,21602,5745,0.0005830249055439895
CYST_PA69.nii.gz,67,retroperitoneal enteric loop encircling the pancreatic head,8,duodenum,4.629200999885986e-12,4.629200999885986e-12,0,21602,0,0.0
CYST_PA69.nii.gz,68,right anterior pararenal compartment,8,duodenum,4.527960153930142e-12,4.527960153930142e-12,483,21602,0,4.6553319454082815e-05
CYST_PA69.nii.gz,69,peripancreatic duodenal groove,8,duodenum,0.16933081603033634,0.09249667690749187,2233,21602,2018,0.0002152247667514843
CYST_PA69.nii.gz,70,between the pancreatic head and right renal hilum,8,duodenum,4.553734061910046e-12,4.553734061910046e-12,358,21602,0,3.4505358932839846e-05
CYST_PA69.nii.gz,71,duodenum curves around the pancreatic head in the right upper abdomen,8,duodenum,0.3624262592672726,0.22131904674292757,4842,21602,4792,0.0004666897987508674
CYST_PA69.nii.gz,72,pancreas,9,pancreas,0.8243271008837016,0.70115344285273,36866,50740,36108,0.003553280900609145
CYST_PA69.nii.gz,73,pancreatic parenchyma,9,pancreas,0.8286019501331584,0.7073615584622854,37254,50740,36456,0.003590677770067083
CYST_PA69.nii.gz,74,lobulated transverse retroperitoneal gland,9,pancreas,0.0899680030131941,0.04710287741614682,2390,50740,2390,0.00023035700516616547
CYST_PA69.nii.gz,75,elongated soft-tissue organ across the epigastrium,9,pancreas,7.571168988486091e-13,7.571168988486091e-13,81340,50740,0,0.007839848870383222
CYST_PA69.nii.gz,76,anterior pararenal compartment,9,pancreas,1.9708316909697066e-12,1.9708316909697066e-12,0,50740,0,0.0
CYST_PA69.nii.gz,77,retrogastric pancreatic bed,9,pancreas,0.4451080859845298,0.2862630398765989,15226,50740,14681,0.001467537975171563
CYST_PA69.nii.gz,78,from the duodenal C-loop toward the splenic hilum,9,pancreas,0.0004900159272667787,0.0002450680081218249,6401,50740,14,0.0006169519623718097
CYST_PA69.nii.gz,79,pancreas lies posterior to the stomach and extends transversely toward the spleen,9,pancreas,0.733769329503412,0.5794910410882386,31065,50740,30013,0.0029941591487393014
CYST_PA69.nii.gz,80,esophagus,10,esophagus,0.4192668888274334,0.2652357225084293,2217,7686,2076,0.0002136826278047652
CYST_PA69.nii.gz,81,distal thoracic esophagus,10,esophagus,1.3010668748204388e-11,1.3010668748204388e-11,0,7686,0,0.0
CYST_PA69.nii.gz,82,small collapsed tubular foregut lumen,10,esophagus,1.3010668748204388e-11,1.3010668748204388e-11,0,7686,0,0.0
CYST_PA69.nii.gz,83,thin-walled structure at the esophageal hiatus,10,esophagus,1.3010668748204388e-11,1.3010668748204388e-11,0,7686,0,0.0
CYST_PA69.nii.gz,84,posterior mediastinal compartment,10,esophagus,1.3010668748204388e-11,1.3010668748204388e-11,0,7686,0,0.0
CYST_PA69.nii.gz,85,gastroesophageal junction region,10,esophagus,1.3010668748204388e-11,1.3010668748204388e-11,0,7686,0,0.0
CYST_PA69.nii.gz,86,posterior to the left atrium and anterior to the vertebral column,10,esophagus,1.3010668748204388e-11,1.3010668748204388e-11,0,7686,0,0.0
CYST_PA69.nii.gz,87,distal esophagus enters the abdomen through the diaphragmatic hiatus above the stomach,10,esophagus,1.3010668748204388e-11,1.3010668748204388e-11,0,7686,0,0.0
CYST_PA74.nii.gz,0,spleen,0,spleen,0.9418788253533095,0.8901426867937172,264696,293259,262763,0.017892116007554953
CYST_PA74.nii.gz,1,splenic parenchyma,0,spleen,0.9448106201262632,0.8953943606211588,266885,293259,264615,0.018040081378926407
CYST_PA74.nii.gz,2,homogeneous left upper quadrant solid organ,0,spleen,3.409955022692088e-13,3.409955022692088e-13,0,293259,0,0.0
CYST_PA74.nii.gz,3,crescentic organ with smooth lateral convexity,0,spleen,3.409955022692088e-13,3.409955022692088e-13,0,293259,0,0.0
CYST_PA74.nii.gz,4,left hypochondrial region,0,spleen,3.409955022692088e-13,3.409955022692088e-13,0,293259,0,0.0
CYST_PA74.nii.gz,5,left subphrenic compartment,0,spleen,3.409955022692088e-13,3.409955022692088e-13,0,293259,0,0.0
CYST_PA74.nii.gz,6,posterolateral to the gastric fundus,0,spleen,2.665635954097038e-13,2.665635954097038e-13,81886,293259,0,0.005535081041627546
CYST_PA74.nii.gz,7,spleen lies beneath the left hemidiaphragm along the left lateral abdominal wall,0,spleen,0.8708869017922495,0.7713017439746812,227881,293259,226927,0.015403607489035083
CYST_PA74.nii.gz,8,right kidney,1,right_kidney,0.949252958686267,0.9034076912550492,99614,109009,99018,0.006733404524347097
CYST_PA74.nii.gz,9,right renal parenchyma,1,right_kidney,0.9462231295785055,0.8979349956695101,99166,109009,98490,0.006703121981462487
CYST_PA74.nii.gz,10,right-sided reniform retroperitoneal organ,1,right_kidney,0.8774390745925215,0.7816404924963268,85327,109009,85259,0.005767675305167594
CYST_PA74.nii.gz,11,right renal cortex with central renal sinus,1,right_kidney,0.7286394065920269,0.5731178159605417,62475,109009,62475,0.004222995238205321
CYST_PA74.nii.gz,12,right renal fossa,1,right_kidney,0.9099291027835464,0.834743047545967,91422,109009,91189,0.006179666597314236
CYST_PA74.nii.gz,13,right posterior pararenal region,1,right_kidney,0.0018147156954560484,0.0009081818941546953,99,109009,99,6.691901217804351e-06
CYST_PA74.nii.gz,14,caudal to the right hepatic lobe,1,right_kidney,9.131669543134233e-13,9.131669543134233e-13,500,109009,0,3.3797480898001774e-05
CYST_PA74.nii.gz,15,right kidney is positioned in the right posterior retroperitoneum adjacent to the psoas muscle,1,right_kidney,0.6021918861759904,0.4308115543333968,47021,109009,46980,0.0031783826986098826
CYST_PA74.nii.gz,16,left kidney,2,left_kidney,0.9466896796238135,0.8987756611800268,122091,134576,121492,0.008252736480635868
CYST_PA74.nii.gz,17,left renal parenchyma,2,left_kidney,0.942076742536766,0.8904962962963774,120641,134576,120217,0.008154723786031663
CYST_PA74.nii.gz,18,left-sided bean-shaped retroperitoneal organ,2,left_kidney,0.8643997048593383,0.7611830575936666,102599,134576,102507,0.006935175485308168
CYST_PA74.nii.gz,19,left renal cortex surrounding the collecting sinus,2,left_kidney,0.8393289094131884,0.7231410485023455,97345,134576,97329,0.0065800315560319645
CYST_PA74.nii.gz,20,left renal fossa,2,left_kidney,0.9130245424997729,0.8399679461020828,113402,134576,113205,0.007665403857590394
CYST_PA74.nii.gz,21,left posterior pararenal region,2,left_kidney,7.430745452378261e-13,7.430745452378261e-13,0,134576,0,0.0
CYST_PA74.nii.gz,22,posteroinferior to the spleen,2,left_kidney,5.135876084148031e-05,2.5680040189245406e-05,21191,134576,4,0.001432404835419111
CYST_PA74.nii.gz,23,left kidney is positioned in the left posterior retroperitoneum near the splenic hilum,2,left_kidney,0.4764679688404811,0.3127390557573195,47325,134576,43335,0.0031989315669958677
CYST_PA74.nii.gz,24,gallbladder,3,gallbladder,0.8348984669719983,0.7165885918995709,22192,27644,20804,0.0015000673921769106
CYST_PA74.nii.gz,25,cystic biliary reservoir,3,gallbladder,0.7498037505456829,0.5997488401311621,18216,27644,17193,0.0012313098240760005
CYST_PA74.nii.gz,26,thin-walled pear-shaped fluid structure,3,gallbladder,3.6174215019403216e-12,3.6174215019403216e-12,0,27644,0,0.0
CYST_PA74.nii.gz,27,hypodense intraluminal bile-containing sac,3,gallbladder,0.5609680582084706,0.38982321512034346,11114,27644,10871,0.0007512504054007833
CYST_PA74.nii.gz,28,gallbladder fossa,3,gallbladder,0.8139284531305607,0.6862389164292179,20660,27644,19658,0.0013965119107054332
CYST_PA74.nii.gz,29,inferior hepatic surface,3,gallbladder,0.005831199117611447,0.002924125136874472,426465,27644,1324,0.02882688538233265
CYST_PA74.nii.gz,30,adjacent to hepatic segment IVb and segment V,3,gallbladder,0.16838231065855316,0.09193092621949157,7134,27644,2928,0.00048222245745268926
CYST_PA74.nii.gz,31,gallbladder lies along the undersurface of the liver near the porta hepatis,3,gallbladder,0.781170754576723,0.6409189453820515,19283,27644,18329,0.0013034336483123362
CYST_PA74.nii.gz,32,liver,4,liver,0.9512739071244776,0.9070756545364155,1040538,1109501,1022638,0.07033512635728993
CYST_PA74.nii.gz,33,hepatic parenchyma,4,liver,0.953550957378792,0.9112254094956074,1030091,1109501,1020105,0.06962896179140708
CYST_PA74.nii.gz,34,large right-dominant solid visceral organ,4,liver,9.012987715296932e-14,9.012987715296932e-14,9,1109501,0,6.083546561640319e-07
CYST_PA74.nii.gz,35,homogeneous hepatic attenuation structure,4,liver,0.8945483446389653,0.8092152563169485,906162,1109501,901554,0.06125198577099016
CYST_PA74.nii.gz,36,right hypochondrial region,4,liver,0.0013890621229318734,0.0006950137701622961,4920,1109501,774,0.0003325672120363374
CYST_PA74.nii.gz,37,right subdiaphragmatic compartment,4,liver,9.013060826442787e-14,9.013060826442787e-14,0,1109501,0,0.0
CYST_PA74.nii.gz,38,cranial to the gallbladder and right kidney,4,liver,9.013060826442787e-14,9.013060826442787e-14,0,1109501,0,0.0
CYST_PA74.nii.gz,39,liver occupies the right upper abdomen and extends into the epigastrium,4,liver,0.6931842452563377,0.5304376249981289,590076,1109501,589060,0.039886164676738584
CYST_PA74.nii.gz,40,stomach,5,stomach,0.6438006118410282,0.4747094103287712,129847,203573,107328,0.008777003004325672
CYST_PA74.nii.gz,41,gastric lumen,5,stomach,0.6289370631992315,0.4587222412028431,116653,203573,100701,0.007885155078389201
CYST_PA74.nii.gz,42,hollow foregut organ with variable distension,5,stomach,0.4849373089618318,0.3200773881045023,75494,203573,67665,0.0051030140458274914
CYST_PA74.nii.gz,43,air-fluid containing gastric cavity,5,stomach,0.6271943288448416,0.45687043841919434,112412,203573,99092,0.00759848484541235
CYST_PA74.nii.gz,44,epigastric region,5,stomach,0.5689802194731359,0.3976047202253646,82567,203573,81404,0.005581113210610625
CYST_PA74.nii.gz,45,left upper intraperitoneal space,5,stomach,4.912242782684878e-13,4.912242782684878e-13,0,203573,0,0.0
CYST_PA74.nii.gz,46,medial to the spleen and ventral to the pancreas,5,stomach,4.898622997073123e-13,4.898622997073123e-13,566,203573,0,3.8258748376538005e-05
CYST_PA74.nii.gz,47,stomach is seen below the left hemidiaphragm anterior to the pancreatic body,5,stomach,0.36416887665674447,0.22262009290591103,45674,203573,45384,0.0030873322850706658
CYST_PA74.nii.gz,48,aorta,6,aorta,0.9504489054777056,0.9055765940679619,48802,50328,47109,0.0032987693255685647
CYST_PA74.nii.gz,49,abdominal aorta,6,aorta,0.7914593796865208,0.6548885212328549,33694,50328,33250,0.0022775446427545434
CYST_PA74.nii.gz,50,thick-walled pulsatile arterial lumen,6,aorta,0.932157803462276,0.8729359136441254,45969,50328,44882,0.003107272798800487
CYST_PA74.nii.gz,51,round prevertebral arterial structure,6,aorta,1.9869655062748627e-12,1.9869655062748627e-12,0,50328,0,0.0
CYST_PA74.nii.gz,52,left para-aortic compartment,6,aorta,1.9869655062748627e-12,1.9869655062748627e-12,0,50328,0,0.0
CYST_PA74.nii.gz,53,anterior vertebral body margin,6,aorta,1.9869655062748627e-12,1.9869655062748627e-12,0,50328,0,0.0
CYST_PA74.nii.gz,54,left of the inferior vena cava,6,aorta,1.6771769757116643e-12,1.6771769757116643e-12,9296,50328,0,0.0006283627648556489
CYST_PA74.nii.gz,55,abdominal aorta descends anterior to the spine on the left side of midline,6,aorta,0.06158645791387604,0.03177157844732203,1599,50328,1599,0.00010808434391180967
CYST_PA74.nii.gz,56,inferior vena cava,7,inferior_vena_cava,0.8217620324418169,0.697449967722087,26172,26415,21607,0.0017690953401250048
CYST_PA74.nii.gz,57,IVC,7,inferior_vena_cava,0.8212136313109571,0.6966602712116787,25759,26415,21423,0.0017411786209032552
CYST_PA74.nii.gz,58,thin-walled right-sided venous channel,7,inferior_vena_cava,0.5211800723642606,0.3524297060287107,9515,26415,9363,0.0006431660614889737
CYST_PA74.nii.gz,59,oval paracaval vascular lumen,7,inferior_vena_cava,0.4420922278587036,0.28377304213148197,7501,26415,7497,0.0005070298084318226
CYST_PA74.nii.gz,60,right paracaval compartment,7,inferior_vena_cava,3.785727806156405e-12,3.785727806156405e-12,0,26415,0,0.0
CYST_PA74.nii.gz,61,retrohepatic caval segment,7,inferior_vena_cava,0.49097390560533016,0.32535812828618,8650,26415,8608,0.0005846964195354306
CYST_PA74.nii.gz,62,right of the abdominal aorta,7,inferior_vena_cava,3.5938903863303003e-12,3.5938903863303003e-12,1410,26415,0,9.5308896132365e-05
CYST_PA74.nii.gz,63,inferior vena cava courses along the right anterolateral aspect of the vertebral column,7,inferior_vena_cava,0.617917974580307,0.4470921140835241,12451,26415,12008,0.0008416248693220402
CYST_PA74.nii.gz,64,duodenum,8,duodenum,0.5891070237310848,0.4175419635941182,16592,25380,12363,0.0011215356061192907
CYST_PA74.nii.gz,65,duodenal C-loop,8,duodenum,0.5902786517995563,0.41872009142411715,14347,25380,11725,0.0009697849168872628
CYST_PA74.nii.gz,66,C-shaped proximal small bowel segment,8,duodenum,0.46240219490025813,0.30073026468195246,13984,25380,9101,0.0009452479457553136
CYST_PA74.nii.gz,67,retroperitoneal enteric loop encircling the pancreatic head,8,duodenum,3.939955084496513e-12,3.939955084496513e-12,1,25380,0,6.759496179600355e-08
CYST_PA74.nii.gz,68,right anterior pararenal compartment,8,duodenum,3.673499375491611e-12,3.673499375491611e-12,1842,25380,0,0.00012450991962823852
CYST_PA74.nii.gz,69,peripancreatic duodenal groove,8,duodenum,0.1201999629730783,0.06394295170174162,1625,25380,1623,0.00010984181291850575
CYST_PA74.nii.gz,70,between the pancreatic head and right renal hilum,8,duodenum,3.777290926932925e-12,3.777290926932925e-12,1094,25380,0,7.394888820482787e-05
CYST_PA74.nii.gz,71,duodenum curves around the pancreatic head in the right upper abdomen,8,duodenum,0.5046540445534576,0.3374831374086048,9321,25380,8756,0.000630052638900549
CYST_PA74.nii.gz,72,pancreas,9,pancreas,0.842815217684067,0.7283324414251979,64179,84385,62606,0.004338177053105711
CYST_PA74.nii.gz,73,pancreatic parenchyma,9,pancreas,0.8473231633936982,0.7350916896088201,64354,84385,63015,0.004350006171420012
CYST_PA74.nii.gz,74,lobulated transverse retroperitoneal gland,9,pancreas,0.0006160334565392946,0.00030811163239875794,26,84385,26,1.757469006696092e-06
CYST_PA74.nii.gz,75,elongated soft-tissue organ across the epigastrium,9,pancreas,4.686826268721674e-13,4.686826268721674e-13,128979,84385,0,0.00871833057748674
CYST_PA74.nii.gz,76,anterior pararenal compartment,9,pancreas,1.1850447354373584e-12,1.1850447354373584e-12,0,84385,0,0.0
CYST_PA74.nii.gz,77,retrogastric pancreatic bed,9,pancreas,0.23549275932872496,0.1334609197976618,12153,84385,11367,0.0008214815707068311
CYST_PA74.nii.gz,78,from the duodenal C-loop toward the splenic hilum,9,pancreas,0.006888100068662432,0.0034559525082121746,10271,84385,326,0.0006942678526067524
CYST_PA74.nii.gz,79,pancreas lies posterior to the stomach and extends transversely toward the spleen,9,pancreas,0.48665517803142516,0.32157587019656275,32252,84385,28381,0.0021800727078447064
CYST_PA74.nii.gz,80,esophagus,10,esophagus,0.16653840235236975,0.09083277368887117,3161,3336,541,0.0002136676742371672
CYST_PA74.nii.gz,81,distal thoracic esophagus,10,esophagus,2.997601918375372e-11,2.997601918375372e-11,0,3336,0,0.0
CYST_PA74.nii.gz,82,small collapsed tubular foregut lumen,10,esophagus,2.997601918375372e-11,2.997601918375372e-11,0,3336,0,0.0
CYST_PA74.nii.gz,83,thin-walled structure at the esophageal hiatus,10,esophagus,2.997601918375372e-11,2.997601918375372e-11,0,3336,0,0.0
CYST_PA74.nii.gz,84,posterior mediastinal compartment,10,esophagus,2.997601918375372e-11,2.997601918375372e-11,0,3336,0,0.0
CYST_PA74.nii.gz,85,gastroesophageal junction region,10,esophagus,2.997601918375372e-11,2.997601918375372e-11,0,3336,0,0.0
CYST_PA74.nii.gz,86,posterior to the left atrium and anterior to the vertebral column,10,esophagus,2.997601918375372e-11,2.997601918375372e-11,0,3336,0,0.0
CYST_PA74.nii.gz,87,distal esophagus enters the abdomen through the diaphragmatic hiatus above the stomach,10,esophagus,2.9069767441015412e-11,2.9069767441015412e-11,104,3336,0,7.029876026784368e-06
FNH_PA10.nii.gz,0,spleen,0,spleen,0.9587790334509174,0.9208218661103342,260518,278989,258634,0.014928015835324361
FNH_PA10.nii.gz,1,splenic parenchyma,0,spleen,0.9610295082088425,0.9249824858375593,262318,278989,260106,0.015031158146042178
FNH_PA10.nii.gz,2,homogeneous left upper quadrant solid organ,0,spleen,3.5843707099550214e-13,3.5843707099550214e-13,0,278989,0,0.0
FNH_PA10.nii.gz,3,crescentic organ with smooth lateral convexity,0,spleen,3.5843707099550214e-13,3.5843707099550214e-13,0,278989,0,0.0
FNH_PA10.nii.gz,4,left hypochondrial region,0,spleen,3.5843707099550214e-13,3.5843707099550214e-13,0,278989,0,0.0
FNH_PA10.nii.gz,5,left subphrenic compartment,0,spleen,3.5843707099550214e-13,3.5843707099550214e-13,0,278989,0,0.0
FNH_PA10.nii.gz,6,posterolateral to the gastric fundus,0,spleen,3.1554799642789707e-13,3.1554799642789707e-13,37920,278989,0,0.002172864679121979
FNH_PA10.nii.gz,7,spleen lies beneath the left hemidiaphragm along the left lateral abdominal wall,0,spleen,0.9423277361765918,0.8909449253875357,251578,278989,249984,0.014415742358759212
FNH_PA10.nii.gz,8,right kidney,1,right_kidney,0.9575637585641193,0.9185825669732921,96133,95802,91895,0.005508544309019864
FNH_PA10.nii.gz,9,right renal parenchyma,1,right_kidney,0.955430766340336,0.9146648547105054,95810,95802,91536,0.005490035994374389
FNH_PA10.nii.gz,10,right-sided reniform retroperitoneal organ,1,right_kidney,0.9133584761434189,0.8405333829890131,82115,95802,81251,0.0047052949136630095
FNH_PA10.nii.gz,11,right renal cortex with central renal sinus,1,right_kidney,0.822166014057554,0.6980321708070598,68666,95802,67610,0.003934649948749732
FNH_PA10.nii.gz,12,right renal fossa,1,right_kidney,0.946759632869607,0.8989017724882271,90072,95802,87989,0.005161241228319486
FNH_PA10.nii.gz,13,right posterior pararenal region,1,right_kidney,1.0438195444760612e-12,1.0438195444760612e-12,0,95802,0,0.0
FNH_PA10.nii.gz,14,caudal to the right hepatic lobe,1,right_kidney,1.041211136793235e-12,1.041211136793235e-12,240,95802,0,1.375230809570873e-05
FNH_PA10.nii.gz,15,right kidney is positioned in the right posterior retroperitoneum adjacent to the psoas muscle,1,right_kidney,0.688027925071486,0.5244226902537478,54314,95802,51642,0.0031122619246263497
FNH_PA10.nii.gz,16,left kidney,2,left_kidney,0.9651279557730912,0.9326060754632871,93100,96106,91304,0.005334749515460345
FNH_PA10.nii.gz,17,left renal parenchyma,2,left_kidney,0.9637264471227488,0.9299923214743486,92406,96106,90837,0.005294982424550254
FNH_PA10.nii.gz,18,left-sided bean-shaped retroperitoneal organ,2,left_kidney,0.9100131610906703,0.8348845404421097,80931,96106,80553,0.00463745019372418
FNH_PA10.nii.gz,19,left renal cortex surrounding the collecting sinus,2,left_kidney,0.8712455415807026,0.7718645406733761,74358,96106,74258,0.004260808855752957
FNH_PA10.nii.gz,20,left renal fossa,2,left_kidney,0.9481169000609136,0.9013519659322142,87846,96106,87204,0.005033688570731788
FNH_PA10.nii.gz,21,left posterior pararenal region,2,left_kidney,1.0405177616371085e-12,1.0405177616371085e-12,0,96106,0,0.0
FNH_PA10.nii.gz,22,posteroinferior to the spleen,2,left_kidney,1.908979936620047e-05,9.544991266324755e-06,8662,96106,1,0.0004963437196876209
FNH_PA10.nii.gz,23,left kidney is positioned in the left posterior retroperitoneum near the splenic hilum,2,left_kidney,0.6683873802138524,0.5019383041905499,49570,96106,48684,0.002840424634601174
FNH_PA10.nii.gz,24,gallbladder,3,gallbladder,0.8605011389524818,0.7551575243892725,19997,23903,18888,0.0011458537707911979
FNH_PA10.nii.gz,25,cystic biliary reservoir,3,gallbladder,0.8402864185941066,0.7245637475212577,18692,23903,17896,0.0010710755955207817
FNH_PA10.nii.gz,26,thin-walled pear-shaped fluid structure,3,gallbladder,4.183575283419723e-12,4.183575283419723e-12,0,23903,0,0.0
FNH_PA10.nii.gz,27,hypodense intraluminal bile-containing sac,3,gallbladder,0.8101646419829535,0.6809048298362302,17338,23903,16706,0.0009934896573474915
FNH_PA10.nii.gz,28,gallbladder fossa,3,gallbladder,0.8484115540261212,0.7367315615165331,19095,23903,18240,0.001094168012864826
FNH_PA10.nii.gz,29,inferior hepatic surface,3,gallbladder,0.005090045226908034,0.002551516280187476,466073,23903,1247,0.026706581212880227
FNH_PA10.nii.gz,30,adjacent to hepatic segment IVb and segment V,3,gallbladder,0.02121272763984653,0.010720064728254045,6079,23903,318,0.0003483345038075557
FNH_PA10.nii.gz,31,gallbladder lies along the undersurface of the liver near the porta hepatis,3,gallbladder,0.8387470728713947,0.7222776823874045,19228,23903,18088,0.0011017890836011977
FNH_PA10.nii.gz,32,liver,4,liver,0.9691147699885353,0.9400801774779136,1262695,1320611,1251760,0.0723540444621289
FNH_PA10.nii.gz,33,hepatic parenchyma,4,liver,0.9670886979155167,0.9362746791170454,1258108,1320611,1246925,0.07209120347364967
FNH_PA10.nii.gz,34,large right-dominant solid visceral organ,4,liver,8.783427194852853e-05,4.39190648116634e-05,58,1320611,58,3.323474456462943e-06
FNH_PA10.nii.gz,35,homogeneous hepatic attenuation structure,4,liver,0.9389089279551612,0.8848523493330177,1174238,1320611,1171218,0.06728534480703678
FNH_PA10.nii.gz,36,right hypochondrial region,4,liver,0.033349210365789465,0.01695736250769027,23049,1320611,22405,0.0013207372887416272
FNH_PA10.nii.gz,37,right subdiaphragmatic compartment,4,liver,7.57225254067946e-14,7.57225254067946e-14,0,1320611,0,0.0
FNH_PA10.nii.gz,38,cranial to the gallbladder and right kidney,4,liver,3.325339929094433e-05,1.66269761349977e-05,2562,1320611,22,0.0001468058889216907
FNH_PA10.nii.gz,39,liver occupies the right upper abdomen and extends into the epigastrium,4,liver,0.7622171219029483,0.6157922648556807,815203,1320611,813977,0.04671217840227518
FNH_PA10.nii.gz,40,stomach,5,stomach,0.7155572308853245,0.5570954565602835,97078,162904,93016,0.005562694022146717
FNH_PA10.nii.gz,41,gastric lumen,5,stomach,0.6818366256484467,0.5172626086535426,86009,162904,84859,0.004928426112515884
FNH_PA10.nii.gz,42,hollow foregut organ with variable distension,5,stomach,0.32947932422420106,0.1972315153008212,32131,162904,32130,0.0018411475475967384
FNH_PA10.nii.gz,43,air-fluid containing gastric cavity,5,stomach,0.6394481298285996,0.46999173191997595,78892,162904,77308,0.004520612876194388
FNH_PA10.nii.gz,44,epigastric region,5,stomach,0.3323522938412905,0.1992940670948103,32467,162904,32466,0.0018604007789307306
FNH_PA10.nii.gz,45,left upper intraperitoneal space,5,stomach,6.138584687910586e-13,6.138584687910586e-13,0,162904,0,0.0
FNH_PA10.nii.gz,46,medial to the spleen and ventral to the pancreas,5,stomach,5.80622310992585e-13,5.80622310992585e-13,9325,162904,0,0.0005343344708020163
FNH_PA10.nii.gz,47,stomach is seen below the left hemidiaphragm anterior to the pancreatic body,5,stomach,0.09028711771294645,0.047277849225888124,8106,162904,7720,0.0004644842059325623
FNH_PA10.nii.gz,48,aorta,6,aorta,0.9454474376289262,0.8965389411252771,28151,28125,26603,0.0016130884383429018
FNH_PA10.nii.gz,49,abdominal aorta,6,aorta,0.7205488696440883,0.5631702943156821,16330,28125,16016,0.0009357299633455148
FNH_PA10.nii.gz,50,thick-walled pulsatile arterial lumen,6,aorta,0.9367840319655111,0.8810853675359224,26434,28125,25555,0.0015147021341748524
FNH_PA10.nii.gz,51,round prevertebral arterial structure,6,aorta,3.555555555542913e-12,3.555555555542913e-12,0,28125,0,0.0
FNH_PA10.nii.gz,52,left para-aortic compartment,6,aorta,3.555555555542913e-12,3.555555555542913e-12,0,28125,0,0.0
FNH_PA10.nii.gz,53,anterior vertebral body margin,6,aorta,3.555555555542913e-12,3.555555555542913e-12,0,28125,0,0.0
FNH_PA10.nii.gz,54,left of the inferior vena cava,6,aorta,2.48428688544336e-12,2.48428688544336e-12,12128,28125,0,0.0006949499691031478
FNH_PA10.nii.gz,55,abdominal aorta descends anterior to the spine on the left side of midline,6,aorta,3.555555555542913e-12,3.555555555542913e-12,0,28125,0,0.0
FNH_PA10.nii.gz,56,inferior vena cava,7,inferior_vena_cava,0.9153148415933807,0.8438530153193624,37564,38506,34814,0.002152465422113345
FNH_PA10.nii.gz,57,IVC,7,inferior_vena_cava,0.914642006814019,0.8427099745489208,37515,38506,34766,0.0021496576592104706
FNH_PA10.nii.gz,58,thin-walled right-sided venous channel,7,inferior_vena_cava,0.8671116765056716,0.7653990764345167,31455,38506,30332,0.0018024118797938253
FNH_PA10.nii.gz,59,oval paracaval vascular lumen,7,inferior_vena_cava,0.7807131968131187,0.6403031631057712,25123,38506,24838,0.0014395801512020435
FNH_PA10.nii.gz,60,right paracaval compartment,7,inferior_vena_cava,2.5969978704550015e-12,2.5969978704550015e-12,0,38506,0,0.0
FNH_PA10.nii.gz,61,retrohepatic caval segment,7,inferior_vena_cava,0.658727153822912,0.4911209197303143,19600,38506,19138,0.0011231051611495463
FNH_PA10.nii.gz,62,right of the abdominal aorta,7,inferior_vena_cava,2.549069589593298e-12,2.549069589593298e-12,724,38506,0,4.1486129422054666e-05
FNH_PA10.nii.gz,63,inferior vena cava courses along the right anterolateral aspect of the vertebral column,7,inferior_vena_cava,0.7892900157503022,0.6519232731362822,26256,38506,25558,0.001504502505670535
FNH_PA10.nii.gz,64,duodenum,8,duodenum,0.7842902711328542,0.6451295506736449,21763,23381,17703,0.001247047837862121
FNH_PA10.nii.gz,65,duodenal C-loop,8,duodenum,0.7796907050179085,0.6389287602944816,20008,23381,16915,0.0011464840849122512
FNH_PA10.nii.gz,66,C-shaped proximal small bowel segment,8,duodenum,0.7558382288688745,0.6075079996893487,17813,23381,15568,0.0010207077671202484
FNH_PA10.nii.gz,67,retroperitoneal enteric loop encircling the pancreatic head,8,duodenum,4.276977032615042e-12,4.276977032615042e-12,0,23381,0,0.0
FNH_PA10.nii.gz,68,right anterior pararenal compartment,8,duodenum,4.2545949625414624e-12,4.2545949625414624e-12,123,23381,0,7.048057899050724e-06
FNH_PA10.nii.gz,69,peripancreatic duodenal groove,8,duodenum,0.06303343513012671,0.03254234547830156,2161,23381,805,0.00012382807414511069
FNH_PA10.nii.gz,70,between the pancreatic head and right renal hilum,8,duodenum,3.962750148587427e-12,3.962750148587427e-12,1854,23381,0,0.00010623658003934994
FNH_PA10.nii.gz,71,duodenum curves around the pancreatic head in the right upper abdomen,8,duodenum,0.7133119690734185,0.5543783356412162,15937,23381,14023,0.0009132105588387918
FNH_PA10.nii.gz,72,pancreas,9,pancreas,0.8968567535266199,0.8130011731422083,61707,69654,58906,0.003535890315257911
FNH_PA10.nii.gz,73,pancreatic parenchyma,9,pancreas,0.9029457223384679,0.8230638544733725,62334,69654,59589,0.0035718182201579496
FNH_PA10.nii.gz,74,lobulated transverse retroperitoneal gland,9,pancreas,0.08076048770533752,0.04207942114014689,2931,69654,2931,0.00016795006261884285
FNH_PA10.nii.gz,75,elongated soft-tissue organ across the epigastrium,9,pancreas,6.372267890138041e-13,6.372267890138041e-13,87276,69654,0,0.005001026839004479
FNH_PA10.nii.gz,76,anterior pararenal compartment,9,pancreas,1.435667729058725e-12,1.435667729058725e-12,0,69654,0,0.0
FNH_PA10.nii.gz,77,retrogastric pancreatic bed,9,pancreas,0.6112261726694174,0.44011930570783897,34638,69654,31873,0.0019848018659131624
FNH_PA10.nii.gz,78,from the duodenal C-loop toward the splenic hilum,9,pancreas,0.0175790144833118,0.008867447738331188,18178,69654,772,0.001041622735682472
FNH_PA10.nii.gz,79,pancreas lies posterior to the stomach and extends transversely toward the spleen,9,pancreas,0.77044626245655,0.6266064173788428,48057,69654,45345,0.0027537277923144767
FNH_PA10.nii.gz,80,esophagus,10,esophagus,0.4558114622534598,0.2951786333924669,2030,1704,851,0.000116321605976203
FNH_PA10.nii.gz,81,distal thoracic esophagus,10,esophagus,5.868544600594568e-11,5.868544600594568e-11,0,1704,0,0.0
FNH_PA10.nii.gz,82,small collapsed tubular foregut lumen,10,esophagus,5.868544600594568e-11,5.868544600594568e-11,0,1704,0,0.0
FNH_PA10.nii.gz,83,thin-walled structure at the esophageal hiatus,10,esophagus,5.868544600594568e-11,5.868544600594568e-11,0,1704,0,0.0
FNH_PA10.nii.gz,84,posterior mediastinal compartment,10,esophagus,5.868544600594568e-11,5.868544600594568e-11,0,1704,0,0.0
FNH_PA10.nii.gz,85,gastroesophageal junction region,10,esophagus,5.868544600594568e-11,5.868544600594568e-11,0,1704,0,0.0
FNH_PA10.nii.gz,86,posterior to the left atrium and anterior to the vertebral column,10,esophagus,5.868544600594568e-11,5.868544600594568e-11,0,1704,0,0.0
FNH_PA10.nii.gz,87,distal esophagus enters the abdomen through the diaphragmatic hiatus above the stomach,10,esophagus,5.868544600594568e-11,5.868544600594568e-11,0,1704,0,0.0
FNH_PA32.nii.gz,0,spleen,0,spleen,0.932910881754383,0.8742577033193093,103180,117437,102908,0.007752677709360994
FNH_PA32.nii.gz,1,splenic parenchyma,0,spleen,0.9353525852635298,0.8785561983401899,103701,117437,103421,0.007791824298686223
FNH_PA32.nii.gz,2,homogeneous left upper quadrant solid organ,0,spleen,8.515203896550051e-13,8.515203896550051e-13,0,117437,0,0.0
FNH_PA32.nii.gz,3,crescentic organ with smooth lateral convexity,0,spleen,8.515203896550051e-13,8.515203896550051e-13,0,117437,0,0.0
FNH_PA32.nii.gz,4,left hypochondrial region,0,spleen,8.515203896550051e-13,8.515203896550051e-13,0,117437,0,0.0
FNH_PA32.nii.gz,5,left subphrenic compartment,0,spleen,8.515203896550051e-13,8.515203896550051e-13,0,117437,0,0.0
FNH_PA32.nii.gz,6,posterolateral to the gastric fundus,0,spleen,2.3982685101342443e-05,1.1991486644475227e-05,49350,117437,2,0.0037080310618042745
FNH_PA32.nii.gz,7,spleen lies beneath the left hemidiaphragm along the left lateral abdominal wall,0,spleen,0.9199761150154242,0.8518108977086473,100273,117437,100144,0.007534253265659575
FNH_PA32.nii.gz,8,right kidney,1,right_kidney,0.9478934218306212,0.9009480992695277,106580,103144,99398,0.008008144894976688
FNH_PA32.nii.gz,9,right renal parenchyma,1,right_kidney,0.9476832233746506,0.9005683881747107,106177,103144,99185,0.007977864519740476
FNH_PA32.nii.gz,10,right-sided reniform retroperitoneal organ,1,right_kidney,0.9390241458771972,0.8850570370931055,96476,103144,93724,0.0072489565292528715
FNH_PA32.nii.gz,11,right renal cortex with central renal sinus,1,right_kidney,0.926386218948982,0.862867294831258,97131,103144,92766,0.00729817153118766
FNH_PA32.nii.gz,12,right renal fossa,1,right_kidney,0.9497663493998055,0.9043381430951806,100365,103144,96643,0.007541165907152705
FNH_PA32.nii.gz,13,right posterior pararenal region,1,right_kidney,9.69518343286115e-13,9.69518343286115e-13,0,103144,0,0.0
FNH_PA32.nii.gz,14,caudal to the right hepatic lobe,1,right_kidney,9.44670640580269e-13,9.44670640580269e-13,2713,103144,0,0.00020384778663981758
FNH_PA32.nii.gz,15,right kidney is positioned in the right posterior retroperitoneum adjacent to the psoas muscle,1,right_kidney,0.7991061758235386,0.6654261681891266,72282,103144,70092,0.005431082091374602
FNH_PA32.nii.gz,16,left kidney,2,left_kidney,0.9392436681543799,0.8854471474332218,103642,114146,102278,0.007787391191641715
FNH_PA32.nii.gz,17,left renal parenchyma,2,left_kidney,0.9378655777508287,0.8830008312552966,103318,114146,101976,0.00776304667160069
FNH_PA32.nii.gz,18,left-sided bean-shaped retroperitoneal organ,2,left_kidney,0.8734884086753675,0.7753922954741798,89282,114146,88846,0.006708418019453074
FNH_PA32.nii.gz,19,left renal cortex surrounding the collecting sinus,2,left_kidney,0.8482301551439232,0.7364580336360941,85024,114146,84471,0.006388482938173184
FNH_PA32.nii.gz,20,left renal fossa,2,left_kidney,0.9107064117092467,0.8360523016924611,96765,114146,96039,0.007270671240030205
FNH_PA32.nii.gz,21,left posterior pararenal region,2,left_kidney,3.504222675821299e-05,1.752142081192725e-05,2,114146,2,1.5027481506805571e-07
FNH_PA32.nii.gz,22,posteroinferior to the spleen,2,left_kidney,8.305440894322977e-13,8.305440894322977e-13,6257,114146,0,0.0004701347589404123
FNH_PA32.nii.gz,23,left kidney is positioned in the left posterior retroperitoneum near the splenic hilum,2,left_kidney,0.6941335109582017,0.5315501368503512,70513,114146,64089,0.005298164017446906
FNH_PA32.nii.gz,24,gallbladder,3,gallbladder,0.7453796969437125,0.5941077911212158,25770,19898,17020,0.0019362909921518978
FNH_PA32.nii.gz,25,cystic biliary reservoir,3,gallbladder,0.7320322948146712,0.5773272393469381,20480,19898,14779,0.0015388141062968905
FNH_PA32.nii.gz,26,thin-walled pear-shaped fluid structure,3,gallbladder,5.0256307166296825e-12,5.0256307166296825e-12,0,19898,0,0.0
FNH_PA32.nii.gz,27,hypodense intraluminal bile-containing sac,3,gallbladder,0.7214272885118799,0.5642442404965151,13508,19898,12050,0.0010149561009696482
FNH_PA32.nii.gz,28,gallbladder fossa,3,gallbladder,0.7549193344232471,0.6063216266188306,23553,19898,16401,0.001769711359648958
FNH_PA32.nii.gz,29,inferior hepatic surface,3,gallbladder,0.033563478539902485,0.017068172897492143,285851,19898,5131,0.021478103081009395
FNH_PA32.nii.gz,30,adjacent to hepatic segment IVb and segment V,3,gallbladder,0.21318427139805582,0.11930960086616572,11230,19898,3318,0.0008437930866071328
FNH_PA32.nii.gz,31,gallbladder lies along the undersurface of the liver near the porta hepatis,3,gallbladder,0.7355491985657369,0.5817143677969558,24148,19898,16199,0.0018144181171317047
FNH_PA32.nii.gz,32,liver,4,liver,0.9463723196763013,0.8982037368129504,865927,949572,859069,0.06506350989371813
FNH_PA32.nii.gz,33,hepatic parenchyma,4,liver,0.9437717640916302,0.8935301405571499,858452,949572,853181,0.06450185777240128
FNH_PA32.nii.gz,34,large right-dominant solid visceral organ,4,liver,1.053106030927507e-13,1.053106030927507e-13,0,949572,0,0.0
FNH_PA32.nii.gz,35,homogeneous hepatic attenuation structure,4,liver,0.9121906444888661,0.8385574548219069,799023,949572,797526,0.060036516780061534
FNH_PA32.nii.gz,36,right hypochondrial region,4,liver,0.031075053821720502,0.015782751842389822,15189,949572,14990,0.001141262083034349
FNH_PA32.nii.gz,37,right subdiaphragmatic compartment,4,liver,1.053106030927507e-13,1.053106030927507e-13,0,949572,0,0.0
FNH_PA32.nii.gz,38,cranial to the gallbladder and right kidney,4,liver,4.2105795125828735e-05,2.1053340849373763e-05,416,949572,20,3.125716153415559e-05
FNH_PA32.nii.gz,39,liver occupies the right upper abdomen and extends into the epigastrium,4,liver,0.7873002113019586,0.6492127883911228,619273,949572,617576,0.04653056777582003
FNH_PA32.nii.gz,40,stomach,5,stomach,0.7888016554075901,0.6512572106208155,75869,88441,64804,0.0057005999721991595
FNH_PA32.nii.gz,41,gastric lumen,5,stomach,0.7815958673434251,0.6414914775768927,65068,88441,59991,0.004889040833424125
FNH_PA32.nii.gz,42,hollow foregut organ with variable distension,5,stomach,0.5479313081401426,0.3773453082573136,33786,88441,33486,0.002538592450944665
FNH_PA32.nii.gz,43,air-fluid containing gastric cavity,5,stomach,0.7657120667897837,0.6203674573715678,66074,88441,59157,0.004964629065403356
FNH_PA32.nii.gz,44,epigastric region,5,stomach,0.5578170757361158,0.38678663181463724,35173,88441,34477,0.0026428080351943617
FNH_PA32.nii.gz,45,left upper intraperitoneal space,5,stomach,1.130697301024264e-12,1.130697301024264e-12,0,88441,0,0.0
FNH_PA32.nii.gz,46,medial to the spleen and ventral to the pancreas,5,stomach,1.1266716991323201e-12,1.1266716991323201e-12,316,88441,0,2.37434207807528e-05
FNH_PA32.nii.gz,47,stomach is seen below the left hemidiaphragm anterior to the pancreatic body,5,stomach,0.029323618214702668,0.014879976482610012,1316,88441,1316,9.888082831478066e-05
FNH_PA32.nii.gz,48,aorta,6,aorta,0.9505055277332505,0.9056794036089398,26299,26616,25148,0.0019760386807373986
FNH_PA32.nii.gz,49,abdominal aorta,6,aorta,0.9375059162076873,0.8823634225441632,26205,26616,24760,0.0019689757644292
FNH_PA32.nii.gz,50,thick-walled pulsatile arterial lumen,6,aorta,0.9377073639987873,0.8827203844025773,24321,26616,23882,0.0018274168886350914
FNH_PA32.nii.gz,51,round prevertebral arterial structure,6,aorta,3.757138563256097e-12,3.757138563256097e-12,0,26616,0,0.0
FNH_PA32.nii.gz,52,left para-aortic compartment,6,aorta,3.757138563256097e-12,3.757138563256097e-12,0,26616,0,0.0
FNH_PA32.nii.gz,53,anterior vertebral body margin,6,aorta,3.757138563256097e-12,3.757138563256097e-12,0,26616,0,0.0
FNH_PA32.nii.gz,54,left of the inferior vena cava,6,aorta,3.412619868261227e-12,3.412619868261227e-12,2687,26616,0,0.00020189421404393285
FNH_PA32.nii.gz,55,abdominal aorta descends anterior to the spine on the left side of midline,6,aorta,0.015064508915597493,0.007589419901534455,202,26616,202,1.5177756321873626e-05
FNH_PA32.nii.gz,56,inferior vena cava,7,inferior_vena_cava,0.8406801174079365,0.7251494001198615,17998,19819,15896,0.0013523230607974334
FNH_PA32.nii.gz,57,IVC,7,inferior_vena_cava,0.8412852459020557,0.7260503440794728,18306,19819,16037,0.0013754653823179139
FNH_PA32.nii.gz,58,thin-walled right-sided venous channel,7,inferior_vena_cava,0.5863196620807115,0.4147469879546277,9537,19819,8606,0.0007165854556520237
FNH_PA32.nii.gz,59,oval paracaval vascular lumen,7,inferior_vena_cava,0.2256868438721211,0.12719673700021553,2566,19819,2526,0.00019280258773231548
FNH_PA32.nii.gz,60,right paracaval compartment,7,inferior_vena_cava,5.0456632524090735e-12,5.0456632524090735e-12,0,19819,0,0.0
FNH_PA32.nii.gz,61,retrohepatic caval segment,7,inferior_vena_cava,0.173925052945521,0.09524529824486842,1903,19819,1889,0.000142986486537255
FNH_PA32.nii.gz,62,right of the abdominal aorta,7,inferior_vena_cava,5.0456632524090735e-12,5.0456632524090735e-12,0,19819,0,0.0
FNH_PA32.nii.gz,63,inferior vena cava courses along the right anterolateral aspect of the vertebral column,7,inferior_vena_cava,0.2999059587958455,0.17640551141920743,3575,19819,3508,0.00026861623193414957
FNH_PA32.nii.gz,64,duodenum,8,duodenum,0.6020809080340437,0.4306979649225488,10840,16648,8275,0.0008144894976688619
FNH_PA32.nii.gz,65,duodenal C-loop,8,duodenum,0.585769230770824,0.41419635572796193,9352,16648,7615,0.0007026850352582285
FNH_PA32.nii.gz,66,C-shaped proximal small bowel segment,8,duodenum,0.3617844962698784,0.2208406009158789,5050,16648,3925,0.00037944390804684066
FNH_PA32.nii.gz,67,retroperitoneal enteric loop encircling the pancreatic head,8,duodenum,5.9826503140533486e-12,5.9826503140533486e-12,67,16648,0,5.034206304779866e-06
FNH_PA32.nii.gz,68,right anterior pararenal compartment,8,duodenum,4.751948298779928e-12,4.751948298779928e-12,4396,16648,0,0.00033030404351958644
FNH_PA32.nii.gz,69,peripancreatic duodenal groove,8,duodenum,0.04081152602739893,0.020830832038535054,357,16648,347,2.6824054489647945e-05
FNH_PA32.nii.gz,70,between the pancreatic head and right renal hilum,8,duodenum,5.999520038360933e-12,5.999520038360933e-12,20,16648,0,1.502748150680557e-06
FNH_PA32.nii.gz,71,duodenum curves around the pancreatic head in the right upper abdomen,8,duodenum,0.44963917297804207,0.2900222742630075,5939,16648,5078,0.0004462410633445914
FNH_PA32.nii.gz,72,pancreas,9,pancreas,0.8579070164457993,0.7511709018439018,55622,67389,52766,0.004179292881857697
FNH_PA32.nii.gz,73,pancreatic parenchyma,9,pancreas,0.859625212947303,0.7538093815360539,55881,67389,52983,0.004198753470409011
FNH_PA32.nii.gz,74,lobulated transverse retroperitoneal gland,9,pancreas,1.4839217082884685e-12,1.4839217082884685e-12,0,67389,0,0.0
FNH_PA32.nii.gz,75,elongated soft-tissue organ across the epigastrium,9,pancreas,7.448290244968718e-13,7.448290244968718e-13,66870,67389,0,0.005024438441800443
FNH_PA32.nii.gz,76,anterior pararenal compartment,9,pancreas,1.4839217082884685e-12,1.4839217082884685e-12,0,67389,0,0.0
FNH_PA32.nii.gz,77,retrogastric pancreatic bed,9,pancreas,0.6038053751956072,0.43246504783012146,29947,67389,29386,0.0022501399434215323
FNH_PA32.nii.gz,78,from the duodenal C-loop toward the splenic hilum,9,pancreas,0.004901293398223416,0.0024566671229664847,6061,67389,180,0.0004554078270637428
FNH_PA32.nii.gz,79,pancreas lies posterior to the stomach and extends transversely toward the spleen,9,pancreas,0.720994813190386,0.5637153161116306,38842,67389,38296,0.00291848718343671
FNH_PA32.nii.gz,80,esophagus,10,esophagus,0.35658489791206543,0.21697798533660811,1305,5992,1301,9.805431683190635e-05
FNH_PA32.nii.gz,81,distal thoracic esophagus,10,esophagus,1.6688918557798918e-11,1.6688918557798918e-11,0,5992,0,0.0
FNH_PA32.nii.gz,82,small collapsed tubular foregut lumen,10,esophagus,1.6688918557798918e-11,1.6688918557798918e-11,0,5992,0,0.0
FNH_PA32.nii.gz,83,thin-walled structure at the esophageal hiatus,10,esophagus,0.0023337223036783844,0.0011682243157348428,7,5992,7,5.25961852738195e-07
FNH_PA32.nii.gz,84,posterior mediastinal compartment,10,esophagus,1.6010246557540662e-11,1.6010246557540662e-11,254,5992,0,1.9084901513643073e-05
FNH_PA32.nii.gz,85,gastroesophageal junction region,10,esophagus,1.6688918557798918e-11,1.6688918557798918e-11,0,5992,0,0.0
FNH_PA32.nii.gz,86,posterior to the left atrium and anterior to the vertebral column,10,esophagus,1.6688918557798918e-11,1.6688918557798918e-11,0,5992,0,0.0
FNH_PA32.nii.gz,87,distal esophagus enters the abdomen through the diaphragmatic hiatus above the stomach,10,esophagus,1.6688918557798918e-11,1.6688918557798918e-11,0,5992,0,0.0
HCC_10020116_20180118.nii.gz,0,spleen,0,spleen,0.9483073802757107,0.9016963345472402,71619,78267,71069,0.027332064027074464
HCC_10020116_20180118.nii.gz,1,splenic parenchyma,0,spleen,0.9507909311870272,0.9061977821663044,72315,78267,71586,0.027597679528028732
HCC_10020116_20180118.nii.gz,2,homogeneous left upper quadrant solid organ,0,spleen,1.277677693023525e-12,1.277677693023525e-12,0,78267,0,0.0
HCC_10020116_20180118.nii.gz,3,crescentic organ with smooth lateral convexity,0,spleen,1.277677693023525e-12,1.277677693023525e-12,0,78267,0,0.0
HCC_10020116_20180118.nii.gz,4,left hypochondrial region,0,spleen,1.277677693023525e-12,1.277677693023525e-12,0,78267,0,0.0
HCC_10020116_20180118.nii.gz,5,left subphrenic compartment,0,spleen,1.277677693023525e-12,1.277677693023525e-12,0,78267,0,0.0
HCC_10020116_20180118.nii.gz,6,posterolateral to the gastric fundus,0,spleen,1.0808590667851134e-12,1.0808590667851134e-12,14252,78267,0,0.005439011666092311
HCC_10020116_20180118.nii.gz,7,spleen lies beneath the left hemidiaphragm along the left lateral abdominal wall,0,spleen,0.9427919463087632,0.8917752215536785,70733,78267,70238,0.026993938547411413
HCC_10020116_20180118.nii.gz,8,right kidney,1,right_kidney,0.9264630129717208,0.8630005525347864,30554,33509,29676,0.011660367839305675
HCC_10020116_20180118.nii.gz,9,right renal parenchyma,1,right_kidney,0.9202037887034177,0.8522013497331146,29890,33509,29170,0.011406964545291831
HCC_10020116_20180118.nii.gz,10,right-sided reniform retroperitoneal organ,1,right_kidney,0.8443633511248668,0.7306477792541518,25134,33509,24758,0.009591925288770991
HCC_10020116_20180118.nii.gz,11,right renal cortex with central renal sinus,1,right_kidney,0.768424046358263,0.6239355714007911,22749,33509,21615,0.008681734240242352
HCC_10020116_20180118.nii.gz,12,right renal fossa,1,right_kidney,0.8977828127530381,0.8145244178198264,28281,33509,27737,0.010792919515068528
HCC_10020116_20180118.nii.gz,13,right posterior pararenal region,1,right_kidney,0.00017904034674093148,8.952818944137536e-05,3,33509,3,1.1448944006649546e-06
HCC_10020116_20180118.nii.gz,14,caudal to the right hepatic lobe,1,right_kidney,2.982581722730307e-12,2.982581722730307e-12,19,33509,0,7.250997870878046e-06
HCC_10020116_20180118.nii.gz,15,right kidney is positioned in the right posterior retroperitoneum adjacent to the psoas muscle,1,right_kidney,0.7626380628721279,0.6163419448985313,22987,33509,21543,0.00877256252936177
HCC_10020116_20180118.nii.gz,16,left kidney,2,left_kidney,0.9434967360513248,0.8930372183850863,31060,33892,30641,0.011853473361551164
HCC_10020116_20180118.nii.gz,17,left renal parenchyma,2,left_kidney,0.9420849420850316,0.8905109489054291,30858,33892,30500,0.011776383805239724
HCC_10020116_20180118.nii.gz,18,left-sided bean-shaped retroperitoneal organ,2,left_kidney,0.7983418073594729,0.6643667993523091,22555,33892,22532,0.008607697735666017
HCC_10020116_20180118.nii.gz,19,left renal cortex surrounding the collecting sinus,2,left_kidney,0.8652576616727384,0.762514654162478,26245,33892,26017,0.010015917848483913
HCC_10020116_20180118.nii.gz,20,left renal fossa,2,left_kidney,0.9175991213969829,0.8477442503386632,28935,33892,28825,0.011042506494413488
HCC_10020116_20180118.nii.gz,21,left posterior pararenal region,2,left_kidney,2.9505488020684805e-12,2.9505488020684805e-12,0,33892,0,0.0
HCC_10020116_20180118.nii.gz,22,posteroinferior to the spleen,2,left_kidney,0.007531596597865536,0.003780033142595847,4878,33892,146,0.0018615982954812162
HCC_10020116_20180118.nii.gz,23,left kidney is positioned in the left posterior retroperitoneum near the splenic hilum,2,left_kidney,0.5958522410644139,0.4243515237436588,16352,33892,14969,0.00624043774655778
HCC_10020116_20180118.nii.gz,24,gallbladder,3,gallbladder,0.011524056496354825,0.005795421645731805,20,3451,20,7.632629337766364e-06
HCC_10020116_20180118.nii.gz,25,cystic biliary reservoir,3,gallbladder,2.8977108083773483e-11,2.8977108083773483e-11,0,3451,0,0.0
HCC_10020116_20180118.nii.gz,26,thin-walled pear-shaped fluid structure,3,gallbladder,2.8977108083773483e-11,2.8977108083773483e-11,0,3451,0,0.0
HCC_10020116_20180118.nii.gz,27,hypodense intraluminal bile-containing sac,3,gallbladder,2.8977108083773483e-11,2.8977108083773483e-11,0,3451,0,0.0
HCC_10020116_20180118.nii.gz,28,gallbladder fossa,3,gallbladder,2.8977108083773483e-11,2.8977108083773483e-11,0,3451,0,0.0
HCC_10020116_20180118.nii.gz,29,inferior hepatic surface,3,gallbladder,0.04233319745976722,0.021624311862370623,97132,3451,2129,0.03706862764179612
HCC_10020116_20180118.nii.gz,30,adjacent to hepatic segment IVb and segment V,3,gallbladder,0.21230131307239392,0.11875676512882702,3784,3451,768,0.0014440934707053961
HCC_10020116_20180118.nii.gz,31,gallbladder lies along the undersurface of the liver near the porta hepatis,3,gallbladder,0.06883044210775517,0.03564184297201849,123,3451,123,4.694067042726314e-05
HCC_10020116_20180118.nii.gz,32,liver,4,liver,0.9367794885795409,0.8810773292249902,224917,243934,219605,0.08583540463811987
HCC_10020116_20180118.nii.gz,33,hepatic parenchyma,4,liver,0.9375508171179856,0.8824429744251836,225888,243934,220241,0.08620596879246843
HCC_10020116_20180118.nii.gz,34,large right-dominant solid visceral organ,4,liver,5.739092690443288e-05,2.8696287110436145e-05,7,243934,7,2.6714202682182277e-06
HCC_10020116_20180118.nii.gz,35,homogeneous hepatic attenuation structure,4,liver,0.9041747252649525,0.8251084786154489,204862,243934,202895,0.07818178556967464
HCC_10020116_20180118.nii.gz,36,right hypochondrial region,4,liver,0.0013355346444235958,0.000668213533578481,163,243934,163,6.220592910279587e-05
HCC_10020116_20180118.nii.gz,37,right subdiaphragmatic compartment,4,liver,4.099469528641313e-13,4.099469528641313e-13,0,243934,0,0.0
HCC_10020116_20180118.nii.gz,38,cranial to the gallbladder and right kidney,4,liver,0.000737632364439261,0.0003689522579876651,90,243934,90,3.434683201994864e-05
HCC_10020116_20180118.nii.gz,39,liver occupies the right upper abdomen and extends into the epigastrium,4,liver,0.7871096962006575,0.6489537378072413,163473,243934,160337,0.062386440786634044
HCC_10020116_20180118.nii.gz,40,stomach,5,stomach,0.8010133202586398,0.6680752453664529,22325,26623,19604,0.008519922498281705
HCC_10020116_20180118.nii.gz,41,gastric lumen,5,stomach,0.7712186026110097,0.6276288070852729,18962,26623,17578,0.00723649587513629
HCC_10020116_20180118.nii.gz,42,hollow foregut organ with variable distension,5,stomach,0.5012381810009533,0.3344348479183837,8913,26623,8906,0.0034014812643755805
HCC_10020116_20180118.nii.gz,43,air-fluid containing gastric cavity,5,stomach,0.755332986472955,0.6068554707924657,19505,26623,17421,0.007443721761656647
HCC_10020116_20180118.nii.gz,44,epigastric region,5,stomach,0.5340053137595278,0.3642614252107012,9886,26623,9748,0.003772808681657914
HCC_10020116_20180118.nii.gz,45,left upper intraperitoneal space,5,stomach,3.7561506967518454e-12,3.7561506967518454e-12,0,26623,0,0.0
HCC_10020116_20180118.nii.gz,46,medial to the spleen and ventral to the pancreas,5,stomach,7.27140556259854e-05,3.635835151237508e-05,882,26623,1,0.00033659895379549665
HCC_10020116_20180118.nii.gz,47,stomach is seen below the left hemidiaphragm anterior to the pancreatic body,5,stomach,0.04106386088323446,0.020962327493394394,749,26623,562,0.00028584196869935034
HCC_10020116_20180118.nii.gz,48,aorta,6,aorta,0.9505129947892983,0.9056929624381318,15246,15651,14684,0.0058183533441793
HCC_10020116_20180118.nii.gz,49,abdominal aorta,6,aorta,0.9373341631999956,0.8820591861906162,14876,15651,14307,0.005677149701430622
HCC_10020116_20180118.nii.gz,50,thick-walled pulsatile arterial lumen,6,aorta,0.9371336704962416,0.8817041658796136,14206,15651,13990,0.005421456618615449
HCC_10020116_20180118.nii.gz,51,round prevertebral arterial structure,6,aorta,6.3893680914549266e-12,6.3893680914549266e-12,0,15651,0,0.0
HCC_10020116_20180118.nii.gz,52,left para-aortic compartment,6,aorta,6.3893680914549266e-12,6.3893680914549266e-12,0,15651,0,0.0
HCC_10020116_20180118.nii.gz,53,anterior vertebral body margin,6,aorta,6.3893680914549266e-12,6.3893680914549266e-12,0,15651,0,0.0
HCC_10020116_20180118.nii.gz,54,left of the inferior vena cava,6,aorta,6.382028208523951e-12,6.382028208523951e-12,18,15651,0,6.869366403989728e-06
HCC_10020116_20180118.nii.gz,55,abdominal aorta descends anterior to the spine on the left side of midline,6,aorta,6.3893680914549266e-12,6.3893680914549266e-12,0,15651,0,0.0
HCC_10020116_20180118.nii.gz,56,inferior vena cava,7,inferior_vena_cava,0.6055243333779082,0.4342308352009221,4974,3389,2532,0.0018982349163024948
HCC_10020116_20180118.nii.gz,57,IVC,7,inferior_vena_cava,0.6095954844824835,0.43843031124089255,5115,3389,2592,0.0019520449531337477
HCC_10020116_20180118.nii.gz,58,thin-walled right-sided venous channel,7,inferior_vena_cava,0.19920690461396764,0.11062176168107199,898,3389,427,0.00034270505726570976
HCC_10020116_20180118.nii.gz,59,oval paracaval vascular lumen,7,inferior_vena_cava,0.06617227612475264,0.03421828911403486,117,3389,116,4.465088162593323e-05
HCC_10020116_20180118.nii.gz,60,right paracaval compartment,7,inferior_vena_cava,2.950722927030076e-11,2.950722927030076e-11,0,3389,0,0.0
HCC_10020116_20180118.nii.gz,61,retrohepatic caval segment,7,inferior_vena_cava,0.38735177867037085,0.24019607845328153,912,3389,833,0.0003480478978021462
HCC_10020116_20180118.nii.gz,62,right of the abdominal aorta,7,inferior_vena_cava,2.950722927030076e-11,2.950722927030076e-11,0,3389,0,0.0
HCC_10020116_20180118.nii.gz,63,inferior vena cava courses along the right anterolateral aspect of the vertebral column,7,inferior_vena_cava,0.034222737847035306,0.017409265298984677,59,3389,59,2.2516256546410776e-05
HCC_10020116_20180118.nii.gz,64,duodenum,8,duodenum,0.6610648213553095,0.49372429069197626,6049,8113,4681,0.002308488743207437
HCC_10020116_20180118.nii.gz,65,duodenal C-loop,8,duodenum,0.6086956521769349,0.4375000000062444,4836,8113,3941,0.001845569773871907
HCC_10020116_20180118.nii.gz,66,C-shaped proximal small bowel segment,8,duodenum,0.5711980637388366,0.399774138911352,4282,8113,3540,0.0016341459412157785
HCC_10020116_20180118.nii.gz,67,retroperitoneal enteric loop encircling the pancreatic head,8,duodenum,1.232589670883365e-11,1.232589670883365e-11,0,8113,0,0.0
HCC_10020116_20180118.nii.gz,68,right anterior pararenal compartment,8,duodenum,1.2180267965746888e-11,1.2180267965746888e-11,97,8113,0,3.701825228816687e-05
HCC_10020116_20180118.nii.gz,69,peripancreatic duodenal groove,8,duodenum,0.267806755029775,0.15460558792423135,3582,8113,1566,0.0013670039143939558
HCC_10020116_20180118.nii.gz,70,between the pancreatic head and right renal hilum,8,duodenum,1.1084016847582751e-11,1.1084016847582751e-11,909,8113,0,0.00034690300340148127
HCC_10020116_20180118.nii.gz,71,duodenum curves around the pancreatic head in the right upper abdomen,8,duodenum,0.4742943102426838,0.3108688087308796,3188,8113,2680,0.0012166411164399584
HCC_10020116_20180118.nii.gz,72,pancreas,9,pancreas,0.8159808055844991,0.6891618053442483,13824,13684,11223,0.005275673398264111
HCC_10020116_20180118.nii.gz,73,pancreatic parenchyma,9,pancreas,0.8129393147616644,0.6848338293670335,13489,13684,11045,0.005147826856856524
HCC_10020116_20180118.nii.gz,74,lobulated transverse retroperitoneal gland,9,pancreas,7.307804735404063e-12,7.307804735404063e-12,0,13684,0,0.0
HCC_10020116_20180118.nii.gz,75,elongated soft-tissue organ across the epigastrium,9,pancreas,3.0505475732800992e-12,3.0505475732800992e-12,19097,13684,0,0.007288016123166213
HCC_10020116_20180118.nii.gz,76,anterior pararenal compartment,9,pancreas,7.307804735404063e-12,7.307804735404063e-12,0,13684,0,0.0
HCC_10020116_20180118.nii.gz,77,retrogastric pancreatic bed,9,pancreas,0.6420243544362984,0.47278046298987036,9474,13684,7434,0.003615576517299927
HCC_10020116_20180118.nii.gz,78,from the duodenal C-loop toward the splenic hilum,9,pancreas,0.053408051240545464,0.027436695852021405,3804,13684,467,0.0014517261000431625
HCC_10020116_20180118.nii.gz,79,pancreas lies posterior to the stomach and extends transversely toward the spleen,9,pancreas,0.7037295224829918,0.5428878730872352,9268,13684,8076,0.0035369604351209332
HCC_10020116_20180118.nii.gz,80,esophagus,10,esophagus,0.38562808559008155,0.23887189944822046,1991,1655,703,0.0007598282505746416
HCC_10020116_20180118.nii.gz,81,distal thoracic esophagus,10,esophagus,6.042296072142459e-11,6.042296072142459e-11,0,1655,0,0.0
HCC_10020116_20180118.nii.gz,82,small collapsed tubular foregut lumen,10,esophagus,6.042296072142459e-11,6.042296072142459e-11,0,1655,0,0.0
HCC_10020116_20180118.nii.gz,83,thin-walled structure at the esophageal hiatus,10,esophagus,0.31071858694055726,0.1839353612555164,836,1655,387,0.00031904390631863405
HCC_10020116_20180118.nii.gz,84,posterior mediastinal compartment,10,esophagus,4.6468401484829534e-11,4.6468401484829534e-11,497,1655,0,0.00018967083904349415
HCC_10020116_20180118.nii.gz,85,gastroesophageal junction region,10,esophagus,6.042296072142459e-11,6.042296072142459e-11,0,1655,0,0.0
HCC_10020116_20180118.nii.gz,86,posterior to the left atrium and anterior to the vertebral column,10,esophagus,6.042296072142459e-11,6.042296072142459e-11,0,1655,0,0.0
HCC_10020116_20180118.nii.gz,87,distal esophagus enters the abdomen through the diaphragmatic hiatus above the stomach,10,esophagus,0.026963657735816902,0.0136660725482076,51,1655,23,1.9463204811304228e-05
HCC_10074592_20130816.nii.gz,0,spleen,0,spleen,0.9444584518964589,0.894761986009393,52608,58444,52442,0.015794356327740098
HCC_10074592_20130816.nii.gz,1,splenic parenchyma,0,spleen,0.9489117778773408,0.9027898495153079,53206,58444,52973,0.01597389223642297
HCC_10074592_20130816.nii.gz,2,homogeneous left upper quadrant solid organ,0,spleen,1.7110396276748492e-12,1.7110396276748492e-12,0,58444,0,0.0
HCC_10074592_20130816.nii.gz,3,crescentic organ with smooth lateral convexity,0,spleen,1.7110396276748492e-12,1.7110396276748492e-12,0,58444,0,0.0
HCC_10074592_20130816.nii.gz,4,left hypochondrial region,0,spleen,1.7110396276748492e-12,1.7110396276748492e-12,0,58444,0,0.0
HCC_10074592_20130816.nii.gz,5,left subphrenic compartment,0,spleen,1.7110396276748492e-12,1.7110396276748492e-12,0,58444,0,0.0
HCC_10074592_20130816.nii.gz,6,posterolateral to the gastric fundus,0,spleen,1.400991902264842e-12,1.400991902264842e-12,12934,58444,0,0.0038831395366292283
HCC_10074592_20130816.nii.gz,7,spleen lies beneath the left hemidiaphragm along the left lateral abdominal wall,0,spleen,0.9408598751998511,0.8883242671761534,52293,58444,52094,0.015699784737045943
HCC_10074592_20130816.nii.gz,8,right kidney,1,right_kidney,0.9538904899136396,0.9118457300278952,23637,24943,23170,0.0070964720293262
HCC_10074592_20130816.nii.gz,9,right renal parenchyma,1,right_kidney,0.9508366682564728,0.9062808806675905,23284,24943,22928,0.006990491802294337
HCC_10074592_20130816.nii.gz,10,right-sided reniform retroperitoneal organ,1,right_kidney,0.927318509666836,0.8644863531476705,21919,24943,21728,0.006580681575952997
HCC_10074592_20130816.nii.gz,11,right renal cortex with central renal sinus,1,right_kidney,0.8970170902442728,0.8132647226993968,22628,24943,21336,0.006793542711832857
HCC_10074592_20130816.nii.gz,12,right renal fossa,1,right_kidney,0.9243607574624492,0.8593594589223817,21792,24943,21600,0.006542552712403289
HCC_10074592_20130816.nii.gz,13,right posterior pararenal region,1,right_kidney,4.009140841101675e-12,4.009140841101675e-12,0,24943,0,0.0
HCC_10074592_20130816.nii.gz,14,caudal to the right hepatic lobe,1,right_kidney,3.5146914100818403e-12,3.5146914100818403e-12,3509,24943,0,0.0010534974976056876
HCC_10074592_20130816.nii.gz,15,right kidney is positioned in the right posterior retroperitoneum adjacent to the psoas muscle,1,right_kidney,0.8078819983564529,0.677686266999894,18853,24943,17691,0.005660184759863216
HCC_10074592_20130816.nii.gz,16,left kidney,2,left_kidney,0.945202627245471,0.8960987689771521,25679,27152,24968,0.0077095361188419635
HCC_10074592_20130816.nii.gz,17,left renal parenchyma,2,left_kidney,0.9437608170563462,0.8935105157019104,25427,27152,24811,0.007633878846286639
HCC_10074592_20130816.nii.gz,18,left-sided bean-shaped retroperitoneal organ,2,left_kidney,0.7918621456369275,0.6554402237939656,17823,27152,17807,0.00535095066965693
HCC_10074592_20130816.nii.gz,19,left renal cortex surrounding the collecting sinus,2,left_kidney,0.9229754119041259,0.8569678186606473,24377,27152,23780,0.007318640210639454
HCC_10074592_20130816.nii.gz,20,left renal fossa,2,left_kidney,0.9322578759718427,0.8731114517193157,24175,27152,23925,0.007257994301686377
HCC_10074592_20130816.nii.gz,21,left posterior pararenal region,2,left_kidney,3.682969946951668e-12,3.682969946951668e-12,0,27152,0,0.0
HCC_10074592_20130816.nii.gz,22,posteroinferior to the spleen,2,left_kidney,3.1156530408676604e-12,3.1156530408676604e-12,4944,27152,0,0.0014843236329901736
HCC_10074592_20130816.nii.gz,23,left kidney is positioned in the left posterior retroperitoneum near the splenic hilum,2,left_kidney,0.33213550784934387,0.19913818503535968,5407,27152,5407,0.0016233288599469798
HCC_10074592_20130816.nii.gz,24,gallbladder,3,gallbladder,0.9071587345089761,0.8300919476186677,16132,16709,14896,0.0048432663526289405
HCC_10074592_20130816.nii.gz,25,cystic biliary reservoir,3,gallbladder,0.8820074746399862,0.7889207258846626,15132,16709,14042,0.004543039080584002
HCC_10074592_20130816.nii.gz,26,thin-walled pear-shaped fluid structure,3,gallbladder,5.984798611490904e-12,5.984798611490904e-12,0,16709,0,0.0
HCC_10074592_20130816.nii.gz,27,hypodense intraluminal bile-containing sac,3,gallbladder,0.6086745624333697,0.43747821034609247,8030,16709,7529,0.002410824994520852
HCC_10074592_20130816.nii.gz,28,gallbladder fossa,3,gallbladder,0.8888058772260964,0.7998655311530711,15415,16709,14276,0.004628003398572719
HCC_10074592_20130816.nii.gz,29,inferior hepatic surface,3,gallbladder,0.0003342543909881292,0.00016715513221952243,73043,16709,15,0.021929500631978408
HCC_10074592_20130816.nii.gz,30,adjacent to hepatic segment IVb and segment V,3,gallbladder,0.000773903962385273,0.00038710177292460376,9134,16709,10,0.002742275902858464
HCC_10074592_20130816.nii.gz,31,gallbladder lies along the undersurface of the liver near the porta hepatis,3,gallbladder,0.8645041229509914,0.7613450127168051,14458,16709,13472,0.004340685899225714
HCC_10074592_20130816.nii.gz,32,liver,4,liver,0.9551238209762992,0.9141023981126245,193330,205835,190626,0.05804293850444787
HCC_10074592_20130816.nii.gz,33,hepatic parenchyma,4,liver,0.954739526009804,0.9133986692954973,193034,205835,190408,0.05795407123192257
HCC_10074592_20130816.nii.gz,34,large right-dominant solid visceral organ,4,liver,0.004633736119873865,0.0023222484033316383,478,205835,478,0.00014350863603748037
HCC_10074592_20130816.nii.gz,35,homogeneous hepatic attenuation structure,4,liver,0.9336441552360024,0.8755465258810163,182812,205835,181429,0.05488514805707921
HCC_10074592_20130816.nii.gz,36,right hypochondrial region,4,liver,0.008716430617304816,0.004377292492042472,901,205835,901,0.00027050477211248915
HCC_10074592_20130816.nii.gz,37,right subdiaphragmatic compartment,4,liver,4.858260256999607e-13,4.858260256999607e-13,0,205835,0,0.0
HCC_10074592_20130816.nii.gz,38,cranial to the gallbladder and right kidney,4,liver,4.858260256999607e-13,4.858260256999607e-13,0,205835,0,0.0
HCC_10074592_20130816.nii.gz,39,liver occupies the right upper abdomen and extends into the epigastrium,4,liver,0.7929175748201877,0.6568876808078551,135517,205835,135332,0.04068589922571387
HCC_10074592_20130816.nii.gz,40,stomach,5,stomach,0.8129818837472088,0.6848942510786538,24766,33469,23672,0.007435428619464935
HCC_10074592_20130816.nii.gz,41,gastric lumen,5,stomach,0.7754320697817069,0.6332291175093404,21904,33469,21469,0.006576178166872323
HCC_10074592_20130816.nii.gz,42,hollow foregut organ with variable distension,5,stomach,0.510087416866094,0.34236063420219653,11488,33469,11466,0.003449010901252248
HCC_10074592_20130816.nii.gz,43,air-fluid containing gastric cavity,5,stomach,0.779100529100924,0.6381365113770076,22475,33469,21793,0.006747607939209982
HCC_10074592_20130816.nii.gz,44,epigastric region,5,stomach,0.5559646063433961,0.38500760354419,12980,33469,12912,0.0038969499911432953
HCC_10074592_20130816.nii.gz,45,left upper intraperitoneal space,5,stomach,2.9878394932534944e-12,2.9878394932534944e-12,0,33469,0,0.0
HCC_10074592_20130816.nii.gz,46,medial to the spleen and ventral to the pancreas,5,stomach,2.9659508838445665e-12,2.9659508838445665e-12,247,33469,0,7.415613619509969e-05
HCC_10074592_20130816.nii.gz,47,stomach is seen below the left hemidiaphragm anterior to the pancreatic body,5,stomach,0.09551169008733286,0.05015084082842931,1689,33469,1679,0.0005070838624839003
HCC_10074592_20130816.nii.gz,48,aorta,6,aorta,0.9540478299381611,0.9121333243011169,14105,14120,13464,0.004234705672193851
HCC_10074592_20130816.nii.gz,49,abdominal aorta,6,aorta,0.9371609240831489,0.8817524170111436,13713,14120,13042,0.0041170165815522354
HCC_10074592_20130816.nii.gz,50,thick-walled pulsatile arterial lumen,6,aorta,0.9502847130969839,0.9052785311919794,13276,14120,13017,0.003985817263668597
HCC_10074592_20130816.nii.gz,51,round prevertebral arterial structure,6,aorta,7.082152974454092e-12,7.082152974454092e-12,0,14120,0,0.0
HCC_10074592_20130816.nii.gz,52,left para-aortic compartment,6,aorta,7.082152974454092e-12,7.082152974454092e-12,0,14120,0,0.0
HCC_10074592_20130816.nii.gz,53,anterior vertebral body margin,6,aorta,7.082152974454092e-12,7.082152974454092e-12,0,14120,0,0.0
HCC_10074592_20130816.nii.gz,54,left of the inferior vena cava,6,aorta,7.082152974454092e-12,7.082152974454092e-12,0,14120,0,0.0
HCC_10074592_20130816.nii.gz,55,abdominal aorta descends anterior to the spine on the left side of midline,6,aorta,0.0033936651654171827,0.0016997167209511352,24,14120,24,7.205454529078513e-06
HCC_10074592_20130816.nii.gz,56,inferior vena cava,7,inferior_vena_cava,0.764633897616106,0.618953277206225,4205,5601,3749,0.0012624556789489643
HCC_10074592_20130816.nii.gz,57,IVC,7,inferior_vena_cava,0.7789197904093216,0.6378940419270854,4323,5601,3865,0.001297882497050267
HCC_10074592_20130816.nii.gz,58,thin-walled right-sided venous channel,7,inferior_vena_cava,0.3084059600884396,0.18231676916765305,1513,5601,1097,0.00045424386260399123
HCC_10074592_20130816.nii.gz,59,oval paracaval vascular lumen,7,inferior_vena_cava,0.1731615848822247,0.09478757588192097,532,5601,531,0.00015972090872790702
HCC_10074592_20130816.nii.gz,60,right paracaval compartment,7,inferior_vena_cava,1.7853954650636424e-11,1.7853954650636424e-11,0,5601,0,0.0
HCC_10074592_20130816.nii.gz,61,retrohepatic caval segment,7,inferior_vena_cava,0.005341880359591491,0.002678093215449418,15,5601,15,4.50340908067407e-06
HCC_10074592_20130816.nii.gz,62,right of the abdominal aorta,7,inferior_vena_cava,1.780943900235424e-11,1.780943900235424e-11,14,5601,0,4.203181808629132e-06
HCC_10074592_20130816.nii.gz,63,inferior vena cava courses along the right anterolateral aspect of the vertebral column,7,inferior_vena_cava,0.041943376458546955,0.02142092111707567,121,5601,120,3.63274999174375e-05
HCC_10074592_20130816.nii.gz,64,duodenum,8,duodenum,0.7005431143538386,0.5391045459803148,5678,7763,4708,0.001704690450671158
HCC_10074592_20130816.nii.gz,65,duodenal C-loop,8,duodenum,0.6588700118557181,0.49127975489640247,4892,7763,4169,0.0014687118148438369
HCC_10074592_20130816.nii.gz,66,C-shaped proximal small bowel segment,8,duodenum,0.5975847984407957,0.42611118146858157,3499,7763,3365,0.001050495224885238
HCC_10074592_20130816.nii.gz,67,retroperitoneal enteric loop encircling the pancreatic head,8,duodenum,1.2881617931046224e-11,1.2881617931046224e-11,0,7763,0,0.0
HCC_10074592_20130816.nii.gz,68,right anterior pararenal compartment,8,duodenum,9.809691975575733e-12,9.809691975575733e-12,2431,7763,0,0.0007298524983412444
HCC_10074592_20130816.nii.gz,69,peripancreatic duodenal groove,8,duodenum,0.12936094806590584,0.06915334518568202,1266,7763,584,0.0003800877264088915
HCC_10074592_20130816.nii.gz,70,between the pancreatic head and right renal hilum,8,duodenum,1.2881617931046224e-11,1.2881617931046224e-11,0,7763,0,0.0
HCC_10074592_20130816.nii.gz,71,duodenum curves around the pancreatic head in the right upper abdomen,8,duodenum,0.5365451547944995,0.36662911504109863,3155,7763,2929,0.0009472170433017795
HCC_10074592_20130816.nii.gz,72,pancreas,9,pancreas,0.8801751753786133,0.7859936268845162,11942,12719,10853,0.00358531408276065
HCC_10074592_20130816.nii.gz,73,pancreatic parenchyma,9,pancreas,0.8796224726419608,0.7851125635454966,11862,12719,10811,0.0035612959009970547
HCC_10074592_20130816.nii.gz,74,lobulated transverse retroperitoneal gland,9,pancreas,7.862253321740212e-12,7.862253321740212e-12,0,12719,0,0.0
HCC_10074592_20130816.nii.gz,75,elongated soft-tissue organ across the epigastrium,9,pancreas,2.7774691700844976e-12,2.7774691700844976e-12,23285,12719,0,0.0069907920295663815
HCC_10074592_20130816.nii.gz,76,anterior pararenal compartment,9,pancreas,7.862253321740212e-12,7.862253321740212e-12,0,12719,0,0.0
HCC_10074592_20130816.nii.gz,77,retrogastric pancreatic bed,9,pancreas,0.5917045048742835,0.4201564990623086,6882,12719,5799,0.0020661640862132636
HCC_10074592_20130816.nii.gz,78,from the duodenal C-loop toward the splenic hilum,9,pancreas,0.013325790439290176,0.006707587173279075,3190,12719,106,0.0009577249978233522
HCC_10074592_20130816.nii.gz,79,pancreas lies posterior to the stomach and extends transversely toward the spleen,9,pancreas,0.7277638250498614,0.5720351609090283,8384,12719,7679,0.0025171054488247603
HCC_10074592_20130816.nii.gz,80,esophagus,10,esophagus,0.688584219366416,0.5250693407398107,2783,4365,2461,0.0008355324981010625
HCC_10074592_20130816.nii.gz,81,distal thoracic esophagus,10,esophagus,0.03599550058411709,0.018327605978961565,80,4365,80,2.4018181763595043e-05
HCC_10074592_20130816.nii.gz,82,small collapsed tubular foregut lumen,10,esophagus,2.2909507445065073e-11,2.2909507445065073e-11,0,4365,0,0.0
HCC_10074592_20130816.nii.gz,83,thin-walled structure at the esophageal hiatus,10,esophagus,0.43893742201035946,0.28117862039101926,1244,4365,1231,0.00037348272642390287
HCC_10074592_20130816.nii.gz,84,posterior mediastinal compartment,10,esophagus,0.040179442187630594,0.020501592376184284,762,4365,103,0.00022877318129824276
HCC_10074592_20130816.nii.gz,85,gastroesophageal junction region,10,esophagus,2.2909507445065073e-11,2.2909507445065073e-11,0,4365,0,0.0
HCC_10074592_20130816.nii.gz,86,posterior to the left atrium and anterior to the vertebral column,10,esophagus,2.2909507445065073e-11,2.2909507445065073e-11,0,4365,0,0.0
HCC_10074592_20130816.nii.gz,87,distal esophagus enters the abdomen through the diaphragmatic hiatus above the stomach,10,esophagus,0.32531026703036275,0.19425106671470355,953,4365,865,0.0002861165902588259
HCC_10076307_20130925.nii.gz,0,spleen,0,spleen,0.9317371217024095,0.8721983517646373,62234,70664,61913,0.019616984322866675
HCC_10076307_20130925.nii.gz,1,splenic parenchyma,0,spleen,0.9363778561111712,0.8803670189562471,62953,70664,62558,0.019843622683379275
HCC_10076307_20130925.nii.gz,2,homogeneous left upper quadrant solid organ,0,spleen,1.4151477414222019e-12,1.4151477414222019e-12,0,70664,0,0.0
HCC_10076307_20130925.nii.gz,3,crescentic organ with smooth lateral convexity,0,spleen,1.4151477414222019e-12,1.4151477414222019e-12,0,70664,0,0.0
HCC_10076307_20130925.nii.gz,4,left hypochondrial region,0,spleen,1.4151477414222019e-12,1.4151477414222019e-12,0,70664,0,0.0
HCC_10076307_20130925.nii.gz,5,left subphrenic compartment,0,spleen,1.4151477414222019e-12,1.4151477414222019e-12,0,70664,0,0.0
HCC_10076307_20130925.nii.gz,6,posterolateral to the gastric fundus,0,spleen,1.15094665362128e-12,1.15094665362128e-12,16221,70664,0,0.0051130748899511575
HCC_10076307_20130925.nii.gz,7,spleen lies beneath the left hemidiaphragm along the left lateral abdominal wall,0,spleen,0.9132497926841171,0.8403493153590793,59572,70664,59469,0.01877788652636523
HCC_10076307_20130925.nii.gz,8,right kidney,1,right_kidney,0.9282195636877244,0.8660538411037142,18904,20884,18466,0.005958792165688717
HCC_10076307_20130925.nii.gz,9,right renal parenchyma,1,right_kidney,0.9280688433309844,0.8657914620331234,18626,20884,18334,0.005871162869134472
HCC_10076307_20130925.nii.gz,10,right-sided reniform retroperitoneal organ,1,right_kidney,0.9222869405274824,0.8557815388998445,18260,20884,18051,0.0057557948024479465
HCC_10076307_20130925.nii.gz,11,right renal cortex with central renal sinus,1,right_kidney,0.8389033526384387,0.722509495265078,16758,20884,15789,0.005282344430417453
HCC_10076307_20130925.nii.gz,12,right renal fossa,1,right_kidney,0.913116490557488,0.8401236035187063,17823,20884,17672,0.005618046591677423
HCC_10076307_20130925.nii.gz,13,right posterior pararenal region,1,right_kidney,4.788354721294827e-12,4.788354721294827e-12,0,20884,0,0.0
HCC_10076307_20130925.nii.gz,14,caudal to the right hepatic lobe,1,right_kidney,4.7837734404669736e-12,4.7837734404669736e-12,20,20884,0,6.304265939154377e-06
HCC_10076307_20130925.nii.gz,15,right kidney is positioned in the right posterior retroperitoneum adjacent to the psoas muscle,1,right_kidney,0.892828195675758,0.8064043829414518,17363,20884,17074,0.005473048475076872
HCC_10076307_20130925.nii.gz,16,left kidney,2,left_kidney,0.9311238753623465,0.8711242153325512,18522,20824,18318,0.005838380686250868
HCC_10076307_20130925.nii.gz,17,left renal parenchyma,2,left_kidney,0.9295738773848614,0.8684147908443896,18437,20824,18248,0.005811587556009462
HCC_10076307_20130925.nii.gz,18,left-sided bean-shaped retroperitoneal organ,2,left_kidney,0.8520762198484082,0.7422759547124244,15492,20824,15472,0.004883284396468981
HCC_10076307_20130925.nii.gz,19,left renal cortex surrounding the collecting sinus,2,left_kidney,0.8803259298202646,0.7862340954984448,17221,20824,16746,0.005428288186908876
HCC_10076307_20130925.nii.gz,20,left renal fossa,2,left_kidney,0.9133447081332058,0.8405100632828638,17858,20824,17665,0.005629079057070944
HCC_10076307_20130925.nii.gz,21,left posterior pararenal region,2,left_kidney,4.802151363787926e-12,4.802151363787926e-12,0,20824,0,0.0
HCC_10076307_20130925.nii.gz,22,posteroinferior to the spleen,2,left_kidney,4.456526583161208e-12,4.456526583161208e-12,1615,20824,0,0.000509069474586716
HCC_10076307_20130925.nii.gz,23,left kidney is positioned in the left posterior retroperitoneum near the splenic hilum,2,left_kidney,0.7981892210441492,0.6641554852241601,16508,20824,14899,0.005203541106178023
HCC_10076307_20130925.nii.gz,24,gallbladder,3,gallbladder,0.8054035567732096,0.6742055539697366,4726,6970,4710,0.0014896980414221793
HCC_10076307_20130925.nii.gz,25,cystic biliary reservoir,3,gallbladder,0.8017847949218999,0.6691492409099233,4684,6970,4672,0.0014764590829499551
HCC_10076307_20130925.nii.gz,26,thin-walled pear-shaped fluid structure,3,gallbladder,1.4347202295346524e-11,1.4347202295346524e-11,0,6970,0,0.0
HCC_10076307_20130925.nii.gz,27,hypodense intraluminal bile-containing sac,3,gallbladder,0.7455003599734926,0.5942611190876003,4142,6970,4142,0.0013056134759988716
HCC_10076307_20130925.nii.gz,28,gallbladder fossa,3,gallbladder,0.7877682217028255,0.6498495055231497,4541,6970,4534,0.0014313835814850013
HCC_10076307_20130925.nii.gz,29,inferior hepatic surface,3,gallbladder,0.002302890735104172,0.0011527727229691143,75535,6970,95,0.023809636385701296
HCC_10076307_20130925.nii.gz,30,adjacent to hepatic segment IVb and segment V,3,gallbladder,0.004739336505303825,0.002375296924585882,1048,6970,19,0.00033034353521168934
HCC_10076307_20130925.nii.gz,31,gallbladder lies along the undersurface of the liver near the porta hepatis,3,gallbladder,0.7628738276432235,0.6166499785493256,4332,6970,4311,0.001365504002420838
HCC_10076307_20130925.nii.gz,32,liver,4,liver,0.9415806548188864,0.8896102089458625,192687,214815,191848,0.060737504550891976
HCC_10076307_20130925.nii.gz,33,hepatic parenchyma,4,liver,0.941483931761533,0.8894375437572088,192697,214815,191833,0.060740656683861555
HCC_10076307_20130925.nii.gz,34,large right-dominant solid visceral organ,4,liver,4.655168400714729e-13,4.655168400714729e-13,0,214815,0,0.0
HCC_10076307_20130925.nii.gz,35,homogeneous hepatic attenuation structure,4,liver,0.9083229409807735,0.8320436281741256,178904,214815,178812,0.056392919678923736
HCC_10076307_20130925.nii.gz,36,right hypochondrial region,4,liver,0.0013955760244684504,0.0006982752605727261,150,214815,150,4.728199454365783e-05
HCC_10076307_20130925.nii.gz,37,right subdiaphragmatic compartment,4,liver,4.655168400714729e-13,4.655168400714729e-13,0,214815,0,0.0
HCC_10076307_20130925.nii.gz,38,cranial to the gallbladder and right kidney,4,liver,4.655168400714729e-13,4.655168400714729e-13,0,214815,0,0.0
HCC_10076307_20130925.nii.gz,39,liver occupies the right upper abdomen and extends into the epigastrium,4,liver,0.758098280863502,0.6104333935464109,131987,214815,131455,0.04160405742555844
HCC_10076307_20130925.nii.gz,40,stomach,5,stomach,0.8283685654351648,0.7070214582824917,28414,33556,25667,0.008956470619756624
HCC_10076307_20130925.nii.gz,41,gastric lumen,5,stomach,0.7852883752840039,0.6464813205918144,23297,33556,22323,0.0073435241792239765
HCC_10076307_20130925.nii.gz,42,hollow foregut organ with variable distension,5,stomach,0.16222131035655252,0.08827031854990094,2999,33556,2965,0.0009453246775761989
HCC_10076307_20130925.nii.gz,43,air-fluid containing gastric cavity,5,stomach,0.7835448304559609,0.6441214194110186,24128,33556,22599,0.0076054664289958405
HCC_10076307_20130925.nii.gz,44,epigastric region,5,stomach,0.17645463912158652,0.09676460093048422,3326,33556,3254,0.001048399425681373
HCC_10076307_20130925.nii.gz,45,left upper intraperitoneal space,5,stomach,2.9800929788920607e-12,2.9800929788920607e-12,0,33556,0,0.0
HCC_10076307_20130925.nii.gz,46,medial to the spleen and ventral to the pancreas,5,stomach,0.0012399954937401647,0.0006203823839585461,1928,33556,22,0.000607731236534482
HCC_10076307_20130925.nii.gz,47,stomach is seen below the left hemidiaphragm anterior to the pancreatic body,5,stomach,0.06423947324997444,0.03318565099604635,2590,33556,1161,0.0008164024391204918
HCC_10076307_20130925.nii.gz,48,aorta,6,aorta,0.9492383082988461,0.9033811527353203,18518,19030,17821,0.005837119833063038
HCC_10076307_20130925.nii.gz,49,abdominal aorta,6,aorta,0.9233936266573618,0.8576891698967077,17403,19030,16821,0.005485657006955182
HCC_10076307_20130925.nii.gz,50,thick-walled pulsatile arterial lumen,6,aorta,0.9346410661348886,0.877301570790194,17063,19030,16867,0.005378484485989557
HCC_10076307_20130925.nii.gz,51,round prevertebral arterial structure,6,aorta,5.254860746162612e-12,5.254860746162612e-12,0,19030,0,0.0
HCC_10076307_20130925.nii.gz,52,left para-aortic compartment,6,aorta,5.254860746162612e-12,5.254860746162612e-12,0,19030,0,0.0
HCC_10076307_20130925.nii.gz,53,anterior vertebral body margin,6,aorta,5.254860746162612e-12,5.254860746162612e-12,0,19030,0,0.0
HCC_10076307_20130925.nii.gz,54,left of the inferior vena cava,6,aorta,5.1996672212708e-12,5.1996672212708e-12,202,19030,0,6.367308598545922e-05
HCC_10076307_20130925.nii.gz,55,abdominal aorta descends anterior to the spine on the left side of midline,6,aorta,5.254860746162612e-12,5.254860746162612e-12,0,19030,0,0.0
HCC_10076307_20130925.nii.gz,56,inferior vena cava,7,inferior_vena_cava,0.7474000462243193,0.5966789667971092,5157,3497,3234,0.0016255549724109562
HCC_10076307_20130925.nii.gz,57,IVC,7,inferior_vena_cava,0.7504330754157473,0.6005545286580304,5162,3497,3249,0.0016271310388957447
HCC_10076307_20130925.nii.gz,58,thin-walled right-sided venous channel,7,inferior_vena_cava,0.6034948657970907,0.4321465428423079,2054,3497,1675,0.0006474481119511545
HCC_10076307_20130925.nii.gz,59,oval paracaval vascular lumen,7,inferior_vena_cava,0.481215702839147,0.3168426904025336,1241,3497,1140,0.00039117970152452913
HCC_10076307_20130925.nii.gz,60,right paracaval compartment,7,inferior_vena_cava,2.8595939375790794e-11,2.8595939375790794e-11,0,3497,0,0.0
HCC_10076307_20130925.nii.gz,61,retrohepatic caval segment,7,inferior_vena_cava,0.43177892920052297,0.2753303964957233,1135,3497,1000,0.0003577670920470109
HCC_10076307_20130925.nii.gz,62,right of the abdominal aorta,7,inferior_vena_cava,2.8595939375790794e-11,2.8595939375790794e-11,0,3497,0,0.0
HCC_10076307_20130925.nii.gz,63,inferior vena cava courses along the right anterolateral aspect of the vertebral column,7,inferior_vena_cava,0.41107078041263456,0.25870930898747263,911,3497,906,0.00028715931352848187
HCC_10076307_20130925.nii.gz,64,duodenum,8,duodenum,0.6689813104848269,0.5026085026140236,4827,8710,4528,0.001521534584414909
HCC_10076307_20130925.nii.gz,65,duodenal C-loop,8,duodenum,0.6141287284174715,0.44313547803077546,4030,8710,3912,0.001270309586739607
HCC_10076307_20130925.nii.gz,66,C-shaped proximal small bowel segment,8,duodenum,0.5855870187751703,0.4140141716408276,3862,8710,3681,0.0012173537528507102
HCC_10076307_20130925.nii.gz,67,retroperitoneal enteric loop encircling the pancreatic head,8,duodenum,1.1294330246088836e-11,1.1294330246088836e-11,144,8710,0,4.5390714761911514e-05
HCC_10076307_20130925.nii.gz,68,right anterior pararenal compartment,8,duodenum,7.725587144563306e-12,7.725587144563306e-12,4234,8710,0,0.0013346130993189818
HCC_10076307_20130925.nii.gz,69,peripancreatic duodenal groove,8,duodenum,0.11974593686605879,0.06368604074452373,1996,8710,641,0.0006291657407276069
HCC_10076307_20130925.nii.gz,70,between the pancreatic head and right renal hilum,8,duodenum,1.0687186063795156e-11,1.0687186063795156e-11,647,8710,0,0.0002039430031316441
HCC_10076307_20130925.nii.gz,71,duodenum curves around the pancreatic head in the right upper abdomen,8,duodenum,0.3248438250905829,0.1939185312771782,1695,8710,1690,0.0005342865383433335
HCC_10076307_20130925.nii.gz,72,pancreas,9,pancreas,0.8595713229865337,0.753726506806699,11797,12557,10467,0.0037185712642102096
HCC_10076307_20130925.nii.gz,73,pancreatic parenchyma,9,pancreas,0.8546684262625591,0.7462192135982557,11691,12557,10362,0.0036851586547326913
HCC_10076307_20130925.nii.gz,74,lobulated transverse retroperitoneal gland,9,pancreas,0.01548794943488354,0.007804411889720439,98,12557,98,3.089090310185645e-05
HCC_10076307_20130925.nii.gz,75,elongated soft-tissue organ across the epigastrium,9,pancreas,0.004516413309637264,0.0022633176952739074,23755,12557,82,0.007487891869230612
HCC_10076307_20130925.nii.gz,76,anterior pararenal compartment,9,pancreas,7.673419275570338e-12,7.673419275570338e-12,475,12557,0,0.00014972631605491646
HCC_10076307_20130925.nii.gz,77,retrogastric pancreatic bed,9,pancreas,0.7156131144397688,0.5571632056409238,8214,12557,7432,0.002589162021210703
HCC_10076307_20130925.nii.gz,78,from the duodenal C-loop toward the splenic hilum,9,pancreas,0.0005530208834470273,0.00027658692435156556,1909,12557,4,0.0006017421838922854
HCC_10076307_20130925.nii.gz,79,pancreas lies posterior to the stomach and extends transversely toward the spleen,9,pancreas,0.7815472985111221,0.6414260459661062,9727,12557,8708,0.0030660797395077313
HCC_10076307_20130925.nii.gz,80,esophagus,10,esophagus,0.42011834321671165,0.26591760303062184,826,1878,568,0.0002603661832870758
HCC_10076307_20130925.nii.gz,81,distal thoracic esophagus,10,esophagus,5.32481363123936e-11,5.32481363123936e-11,0,1878,0,0.0
HCC_10076307_20130925.nii.gz,82,small collapsed tubular foregut lumen,10,esophagus,5.32481363123936e-11,5.32481363123936e-11,0,1878,0,0.0
HCC_10076307_20130925.nii.gz,83,thin-walled structure at the esophageal hiatus,10,esophagus,0.28915662653774404,0.16901408455039052,363,1878,324,0.00011442242679565194
HCC_10076307_20130925.nii.gz,84,posterior mediastinal compartment,10,esophagus,3.590664272761556e-11,3.590664272761556e-11,907,1878,0,0.000285898460340651
HCC_10076307_20130925.nii.gz,85,gastroesophageal junction region,10,esophagus,5.32481363123936e-11,5.32481363123936e-11,0,1878,0,0.0
HCC_10076307_20130925.nii.gz,86,posterior to the left atrium and anterior to the vertebral column,10,esophagus,5.32481363123936e-11,5.32481363123936e-11,0,1878,0,0.0
HCC_10076307_20130925.nii.gz,87,distal esophagus enters the abdomen through the diaphragmatic hiatus above the stomach,10,esophagus,5.32481363123936e-11,5.32481363123936e-11,0,1878,0,0.0
HCC_10081574_20140213.nii.gz,0,spleen,0,spleen,0.9348358512893381,0.877644870437188,34382,38296,33971,0.010146241387410422
HCC_10081574_20140213.nii.gz,1,splenic parenchyma,0,spleen,0.9347449946445652,0.8774847242635999,34526,38296,34035,0.010188736261466238
HCC_10081574_20140213.nii.gz,2,homogeneous left upper quadrant solid organ,0,spleen,2.611238771666463e-12,2.611238771666463e-12,0,38296,0,0.0
HCC_10081574_20140213.nii.gz,3,crescentic organ with smooth lateral convexity,0,spleen,2.611238771666463e-12,2.611238771666463e-12,0,38296,0,0.0
HCC_10081574_20140213.nii.gz,4,left hypochondrial region,0,spleen,2.611238771666463e-12,2.611238771666463e-12,0,38296,0,0.0
HCC_10081574_20140213.nii.gz,5,left subphrenic compartment,0,spleen,2.611238771666463e-12,2.611238771666463e-12,0,38296,0,0.0
HCC_10081574_20140213.nii.gz,6,posterolateral to the gastric fundus,0,spleen,6.008532265808436e-05,3.0043564668724583e-05,28276,38296,2,0.008344340686126958
HCC_10081574_20140213.nii.gz,7,spleen lies beneath the left hemidiaphragm along the left lateral abdominal wall,0,spleen,0.9092655638589198,0.8336268973738962,32493,38296,32183,0.009588791268719877
HCC_10081574_20140213.nii.gz,8,right kidney,1,right_kidney,0.9514051522249259,0.9073143495257745,23216,24608,22750,0.006851118028332277
HCC_10081574_20140213.nii.gz,9,right renal parenchyma,1,right_kidney,0.9464824385614461,0.8984021464903352,22797,24608,22434,0.0067274697489615315
HCC_10081574_20140213.nii.gz,10,right-sided reniform retroperitoneal organ,1,right_kidney,0.889143113504062,0.8004119381293147,19972,24608,19819,0.005893802948908177
HCC_10081574_20140213.nii.gz,11,right renal cortex with central renal sinus,1,right_kidney,0.8795602198903166,0.7850133809107357,21415,24608,20240,0.00631963699934251
HCC_10081574_20140213.nii.gz,12,right renal fossa,1,right_kidney,0.931862092653961,0.8724173968973695,21974,24608,21704,0.006484599739600855
HCC_10081574_20140213.nii.gz,13,right posterior pararenal region,1,right_kidney,4.063719115718206e-12,4.063719115718206e-12,0,24608,0,0.0
HCC_10081574_20140213.nii.gz,14,caudal to the right hepatic lobe,1,right_kidney,4.020100502496401e-12,4.020100502496401e-12,267,24608,0,7.879257897849405e-05
HCC_10081574_20140213.nii.gz,15,right kidney is positioned in the right posterior retroperitoneum adjacent to the psoas muscle,1,right_kidney,0.4829371368212284,0.31833693154356735,13252,24608,9142,0.003910708826303383
HCC_10081574_20140213.nii.gz,16,left kidney,2,left_kidney,0.9417292816456286,0.8898755916730622,22351,22766,21244,0.006595853680705321
HCC_10081574_20140213.nii.gz,17,left renal parenchyma,2,left_kidney,0.9412731188526804,0.8890613203594956,22273,22766,21197,0.006572835623925086
HCC_10081574_20140213.nii.gz,18,left-sided bean-shaped retroperitoneal organ,2,left_kidney,0.6389469285426573,0.4694504144941908,10736,22766,10703,0.003168228943494802
HCC_10081574_20140213.nii.gz,19,left renal cortex surrounding the collecting sinus,2,left_kidney,0.8799034113778559,0.785560299278076,19475,22766,18584,0.005747136612757197
HCC_10081574_20140213.nii.gz,20,left renal fossa,2,left_kidney,0.932893989319548,0.874228033562442,21239,22766,20526,0.006267698819940956
HCC_10081574_20140213.nii.gz,21,left posterior pararenal region,2,left_kidney,4.392515154157987e-12,4.392515154157987e-12,0,22766,0,0.0
HCC_10081574_20140213.nii.gz,22,posteroinferior to the spleen,2,left_kidney,3.591438011767018e-12,3.591438011767018e-12,5078,22766,0,0.0014985345170516584
HCC_10081574_20140213.nii.gz,23,left kidney is positioned in the left posterior retroperitoneum near the splenic hilum,2,left_kidney,0.2465637392706019,0.14061745202608308,3207,22766,3202,0.0009463962576180915
HCC_10081574_20140213.nii.gz,24,gallbladder,3,gallbladder,0.45773081202842797,0.2967904796503141,1036,2560,823,0.0003057270105682391
HCC_10081574_20140213.nii.gz,25,cystic biliary reservoir,3,gallbladder,0.33088235296167645,0.19823788549198834,704,2560,540,0.00020775271760621654
HCC_10081574_20140213.nii.gz,26,thin-walled pear-shaped fluid structure,3,gallbladder,3.9062499998474124e-11,3.9062499998474124e-11,0,2560,0,0.0
HCC_10081574_20140213.nii.gz,27,hypodense intraluminal bile-containing sac,3,gallbladder,0.05764125904218274,0.029675907886385165,77,2560,76,2.272295348817993e-05
HCC_10081574_20140213.nii.gz,28,gallbladder fossa,3,gallbladder,0.3910614525318712,0.24305555558322164,841,2560,665,0.00024818186861765354
HCC_10081574_20140213.nii.gz,29,inferior hepatic surface,3,gallbladder,0.0020977554031157294,0.0010499790018184936,68945,2560,75,0.02034589647068267
HCC_10081574_20140213.nii.gz,30,adjacent to hepatic segment IVb and segment V,3,gallbladder,3.9062499998474124e-11,3.9062499998474124e-11,0,2560,0,0.0
HCC_10081574_20140213.nii.gz,31,gallbladder lies along the undersurface of the liver near the porta hepatis,3,gallbladder,0.14442477879134782,0.07783288824579043,265,2560,204,7.820237239438548e-05
HCC_10081574_20140213.nii.gz,32,liver,4,liver,0.9589884986551335,0.921208360730165,200514,214394,198946,0.05917234150297287
HCC_10081574_20140213.nii.gz,33,hepatic parenchyma,4,liver,0.9579832744035724,0.919354988141158,199941,214394,198463,0.05900324731662576
HCC_10081574_20140213.nii.gz,34,large right-dominant solid visceral organ,4,liver,4.664309635528669e-13,4.664309635528669e-13,0,214394,0,0.0
HCC_10081574_20140213.nii.gz,35,homogeneous hepatic attenuation structure,4,liver,0.9411663483213883,0.8888708314373526,192397,214394,191429,0.05677698808136824
HCC_10081574_20140213.nii.gz,36,right hypochondrial region,4,liver,0.00017722806033208005,8.862188354147569e-05,19,214394,19,5.606962549031412e-06
HCC_10081574_20140213.nii.gz,37,right subdiaphragmatic compartment,4,liver,4.664309635528669e-13,4.664309635528669e-13,0,214394,0,0.0
HCC_10081574_20140213.nii.gz,38,cranial to the gallbladder and right kidney,4,liver,4.664309635528669e-13,4.664309635528669e-13,0,214394,0,0.0
HCC_10081574_20140213.nii.gz,39,liver occupies the right upper abdomen and extends into the epigastrium,4,liver,0.8182208710594645,0.6923636160278815,148750,214394,148566,0.04389661469307487
HCC_10081574_20140213.nii.gz,40,stomach,5,stomach,0.8636146632567233,0.759966391094,52189,65111,50651,0.01540114570902107
HCC_10081574_20140213.nii.gz,41,gastric lumen,5,stomach,0.8457837870995665,0.7327776006320582,49008,65111,48260,0.01446242213699639
HCC_10081574_20140213.nii.gz,42,hollow foregut organ with variable distension,5,stomach,0.6385530838918381,0.4690253261711911,30596,65111,30557,0.0090289803236929
HCC_10081574_20140213.nii.gz,43,air-fluid containing gastric cavity,5,stomach,0.8058334011007149,0.6748081899491915,45562,65111,44592,0.013445496192577325
HCC_10081574_20140213.nii.gz,44,epigastric region,5,stomach,0.6000449905202832,0.42861733874140545,28242,65111,28008,0.008334307174197112
HCC_10081574_20140213.nii.gz,45,left upper intraperitoneal space,5,stomach,1.5358387983573653e-12,1.5358387983573653e-12,0,65111,0,0.0
HCC_10081574_20140213.nii.gz,46,medial to the spleen and ventral to the pancreas,5,stomach,1.527067267310793e-12,1.527067267310793e-12,374,65111,0,0.00011036863122830254
HCC_10081574_20140213.nii.gz,47,stomach is seen below the left hemidiaphragm anterior to the pancreatic body,5,stomach,0.12564586002054426,0.06703421586235789,4370,65111,4365,0.0012896013862772249
HCC_10081574_20140213.nii.gz,48,aorta,6,aorta,0.9414517838222296,0.8893801618429183,11344,11304,10661,0.003347651745063807
HCC_10081574_20140213.nii.gz,49,abdominal aorta,6,aorta,0.9126425294148338,0.8393215240655137,10709,11304,10045,0.0031602611546093363
HCC_10081574_20140213.nii.gz,50,thick-walled pulsatile arterial lumen,6,aorta,0.9224349088273499,0.8560363697604307,10742,11304,10168,0.003169999563247128
HCC_10081574_20140213.nii.gz,51,round prevertebral arterial structure,6,aorta,8.846426043800014e-12,8.846426043800014e-12,0,11304,0,0.0
HCC_10081574_20140213.nii.gz,52,left para-aortic compartment,6,aorta,8.846426043800014e-12,8.846426043800014e-12,0,11304,0,0.0
HCC_10081574_20140213.nii.gz,53,anterior vertebral body margin,6,aorta,8.846426043800014e-12,8.846426043800014e-12,0,11304,0,0.0
HCC_10081574_20140213.nii.gz,54,left of the inferior vena cava,6,aorta,7.606298014698362e-12,7.606298014698362e-12,1843,11304,0,0.000543875367256047
HCC_10081574_20140213.nii.gz,55,abdominal aorta descends anterior to the spine on the left side of midline,6,aorta,8.846426043800014e-12,8.846426043800014e-12,0,11304,0,0.0
HCC_10081574_20140213.nii.gz,56,inferior vena cava,7,inferior_vena_cava,0.9055896387190093,0.8274680784820152,8687,8917,7971,0.0025635622980755726
HCC_10081574_20140213.nii.gz,57,IVC,7,inferior_vena_cava,0.9022275123283896,0.8218711276350488,8726,8917,7959,0.0025750713264656895
HCC_10081574_20140213.nii.gz,58,thin-walled right-sided venous channel,7,inferior_vena_cava,0.7694776967847958,0.6253260869605942,6036,8917,5753,0.0017812434708396633
HCC_10081574_20140213.nii.gz,59,oval paracaval vascular lumen,7,inferior_vena_cava,0.6724955542407195,0.5065862915884506,4579,8917,4538,0.0013512779743165703
HCC_10081574_20140213.nii.gz,60,right paracaval compartment,7,inferior_vena_cava,1.1214534035985033e-11,1.1214534035985033e-11,0,8917,0,0.0
HCC_10081574_20140213.nii.gz,61,retrohepatic caval segment,7,inferior_vena_cava,0.4703681659767845,0.30750416899046684,2844,8917,2766,0.000839273762602386
HCC_10081574_20140213.nii.gz,62,right of the abdominal aorta,7,inferior_vena_cava,1.1214534035985033e-11,1.1214534035985033e-11,0,8917,0,0.0
HCC_10081574_20140213.nii.gz,63,inferior vena cava courses along the right anterolateral aspect of the vertebral column,7,inferior_vena_cava,0.42758014932430755,0.27192492459756534,2468,8917,2434,0.0007283149247899749
HCC_10081574_20140213.nii.gz,64,duodenum,8,duodenum,0.7968467304226102,0.6622986036556143,6660,8816,6166,0.001965387925081537
HCC_10081574_20140213.nii.gz,65,duodenal C-loop,8,duodenum,0.7575155789922788,0.6096781305157662,5787,8816,5531,0.0017077627511181465
HCC_10081574_20140213.nii.gz,66,C-shaped proximal small bowel segment,8,duodenum,0.7196107891556156,0.5620250335319398,5161,8816,5029,0.001523028090292164
HCC_10081574_20140213.nii.gz,67,retroperitoneal enteric loop encircling the pancreatic head,8,duodenum,1.1343012704045563e-11,1.1343012704045563e-11,0,8816,0,0.0
HCC_10081574_20140213.nii.gz,68,right anterior pararenal compartment,8,duodenum,1.122460433257128e-11,1.122460433257128e-11,93,8816,0,2.744460616104849e-05
HCC_10081574_20140213.nii.gz,69,peripancreatic duodenal groove,8,duodenum,0.0379649045465405,0.019349758139055574,245,8816,172,7.230030655329979e-05
HCC_10081574_20140213.nii.gz,70,between the pancreatic head and right renal hilum,8,duodenum,1.125872551214525e-11,1.125872551214525e-11,66,8816,0,1.94768172755828e-05
HCC_10081574_20140213.nii.gz,71,duodenum curves around the pancreatic head in the right upper abdomen,8,duodenum,0.47246276411956645,0.3092970521620261,2732,8816,2728,0.0008062221938923062
HCC_10081574_20140213.nii.gz,72,pancreas,9,pancreas,0.8693777841650171,0.7689374682276823,9747,11130,9075,0.002876371787653114
HCC_10081574_20140213.nii.gz,73,pancreatic parenchyma,9,pancreas,0.8705374280236539,0.7707536749106062,9710,11130,9071,0.002865452965847106
HCC_10081574_20140213.nii.gz,74,lobulated transverse retroperitoneal gland,9,pancreas,8.984725965777315e-12,8.984725965777315e-12,0,11130,0,0.0
HCC_10081574_20140213.nii.gz,75,elongated soft-tissue organ across the epigastrium,9,pancreas,1.9267080266619267e-12,1.9267080266619267e-12,40772,11130,0,0.012031951423637301
HCC_10081574_20140213.nii.gz,76,anterior pararenal compartment,9,pancreas,8.984725965777315e-12,8.984725965777315e-12,0,11130,0,0.0
HCC_10081574_20140213.nii.gz,77,retrogastric pancreatic bed,9,pancreas,0.5590796019927918,0.38800172637558905,4950,11130,4495,0.0014607612956687099
HCC_10081574_20140213.nii.gz,78,from the duodenal C-loop toward the splenic hilum,9,pancreas,6.529546196496705e-12,6.529546196496705e-12,4185,11130,0,0.001235007277247182
HCC_10081574_20140213.nii.gz,79,pancreas lies posterior to the stomach and extends transversely toward the spleen,9,pancreas,0.6917162841800583,0.5287203959037758,6169,11130,5983,0.0018204922086828832
HCC_10081574_20140213.nii.gz,80,esophagus,10,esophagus,0.6611635220258977,0.49383440989466615,1148,1396,841,0.00033877857927831897
HCC_10081574_20140213.nii.gz,81,distal thoracic esophagus,10,esophagus,7.163323781721825e-11,7.163323781721825e-11,0,1396,0,0.0
HCC_10081574_20140213.nii.gz,82,small collapsed tubular foregut lumen,10,esophagus,7.163323781721825e-11,7.163323781721825e-11,0,1396,0,0.0
HCC_10081574_20140213.nii.gz,83,thin-walled structure at the esophageal hiatus,10,esophagus,0.3958810068995491,0.24679029962576388,352,1396,346,0.00010387635880310827
HCC_10081574_20140213.nii.gz,84,posterior mediastinal compartment,10,esophagus,5.473453749016231e-11,5.473453749016231e-11,431,1396,0,0.00012718951887539677
HCC_10081574_20140213.nii.gz,85,gastroesophageal junction region,10,esophagus,7.163323781721825e-11,7.163323781721825e-11,0,1396,0,0.0
HCC_10081574_20140213.nii.gz,86,posterior to the left atrium and anterior to the vertebral column,10,esophagus,7.163323781721825e-11,7.163323781721825e-11,0,1396,0,0.0
HCC_10081574_20140213.nii.gz,87,distal esophagus enters the abdomen through the diaphragmatic hiatus above the stomach,10,esophagus,0.25046728976632604,0.14316239322342147,209,1396,201,6.167658803934553e-05
HCC_10136895_20170421.nii.gz,0,spleen,0,spleen,0.915737111848079,0.8445711108022488,164749,193487,164025,0.047121576407206114
HCC_10136895_20170421.nii.gz,1,splenic parenchyma,0,spleen,0.9171936902049075,0.8470524062410734,165447,193487,164606,0.047321218652878194
HCC_10136895_20170421.nii.gz,2,homogeneous left upper quadrant solid organ,0,spleen,5.168305881012591e-13,5.168305881012591e-13,0,193487,0,0.0
HCC_10136895_20170421.nii.gz,3,crescentic organ with smooth lateral convexity,0,spleen,5.168305881012591e-13,5.168305881012591e-13,0,193487,0,0.0
HCC_10136895_20170421.nii.gz,4,left hypochondrial region,0,spleen,5.168305881012591e-13,5.168305881012591e-13,0,193487,0,0.0
HCC_10136895_20170421.nii.gz,5,left subphrenic compartment,0,spleen,5.168305881012591e-13,5.168305881012591e-13,0,193487,0,0.0
HCC_10136895_20170421.nii.gz,6,posterolateral to the gastric fundus,0,spleen,4.4168245681430267e-13,4.4168245681430267e-13,32920,193487,0,0.009415791873244907
HCC_10136895_20170421.nii.gz,7,spleen lies beneath the left hemidiaphragm along the left lateral abdominal wall,0,spleen,0.8674981606699051,0.7660015467905306,149029,193487,148566,0.04262533557344518
HCC_10136895_20170421.nii.gz,8,right kidney,1,right_kidney,0.9629494166271114,0.9285462368627758,27249,27433,26328,0.007793770132261558
HCC_10136895_20170421.nii.gz,9,right renal parenchyma,1,right_kidney,0.9647702447174372,0.9319382869305481,27038,27433,26276,0.007733419825905097
HCC_10136895_20170421.nii.gz,10,right-sided reniform retroperitoneal organ,1,right_kidney,0.9334762716083744,0.8752512923611601,24804,27433,24381,0.007094450231590725
HCC_10136895_20170421.nii.gz,11,right renal cortex with central renal sinus,1,right_kidney,0.8596952602737042,0.7539171155953878,22380,27433,21412,0.006401136759514612
HCC_10136895_20170421.nii.gz,12,right renal fossa,1,right_kidney,0.9483492075444258,0.9017719706464945,25693,27433,25191,0.007348722375433821
HCC_10136895_20170421.nii.gz,13,right posterior pararenal region,1,right_kidney,3.645244778173567e-12,3.645244778173567e-12,0,27433,0,0.0
HCC_10136895_20170421.nii.gz,14,caudal to the right hepatic lobe,1,right_kidney,3.6110208355771817e-12,3.6110208355771817e-12,260,27433,0,7.436530641080425e-05
HCC_10136895_20170421.nii.gz,15,right kidney is positioned in the right posterior retroperitoneum adjacent to the psoas muscle,1,right_kidney,0.6184680568255827,0.4476683003113513,20715,27433,14889,0.005924912778076192
HCC_10136895_20170421.nii.gz,16,left kidney,2,left_kidney,0.9453733268321164,0.8964056674126878,31122,32455,30052,0.008901527177373268
HCC_10136895_20170421.nii.gz,17,left renal parenchyma,2,left_kidney,0.9447900955254764,0.8953574938212222,31193,32455,30067,0.008921834626431605
HCC_10136895_20170421.nii.gz,18,left-sided bean-shaped retroperitoneal organ,2,left_kidney,0.848160370734714,0.7363528300169577,24513,32455,24159,0.0070112182924924795
HCC_10136895_20170421.nii.gz,19,left renal cortex surrounding the collecting sinus,2,left_kidney,0.8594002823013402,0.7534635235889244,25639,32455,24963,0.007333277273333116
HCC_10136895_20170421.nii.gz,20,left renal fossa,2,left_kidney,0.9326181370325847,0.8737436613734741,29253,32455,28775,0.008366955032443295
HCC_10136895_20170421.nii.gz,21,left posterior pararenal region,2,left_kidney,3.0811893390753927e-12,3.0811893390753927e-12,0,32455,0,0.0
HCC_10136895_20170421.nii.gz,22,posteroinferior to the spleen,2,left_kidney,0.0004265691681888282,0.00021333008563614015,365,32455,7,0.00010439744938439827
HCC_10136895_20170421.nii.gz,23,left kidney is positioned in the left posterior retroperitoneum near the splenic hilum,2,left_kidney,0.5693898764961163,0.39800492610985716,24304,32455,16159,0.006951440026954563
HCC_10136895_20170421.nii.gz,24,gallbladder,3,gallbladder,0.7667645066659118,0.6217502746385299,1726,2703,1698,0.0004936712264040313
HCC_10136895_20170421.nii.gz,25,cystic biliary reservoir,3,gallbladder,0.8149741824480428,0.6877269426402424,1945,2703,1894,0.0005563096960346703
HCC_10136895_20170421.nii.gz,26,thin-walled pear-shaped fluid structure,3,gallbladder,3.699593044628206e-11,3.699593044628206e-11,0,2703,0,0.0
HCC_10136895_20170421.nii.gz,27,hypodense intraluminal bile-containing sac,3,gallbladder,0.40765832107783045,0.2560118387252678,692,2703,692,0.00019792612321644824
HCC_10136895_20170421.nii.gz,28,gallbladder fossa,3,gallbladder,0.7692307692359902,0.6250000000137869,1717,2703,1700,0.0004910970427205803
HCC_10136895_20170421.nii.gz,29,inferior hepatic surface,3,gallbladder,6.11265635664689e-05,3.0564216435366293e-05,95454,2703,3,0.02730179214668042
HCC_10136895_20170421.nii.gz,30,adjacent to hepatic segment IVb and segment V,3,gallbladder,1.026588645919037e-11,1.026588645919037e-11,7038,2703,0,0.0020130116404586166
HCC_10136895_20170421.nii.gz,31,gallbladder lies along the undersurface of the liver near the porta hepatis,3,gallbladder,0.5957998444491626,0.42429837520589747,1154,2703,1149,0.0003300675523002619
HCC_10136895_20170421.nii.gz,32,liver,4,liver,0.9423929871999079,0.8910615907366926,217910,240680,216086,0.06232670738453213
HCC_10136895_20170421.nii.gz,33,hepatic parenchyma,4,liver,0.9427852403830566,0.8917632220010586,218275,240680,216348,0.06243110483391653
HCC_10136895_20170421.nii.gz,34,large right-dominant solid visceral organ,4,liver,0.00029910766255658155,0.0001495762011799279,36,240680,36,1.0296734733803665e-05
HCC_10136895_20170421.nii.gz,35,homogeneous hepatic attenuation structure,4,liver,0.886712964562557,0.7964818922140673,193465,240680,192481,0.05533493847987017
HCC_10136895_20170421.nii.gz,36,right hypochondrial region,4,liver,0.00030741493164159264,0.00015373109564560672,37,240680,37,1.058275514307599e-05
HCC_10136895_20170421.nii.gz,37,right subdiaphragmatic compartment,4,liver,4.154894465678845e-13,4.154894465678845e-13,0,240680,0,0.0
HCC_10136895_20170421.nii.gz,38,cranial to the gallbladder and right kidney,4,liver,4.154894465678845e-13,4.154894465678845e-13,0,240680,0,0.0
HCC_10136895_20170421.nii.gz,39,liver occupies the right upper abdomen and extends into the epigastrium,4,liver,0.7614848389078357,0.6148369134508065,148507,240680,148180,0.04247603291980503
HCC_10136895_20170421.nii.gz,40,stomach,5,stomach,0.8579091143088438,0.7511741185027245,52585,67852,51662,0.015040383221585159
HCC_10136895_20170421.nii.gz,41,gastric lumen,5,stomach,0.8306408069867154,0.7103384588327489,48829,67852,48460,0.01396609056435831
HCC_10136895_20170421.nii.gz,42,hollow foregut organ with variable distension,5,stomach,0.71179652652585,0.5525497649890929,37518,67852,37501,0.010730913715079053
HCC_10136895_20170421.nii.gz,43,air-fluid containing gastric cavity,5,stomach,0.8167160650495722,0.6902114031355092,47199,67852,46982,0.013499877297244422
HCC_10136895_20170421.nii.gz,44,epigastric region,5,stomach,0.6464334157826873,0.47757784753308047,32412,67852,32407,0.009270493505334567
HCC_10136895_20170421.nii.gz,45,left upper intraperitoneal space,5,stomach,1.4737959087403853e-12,1.4737959087403853e-12,0,67852,0,0.0
HCC_10136895_20170421.nii.gz,46,medial to the spleen and ventral to the pancreas,5,stomach,1.4641502803826348e-12,1.4641502803826348e-12,447,67852,0,0.00012785112294472884
HCC_10136895_20170421.nii.gz,47,stomach is seen below the left hemidiaphragm anterior to the pancreatic body,5,stomach,0.2541750803275877,0.14559024645860041,10889,67852,10007,0.0031144762365663365
HCC_10136895_20170421.nii.gz,48,aorta,6,aorta,0.9392020546431422,0.8853731841719371,11409,11174,10605,0.003263206849387945
HCC_10136895_20170421.nii.gz,49,abdominal aorta,6,aorta,0.9235688870876748,0.8579916318003515,11029,11174,10253,0.003154519093864462
HCC_10136895_20170421.nii.gz,50,thick-walled pulsatile arterial lumen,6,aorta,0.9384096474613575,0.883965877438336,10469,11174,10155,0.0029943476646719603
HCC_10136895_20170421.nii.gz,51,round prevertebral arterial structure,6,aorta,8.949346697610976e-12,8.949346697610976e-12,0,11174,0,0.0
HCC_10136895_20170421.nii.gz,52,left para-aortic compartment,6,aorta,8.949346697610976e-12,8.949346697610976e-12,0,11174,0,0.0
HCC_10136895_20170421.nii.gz,53,anterior vertebral body margin,6,aorta,8.949346697610976e-12,8.949346697610976e-12,0,11174,0,0.0
HCC_10136895_20170421.nii.gz,54,left of the inferior vena cava,6,aorta,8.71991628872759e-12,8.71991628872759e-12,294,11174,0,8.409000032606326e-05
HCC_10136895_20170421.nii.gz,55,abdominal aorta descends anterior to the spine on the left side of midline,6,aorta,0.002681204763583151,0.0013424020135909933,15,11174,15,4.290306139084861e-06
HCC_10136895_20170421.nii.gz,56,inferior vena cava,7,inferior_vena_cava,0.6656610470304732,0.49886953052934074,6632,4638,3751,0.001896887354294053
HCC_10136895_20170421.nii.gz,57,IVC,7,inferior_vena_cava,0.6665493267652332,0.49986800423046635,6725,4638,3787,0.001923487252356379
HCC_10136895_20170421.nii.gz,58,thin-walled right-sided venous channel,7,inferior_vena_cava,0.4273870783386594,0.2717687693279082,2358,4638,1495,0.0006744361250641401
HCC_10136895_20170421.nii.gz,59,oval paracaval vascular lumen,7,inferior_vena_cava,0.40975776186609075,0.25767002790693694,1224,4638,1201,0.0003500889809493246
HCC_10136895_20170421.nii.gz,60,right paracaval compartment,7,inferior_vena_cava,2.1561017679569618e-11,2.1561017679569618e-11,0,4638,0,0.0
HCC_10136895_20170421.nii.gz,61,retrohepatic caval segment,7,inferior_vena_cava,0.26244852116693285,0.15104503341626707,704,4638,701,0.00020135836812771611
HCC_10136895_20170421.nii.gz,62,right of the abdominal aorta,7,inferior_vena_cava,2.1561017679569618e-11,2.1561017679569618e-11,0,4638,0,0.0
HCC_10136895_20170421.nii.gz,63,inferior vena cava courses along the right anterolateral aspect of the vertebral column,7,inferior_vena_cava,0.03301587303633829,0.016785022616380783,87,4638,78,2.4883775606692192e-05
HCC_10136895_20170421.nii.gz,64,duodenum,8,duodenum,0.7455998988853743,0.5943876265827277,13657,17990,11798,0.0039061807294321293
HCC_10136895_20170421.nii.gz,65,duodenal C-loop,8,duodenum,0.7145213432746766,0.5558406897990359,12324,17990,10830,0.0035249155238721215
HCC_10136895_20170421.nii.gz,66,C-shaped proximal small bowel segment,8,duodenum,0.6300740740754441,0.4599329512303454,9010,17990,8506,0.0025770438875436395
HCC_10136895_20170421.nii.gz,67,retroperitoneal enteric loop encircling the pancreatic head,8,duodenum,5.5586436909085116e-12,5.5586436909085116e-12,0,17990,0,0.0
HCC_10136895_20170421.nii.gz,68,right anterior pararenal compartment,8,duodenum,5.38909247679786e-12,5.38909247679786e-12,566,17990,0,0.0001618875516481354
HCC_10136895_20170421.nii.gz,69,peripancreatic duodenal groove,8,duodenum,0.019885317486349176,0.010042507975504555,1019,17990,189,0.0002914547970484982
HCC_10136895_20170421.nii.gz,70,between the pancreatic head and right renal hilum,8,duodenum,0.001111049391694289,0.0005558334778469465,11,17990,10,3.1462245019955643e-06
HCC_10136895_20170421.nii.gz,71,duodenum curves around the pancreatic head in the right upper abdomen,8,duodenum,0.461973734219577,0.3003679095090859,5691,17990,5470,0.0016277421491687962
HCC_10136895_20170421.nii.gz,72,pancreas,9,pancreas,0.81131965831887,0.6825381306233744,15713,18705,13962,0.004494238690896027
HCC_10136895_20170421.nii.gz,73,pancreatic parenchyma,9,pancreas,0.8126772505341266,0.6844619551850064,15498,18705,13898,0.004432744302902478
HCC_10136895_20170421.nii.gz,74,lobulated transverse retroperitoneal gland,9,pancreas,5.346164127210124e-12,5.346164127210124e-12,0,18705,0,0.0
HCC_10136895_20170421.nii.gz,75,elongated soft-tissue organ across the epigastrium,9,pancreas,1.511236039954797e-12,1.511236039954797e-12,47466,18705,0,0.013576244746520133
HCC_10136895_20170421.nii.gz,76,anterior pararenal compartment,9,pancreas,5.346164127210124e-12,5.346164127210124e-12,0,18705,0,0.0
HCC_10136895_20170421.nii.gz,77,retrogastric pancreatic bed,9,pancreas,0.5763843530024807,0.4048735725968348,8853,18705,7942,0.002532138683287885
HCC_10136895_20170421.nii.gz,78,from the duodenal C-loop toward the splenic hilum,9,pancreas,0.012854135119813637,0.006468641960643635,8368,18705,174,0.0023934187847908074
HCC_10136895_20170421.nii.gz,79,pancreas lies posterior to the stomach and extends transversely toward the spleen,9,pancreas,0.6589426474597073,0.49136052698509575,10727,18705,9697,0.00306814093026422
HCC_10136895_20170421.nii.gz,80,esophagus,10,esophagus,0.43907714492719757,0.281293302557014,1909,3639,1218,0.0005460129613008666
HCC_10136895_20170421.nii.gz,81,distal thoracic esophagus,10,esophagus,2.748007694346029e-11,2.748007694346029e-11,0,3639,0,0.0
HCC_10136895_20170421.nii.gz,82,small collapsed tubular foregut lumen,10,esophagus,2.748007694346029e-11,2.748007694346029e-11,0,3639,0,0.0
HCC_10136895_20170421.nii.gz,83,thin-walled structure at the esophageal hiatus,10,esophagus,0.0663507109250566,0.034313725516494725,159,3639,126,4.547724507429952e-05
HCC_10136895_20170421.nii.gz,84,posterior mediastinal compartment,10,esophagus,2.730748224939084e-11,2.730748224939084e-11,23,3639,0,6.578469413263453e-06
HCC_10136895_20170421.nii.gz,85,gastroesophageal junction region,10,esophagus,2.748007694346029e-11,2.748007694346029e-11,0,3639,0,0.0
HCC_10136895_20170421.nii.gz,86,posterior to the left atrium and anterior to the vertebral column,10,esophagus,2.748007694346029e-11,2.748007694346029e-11,0,3639,0,0.0
HCC_10136895_20170421.nii.gz,87,distal esophagus enters the abdomen through the diaphragmatic hiatus above the stomach,10,esophagus,0.1611925214966854,0.0876614454771184,319,3639,319,9.124051055787137e-05
HCC_10140276_20170721.nii.gz,0,spleen,0,spleen,0.8570958302855576,0.7499279930881367,23464,31216,23433,0.009473514211886304
HCC_10140276_20170721.nii.gz,1,splenic parenchyma,0,spleen,0.8579730273018933,0.7512721221245199,23506,31216,23475,0.00949047157622739
HCC_10140276_20170721.nii.gz,2,homogeneous left upper quadrant solid organ,0,spleen,3.2034853920963493e-12,3.2034853920963493e-12,0,31216,0,0.0
HCC_10140276_20170721.nii.gz,3,crescentic organ with smooth lateral convexity,0,spleen,3.2034853920963493e-12,3.2034853920963493e-12,0,31216,0,0.0
HCC_10140276_20170721.nii.gz,4,left hypochondrial region,0,spleen,3.2034853920963493e-12,3.2034853920963493e-12,0,31216,0,0.0
HCC_10140276_20170721.nii.gz,5,left subphrenic compartment,0,spleen,3.2034853920963493e-12,3.2034853920963493e-12,0,31216,0,0.0
HCC_10140276_20170721.nii.gz,6,posterolateral to the gastric fundus,0,spleen,2.033140185011623e-12,2.033140185011623e-12,17969,31216,0,0.007254925710594315
HCC_10140276_20170721.nii.gz,7,spleen lies beneath the left hemidiaphragm along the left lateral abdominal wall,0,spleen,0.7614778969919254,0.6148278622910655,19207,31216,19198,0.007754764211886305
HCC_10140276_20170721.nii.gz,8,right kidney,1,right_kidney,0.9045136468819747,0.8256731307587638,16490,19379,16222,0.006657784237726098
HCC_10140276_20170721.nii.gz,9,right renal parenchyma,1,right_kidney,0.8917125511791848,0.8045859872621423,16036,19379,15790,0.006474483204134367
HCC_10140276_20170721.nii.gz,10,right-sided reniform retroperitoneal organ,1,right_kidney,0.8553987027856209,0.747333333334629,14694,19379,14573,0.00593265503875969
HCC_10140276_20170721.nii.gz,11,right renal cortex with central renal sinus,1,right_kidney,0.877477527009161,0.7817015232415061,16998,19379,15960,0.006862887596899225
HCC_10140276_20170721.nii.gz,12,right renal fossa,1,right_kidney,0.8684673258197559,0.7675141386876878,15312,19379,15064,0.0061821705426356585
HCC_10140276_20170721.nii.gz,13,right posterior pararenal region,1,right_kidney,0.0019589648468813334,0.0009804427524589482,19,19379,19,7.671188630490956e-06
HCC_10140276_20170721.nii.gz,14,caudal to the right hepatic lobe,1,right_kidney,5.160224985782753e-12,5.160224985782753e-12,0,19379,0,0.0
HCC_10140276_20170721.nii.gz,15,right kidney is positioned in the right posterior retroperitoneum adjacent to the psoas muscle,1,right_kidney,0.7880860589485509,0.650282195999742,12785,19379,12674,0.005161902454780362
HCC_10140276_20170721.nii.gz,16,left kidney,2,left_kidney,0.8988604829665854,0.8163002680974998,15392,18482,15224,0.006214470284237726
HCC_10140276_20170721.nii.gz,17,left renal parenchyma,2,left_kidney,0.8972040205179909,0.813572081519527,15245,18482,15130,0.006155119509043927
HCC_10140276_20170721.nii.gz,18,left-sided bean-shaped retroperitoneal organ,2,left_kidney,0.7967971877752927,0.6622301574438012,12241,18482,12240,0.0049422642118863045
HCC_10140276_20170721.nii.gz,19,left renal cortex surrounding the collecting sinus,2,left_kidney,0.8723071935877397,0.7735326399426461,15451,18482,14800,0.006238291343669251
HCC_10140276_20170721.nii.gz,20,left renal fossa,2,left_kidney,0.8828639273801951,0.7902922025518468,14787,18482,14686,0.005970203488372093
HCC_10140276_20170721.nii.gz,21,left posterior pararenal region,2,left_kidney,0.00010820754747547362,5.4106703819640156e-05,1,18482,1,4.037467700258398e-07
HCC_10140276_20170721.nii.gz,22,posteroinferior to the spleen,2,left_kidney,5.410669840897031e-12,5.410669840897031e-12,0,18482,0,0.0
HCC_10140276_20170721.nii.gz,23,left kidney is positioned in the left posterior retroperitoneum near the splenic hilum,2,left_kidney,0.7226768880150465,0.5657745336600931,10477,18482,10464,0.004230054909560723
HCC_10140276_20170721.nii.gz,24,gallbladder,3,gallbladder,0.6593707250435192,0.491836734714619,1337,2318,1205,0.0005398094315245478
HCC_10140276_20170721.nii.gz,25,cystic biliary reservoir,3,gallbladder,0.686170212774304,0.5222672064970743,1442,2318,1290,0.000582202842377261
HCC_10140276_20170721.nii.gz,26,thin-walled pear-shaped fluid structure,3,gallbladder,4.314063847958841e-11,4.314063847958841e-11,0,2318,0,0.0
HCC_10140276_20170721.nii.gz,27,hypodense intraluminal bile-containing sac,3,gallbladder,0.5278996865351756,0.35860306646683976,872,2318,842,0.0003520671834625323
HCC_10140276_20170721.nii.gz,28,gallbladder fossa,3,gallbladder,0.6461876028621452,0.47730956241988215,1328,2318,1178,0.0005361757105943152
HCC_10140276_20170721.nii.gz,29,inferior hepatic surface,3,gallbladder,0.0014893920444258879,0.0007452510084661382,60795,2318,47,0.02454578488372093
HCC_10140276_20170721.nii.gz,30,adjacent to hepatic segment IVb and segment V,3,gallbladder,0.0006066121018924291,0.000303398088583028,979,2318,1,0.00039526808785529714
HCC_10140276_20170721.nii.gz,31,gallbladder lies along the undersurface of the liver near the porta hepatis,3,gallbladder,0.582045184316824,0.4104821803182188,1046,2318,979,0.0004223191214470284
HCC_10140276_20170721.nii.gz,32,liver,4,liver,0.9396764629514635,0.8862167349101145,158120,173094,155617,0.06384043927648579
HCC_10140276_20170721.nii.gz,33,hepatic parenchyma,4,liver,0.9391977816509123,0.8853655897445312,157963,173094,155464,0.06377705103359173
HCC_10140276_20170721.nii.gz,34,large right-dominant solid visceral organ,4,liver,0.002468381077089347,0.0012357156473930236,299,173094,214,0.0001207202842377261
HCC_10140276_20170721.nii.gz,35,homogeneous hepatic attenuation structure,4,liver,0.9115302620144944,0.8374419886965047,146812,173094,145802,0.059274870801033594
HCC_10140276_20170721.nii.gz,36,right hypochondrial region,4,liver,5.777207759942126e-13,5.777207759942126e-13,0,173094,0,0.0
HCC_10140276_20170721.nii.gz,37,right subdiaphragmatic compartment,4,liver,5.777207759942126e-13,5.777207759942126e-13,0,173094,0,0.0
HCC_10140276_20170721.nii.gz,38,cranial to the gallbladder and right kidney,4,liver,5.777207759942126e-13,5.777207759942126e-13,0,173094,0,0.0
HCC_10140276_20170721.nii.gz,39,liver occupies the right upper abdomen and extends into the epigastrium,4,liver,0.7517491420150002,0.6022420390951388,105757,173094,104813,0.04269904715762274
HCC_10140276_20170721.nii.gz,40,stomach,5,stomach,0.8122583870930693,0.6838679206544748,35131,46870,33303,0.014184027777777778
HCC_10140276_20170721.nii.gz,41,gastric lumen,5,stomach,0.7414358215270915,0.5891124459201305,28794,46870,28050,0.011625484496124031
HCC_10140276_20170721.nii.gz,42,hollow foregut organ with variable distension,5,stomach,0.3916496560725395,0.24351016403395084,11427,46870,11416,0.004613614341085271
HCC_10140276_20170721.nii.gz,43,air-fluid containing gastric cavity,5,stomach,0.746522188633156,0.5955607525430758,29543,46870,28522,0.011927890826873386
HCC_10140276_20170721.nii.gz,44,epigastric region,5,stomach,0.45600171218870944,0.2953382240055973,13871,46870,13849,0.005600371447028424
HCC_10140276_20170721.nii.gz,45,left upper intraperitoneal space,5,stomach,2.1335609131595188e-12,2.1335609131595188e-12,0,46870,0,0.0
HCC_10140276_20170721.nii.gz,46,medial to the spleen and ventral to the pancreas,5,stomach,2.0681240047110454e-12,2.0681240047110454e-12,1483,46870,0,0.0005987564599483204
HCC_10140276_20170721.nii.gz,47,stomach is seen below the left hemidiaphragm anterior to the pancreatic body,5,stomach,0.07041723598671178,0.036493503829895746,3629,46870,1778,0.0014651970284237726
HCC_10140276_20170721.nii.gz,48,aorta,6,aorta,0.9464142037228642,0.8982791976387509,9479,9164,8822,0.003827115633074935
HCC_10140276_20170721.nii.gz,49,abdominal aorta,6,aorta,0.8972881355938006,0.8137104211516167,8536,9164,7941,0.0034463824289405684
HCC_10140276_20170721.nii.gz,50,thick-walled pulsatile arterial lumen,6,aorta,0.9397924643474846,0.8864231131593592,8857,9164,8468,0.003575985142118863
HCC_10140276_20170721.nii.gz,51,round prevertebral arterial structure,6,aorta,1.0912265386175116e-11,1.0912265386175116e-11,0,9164,0,0.0
HCC_10140276_20170721.nii.gz,52,left para-aortic compartment,6,aorta,1.0912265386175116e-11,1.0912265386175116e-11,0,9164,0,0.0
HCC_10140276_20170721.nii.gz,53,anterior vertebral body margin,6,aorta,1.0912265386175116e-11,1.0912265386175116e-11,0,9164,0,0.0
HCC_10140276_20170721.nii.gz,54,left of the inferior vena cava,6,aorta,1.0912265386175116e-11,1.0912265386175116e-11,0,9164,0,0.0
HCC_10140276_20170721.nii.gz,55,abdominal aorta descends anterior to the spine on the left side of midline,6,aorta,1.0912265386175116e-11,1.0912265386175116e-11,0,9164,0,0.0
HCC_10140276_20170721.nii.gz,56,inferior vena cava,7,inferior_vena_cava,0.7598357398362718,0.6126895962483937,3803,3746,2868,0.0015354489664082688
HCC_10140276_20170721.nii.gz,57,IVC,7,inferior_vena_cava,0.7512484815798185,0.6015996541374492,3663,3746,2783,0.0014789244186046511
HCC_10140276_20170721.nii.gz,58,thin-walled right-sided venous channel,7,inferior_vena_cava,0.5295196186371558,0.36009975063939903,1708,3746,1444,0.0006895994832041344
HCC_10140276_20170721.nii.gz,59,oval paracaval vascular lumen,7,inferior_vena_cava,0.4351114649793966,0.2780462986701082,1278,3746,1093,0.0005159883720930233
HCC_10140276_20170721.nii.gz,60,right paracaval compartment,7,inferior_vena_cava,2.6695141483537237e-11,2.6695141483537237e-11,0,3746,0,0.0
HCC_10140276_20170721.nii.gz,61,retrohepatic caval segment,7,inferior_vena_cava,0.4107254209226621,0.2584357834355628,1065,3746,988,0.0004299903100775194
HCC_10140276_20170721.nii.gz,62,right of the abdominal aorta,7,inferior_vena_cava,2.6695141483537237e-11,2.6695141483537237e-11,0,3746,0,0.0
HCC_10140276_20170721.nii.gz,63,inferior vena cava courses along the right anterolateral aspect of the vertebral column,7,inferior_vena_cava,0.028413575400462677,0.014411529249682106,55,3746,54,2.2206072351421187e-05
HCC_10140276_20170721.nii.gz,64,duodenum,8,duodenum,0.5474637403150374,0.37690194421622036,4392,8639,3567,0.0017732558139534884
HCC_10140276_20170721.nii.gz,65,duodenal C-loop,8,duodenum,0.5002028726811636,0.33351368900190975,3684,8639,3082,0.0014874031007751937
HCC_10140276_20170721.nii.gz,66,C-shaped proximal small bowel segment,8,duodenum,0.4165427996903336,0.2630590833874869,2798,8639,2382,0.0011296834625322998
HCC_10140276_20170721.nii.gz,67,retroperitoneal enteric loop encircling the pancreatic head,8,duodenum,0.027831641393545888,0.014112203597291933,128,8639,122,5.167958656330749e-05
HCC_10140276_20170721.nii.gz,68,right anterior pararenal compartment,8,duodenum,9.589566551499907e-12,9.589566551499907e-12,1789,8639,0,0.0007223029715762274
HCC_10140276_20170721.nii.gz,69,peripancreatic duodenal groove,8,duodenum,0.40328151986698374,0.2525689562006212,2941,8639,2335,0.0011874192506459947
HCC_10140276_20170721.nii.gz,70,between the pancreatic head and right renal hilum,8,duodenum,1.0808473843376475e-11,1.0808473843376475e-11,613,8639,0,0.0002474967700258398
HCC_10140276_20170721.nii.gz,71,duodenum curves around the pancreatic head in the right upper abdomen,8,duodenum,0.38555565923872764,0.238816321821306,2078,8639,2066,0.0008389857881136951
HCC_10140276_20170721.nii.gz,72,pancreas,9,pancreas,0.7632502133319273,0.6171419809903622,9236,11858,8050,0.003729005167958656
HCC_10140276_20170721.nii.gz,73,pancreatic parenchyma,9,pancreas,0.7640235786282372,0.6181538461567834,9178,11858,8036,0.0037055878552971575
HCC_10140276_20170721.nii.gz,74,lobulated transverse retroperitoneal gland,9,pancreas,8.43312531617108e-12,8.43312531617108e-12,0,11858,0,0.0
HCC_10140276_20170721.nii.gz,75,elongated soft-tissue organ across the epigastrium,9,pancreas,2.3239060212351004e-12,2.3239060212351004e-12,31173,11858,0,0.012585998062015503
HCC_10140276_20170721.nii.gz,76,anterior pararenal compartment,9,pancreas,8.43312531617108e-12,8.43312531617108e-12,0,11858,0,0.0
HCC_10140276_20170721.nii.gz,77,retrogastric pancreatic bed,9,pancreas,0.6600176614219521,0.4925569855830938,7393,11858,6353,0.0029848998708010338
HCC_10140276_20170721.nii.gz,78,from the duodenal C-loop toward the splenic hilum,9,pancreas,6.620324395851569e-12,6.620324395851569e-12,3247,11858,0,0.0013109657622739019
HCC_10140276_20170721.nii.gz,79,pancreas lies posterior to the stomach and extends transversely toward the spleen,9,pancreas,0.590983467812498,0.41942976133734233,5865,11858,5237,0.0023679748062015505
HCC_10140276_20170721.nii.gz,80,esophagus,10,esophagus,0.6257242178591842,0.4553119730491674,1034,1555,810,0.00041747416020671837
HCC_10140276_20170721.nii.gz,81,distal thoracic esophagus,10,esophagus,6.430868166789011e-11,6.430868166789011e-11,0,1555,0,0.0
HCC_10140276_20170721.nii.gz,82,small collapsed tubular foregut lumen,10,esophagus,6.430868166789011e-11,6.430868166789011e-11,0,1555,0,0.0
HCC_10140276_20170721.nii.gz,83,thin-walled structure at the esophageal hiatus,10,esophagus,0.456022944576672,0.295356037195334,537,1555,477,0.00021681201550387597
HCC_10140276_20170721.nii.gz,84,posterior mediastinal compartment,10,esophagus,0.05754758746978541,0.029626253462642377,704,1555,65,0.00028423772609819124
HCC_10140276_20170721.nii.gz,85,gastroesophageal junction region,10,esophagus,6.430868166789011e-11,6.430868166789011e-11,0,1555,0,0.0
HCC_10140276_20170721.nii.gz,86,posterior to the left atrium and anterior to the vertebral column,10,esophagus,6.430868166789011e-11,6.430868166789011e-11,0,1555,0,0.0
HCC_10140276_20170721.nii.gz,87,distal esophagus enters the abdomen through the diaphragmatic hiatus above the stomach,10,esophagus,0.05137844617472565,0.02636655954814363,41,1555,41,1.6553617571059432e-05
HCC_10142924_20170911.nii.gz,0,spleen,0,spleen,0.7199963576764099,0.5624955538171226,48543,83241,47442,0.01621615662756857
HCC_10142924_20170911.nii.gz,1,splenic parenchyma,0,spleen,0.7221321780755546,0.5651070992525395,48793,83241,47673,0.01629967102010492
HCC_10142924_20170911.nii.gz,2,homogeneous left upper quadrant solid organ,0,spleen,1.2013310748294694e-12,1.2013310748294694e-12,0,83241,0,0.0
HCC_10142924_20170911.nii.gz,3,crescentic organ with smooth lateral convexity,0,spleen,1.2013310748294694e-12,1.2013310748294694e-12,0,83241,0,0.0
HCC_10142924_20170911.nii.gz,4,left hypochondrial region,0,spleen,1.2013310748294694e-12,1.2013310748294694e-12,0,83241,0,0.0
HCC_10142924_20170911.nii.gz,5,left subphrenic compartment,0,spleen,1.2013310748294694e-12,1.2013310748294694e-12,0,83241,0,0.0
HCC_10142924_20170911.nii.gz,6,posterolateral to the gastric fundus,0,spleen,8.207485226519856e-13,8.207485226519856e-13,38599,83241,0,0.012894288150042626
HCC_10142924_20170911.nii.gz,7,spleen lies beneath the left hemidiaphragm along the left lateral abdominal wall,0,spleen,0.6115132826545425,0.4404170922312529,38045,83241,37084,0.012709220256182069
HCC_10142924_20170911.nii.gz,8,right kidney,1,right_kidney,0.9334505073102356,0.8752059925099865,17812,19739,17526,0.005950233439430018
HCC_10142924_20170911.nii.gz,9,right renal parenchyma,1,right_kidney,0.9371690129602226,0.8817667384451812,17838,19739,17608,0.005958918936253798
HCC_10142924_20170911.nii.gz,10,right-sided reniform retroperitoneal organ,1,right_kidney,0.8753170621727205,0.7782789555466433,15743,19739,15529,0.005259068326799167
HCC_10142924_20170911.nii.gz,11,right renal cortex with central renal sinus,1,right_kidney,0.7914489881709258,0.6548742919623628,13567,19739,13180,0.0045321590541627585
HCC_10142924_20170911.nii.gz,12,right renal fossa,1,right_kidney,0.9245033112584822,0.8596059113307549,17256,19739,17101,0.00576449743042917
HCC_10142924_20170911.nii.gz,13,right posterior pararenal region,1,right_kidney,5.066112771644632e-12,5.066112771644632e-12,0,19739,0,0.0
HCC_10142924_20170911.nii.gz,14,caudal to the right hepatic lobe,1,right_kidney,4.98802873102061e-12,4.98802873102061e-12,309,19739,0,0.00010322378917493125
HCC_10142924_20170911.nii.gz,15,right kidney is positioned in the right posterior retroperitoneum adjacent to the psoas muscle,1,right_kidney,0.7560998527899393,0.6078460996142023,12188,19739,12070,0.00407149366493224
HCC_10142924_20170911.nii.gz,16,left kidney,2,left_kidney,0.9226956018839396,0.85648550539467,16997,19314,16752,0.005677976519761509
HCC_10142924_20170911.nii.gz,17,left renal parenchyma,2,left_kidney,0.9222194630689451,0.8556653525172512,16929,19314,16712,0.0056552606049916215
HCC_10142924_20170911.nii.gz,18,left-sided bean-shaped retroperitoneal organ,2,left_kidney,0.696844717165621,0.5347365170876146,10509,19314,10391,0.003510611004658099
HCC_10142924_20170911.nii.gz,19,left renal cortex surrounding the collecting sinus,2,left_kidney,0.8582422387411216,0.7516850490208759,14991,19314,14721,0.00500785703404982
HCC_10142924_20170911.nii.gz,20,left renal fossa,2,left_kidney,0.9016615038020229,0.8209322598850267,16196,19314,16009,0.005410396406075037
HCC_10142924_20170911.nii.gz,21,left posterior pararenal region,2,left_kidney,5.177591384461129e-12,5.177591384461129e-12,0,19314,0,0.0
HCC_10142924_20170911.nii.gz,22,posteroinferior to the spleen,2,left_kidney,9.374268104010431e-05,4.6873539889158746e-05,2021,19314,1,0.0006751303492638708
HCC_10142924_20170911.nii.gz,23,left kidney is positioned in the left posterior retroperitoneum near the splenic hilum,2,left_kidney,0.6057325974733639,0.4344450686989405,8771,19314,8506,0.0029300189477453786
HCC_10142924_20170911.nii.gz,24,gallbladder,3,gallbladder,0.9036972088272417,0.8243135163979697,6419,7267,6184,0.0021443155427633776
HCC_10142924_20170911.nii.gz,25,cystic biliary reservoir,3,gallbladder,0.8859030175657866,0.7951758523137693,6055,7267,5901,0.002022718587230449
HCC_10142924_20170911.nii.gz,26,thin-walled pear-shaped fluid structure,3,gallbladder,1.3760836658679499e-11,1.3760836658679499e-11,0,7267,0,0.0
HCC_10142924_20170911.nii.gz,27,hypodense intraluminal bile-containing sac,3,gallbladder,0.8256204963985139,0.703026997549727,5223,7267,5156,0.001744782688869469
HCC_10142924_20170911.nii.gz,28,gallbladder fossa,3,gallbladder,0.8928332714452816,0.8064126643438904,6198,7267,6011,0.0020704888197612425
HCC_10142924_20170911.nii.gz,29,inferior hepatic surface,3,gallbladder,0.0003038066989373816,0.00015192642810826082,91480,7267,15,0.030559586516901976
HCC_10142924_20170911.nii.gz,30,adjacent to hepatic segment IVb and segment V,3,gallbladder,0.013850593145150043,0.006973590759947222,8328,7267,108,0.0027820314441709625
HCC_10142924_20170911.nii.gz,31,gallbladder lies along the undersurface of the liver near the porta hepatis,3,gallbladder,0.8519508284351229,0.7420856610835052,5830,7267,5579,0.001947555633947732
HCC_10142924_20170911.nii.gz,32,liver,4,liver,0.935319157592819,0.878497217511821,186226,207028,183909,0.06221020505789886
HCC_10142924_20170911.nii.gz,33,hepatic parenchyma,4,liver,0.9357169001769283,0.8791992472045401,186388,207028,184063,0.06226432238426242
HCC_10142924_20170911.nii.gz,34,large right-dominant solid visceral organ,4,liver,0.00011591962954012948,5.796317454641016e-05,12,207028,12,4.008690841744903e-06
HCC_10142924_20170911.nii.gz,35,homogeneous hepatic attenuation structure,4,liver,0.8989262217237332,0.8164087088978293,170983,207028,169902,0.057118165516172395
HCC_10142924_20170911.nii.gz,36,right hypochondrial region,4,liver,7.728124625665234e-05,3.8642116525282255e-05,8,207028,8,2.672460561163269e-06
HCC_10142924_20170911.nii.gz,37,right subdiaphragmatic compartment,4,liver,4.830264505281976e-13,4.830264505281976e-13,0,207028,0,0.0
HCC_10142924_20170911.nii.gz,38,cranial to the gallbladder and right kidney,4,liver,4.830264505281976e-13,4.830264505281976e-13,0,207028,0,0.0
HCC_10142924_20170911.nii.gz,39,liver occupies the right upper abdomen and extends into the epigastrium,4,liver,0.588137134372618,0.4165681729375816,86611,207028,86350,0.028933060207863983
HCC_10142924_20170911.nii.gz,40,stomach,5,stomach,0.8853820468106967,0.7943367898188581,56928,70949,56610,0.01901722935323782
HCC_10142924_20170911.nii.gz,41,gastric lumen,5,stomach,0.8396639644352775,0.7236386173483341,51419,70949,51374,0.017176906199306764
HCC_10142924_20170911.nii.gz,42,hollow foregut organ with variable distension,5,stomach,0.6218289887731422,0.45119871460662825,32015,70949,32013,0.010694853108205256
HCC_10142924_20170911.nii.gz,43,air-fluid containing gastric cavity,5,stomach,0.8471382547940444,0.7348133965906906,52280,70949,52196,0.01746452976720196
HCC_10142924_20170911.nii.gz,44,epigastric region,5,stomach,0.5664808756416188,0.3951679932388601,28087,70949,28051,0.009382674972674091
HCC_10142924_20170911.nii.gz,45,left upper intraperitoneal space,5,stomach,1.4094631354897045e-12,1.4094631354897045e-12,0,70949,0,0.0
HCC_10142924_20170911.nii.gz,46,medial to the spleen and ventral to the pancreas,5,stomach,1.4090460758046934e-12,1.4090460758046934e-12,21,70949,0,7.01520897305358e-06
HCC_10142924_20170911.nii.gz,47,stomach is seen below the left hemidiaphragm anterior to the pancreatic body,5,stomach,0.1730737056161786,0.09473491412838703,6752,70949,6724,0.0022555567136217985
HCC_10142924_20170911.nii.gz,48,aorta,6,aorta,0.9377630619005681,0.8828191039741883,8981,8838,8355,0.0030001710374759146
HCC_10142924_20170911.nii.gz,49,abdominal aorta,6,aorta,0.9122132960768878,0.8385957401280252,8340,8838,7835,0.0027860401350127077
HCC_10142924_20170911.nii.gz,50,thick-walled pulsatile arterial lumen,6,aorta,0.9400211689995295,0.8868301342517826,8168,8838,7993,0.0027285822329476974
HCC_10142924_20170911.nii.gz,51,round prevertebral arterial structure,6,aorta,1.1314777098763127e-11,1.1314777098763127e-11,0,8838,0,0.0
HCC_10142924_20170911.nii.gz,52,left para-aortic compartment,6,aorta,1.1314777098763127e-11,1.1314777098763127e-11,0,8838,0,0.0
HCC_10142924_20170911.nii.gz,53,anterior vertebral body margin,6,aorta,1.1314777098763127e-11,1.1314777098763127e-11,0,8838,0,0.0
HCC_10142924_20170911.nii.gz,54,left of the inferior vena cava,6,aorta,1.1314777098763127e-11,1.1314777098763127e-11,0,8838,0,0.0
HCC_10142924_20170911.nii.gz,55,abdominal aorta descends anterior to the spine on the left side of midline,6,aorta,1.1314777098763127e-11,1.1314777098763127e-11,0,8838,0,0.0
HCC_10142924_20170911.nii.gz,56,inferior vena cava,7,inferior_vena_cava,0.6593296648380969,0.49179104478876146,2915,3082,1977,0.000973777816973866
HCC_10142924_20170911.nii.gz,57,IVC,7,inferior_vena_cava,0.6558100084876028,0.4878849066257475,2813,3082,1933,0.0009397039448190344
HCC_10142924_20170911.nii.gz,58,thin-walled right-sided venous channel,7,inferior_vena_cava,0.05984440457630627,0.030845157340196015,260,3082,100,8.685496823780623e-05
HCC_10142924_20170911.nii.gz,59,oval paracaval vascular lumen,7,inferior_vena_cava,0.08273716954641565,0.04315379626725653,133,3082,133,4.442965682933934e-05
HCC_10142924_20170911.nii.gz,60,right paracaval compartment,7,inferior_vena_cava,3.244646333444366e-11,3.244646333444366e-11,0,3082,0,0.0
HCC_10142924_20170911.nii.gz,61,retrohepatic caval segment,7,inferior_vena_cava,0.029898218860372194,0.01517597678349448,62,3082,47,2.0711569349015334e-05
HCC_10142924_20170911.nii.gz,62,right of the abdominal aorta,7,inferior_vena_cava,3.244646333444366e-11,3.244646333444366e-11,0,3082,0,0.0
HCC_10142924_20170911.nii.gz,63,inferior vena cava courses along the right anterolateral aspect of the vertebral column,7,inferior_vena_cava,0.0006487188128235901,0.00032446466579089995,1,3082,1,3.340575701454086e-07
HCC_10142924_20170911.nii.gz,64,duodenum,8,duodenum,0.5735978447254992,0.4021291208859646,3994,8255,3513,0.0013342259351607618
HCC_10142924_20170911.nii.gz,65,duodenal C-loop,8,duodenum,0.5063180063223384,0.33897309365128686,3141,8255,2885,0.0010492748278267284
HCC_10142924_20170911.nii.gz,66,C-shaped proximal small bowel segment,8,duodenum,0.5229470722742838,0.3540476190553089,3119,8255,2974,0.0010419255612835294
HCC_10142924_20170911.nii.gz,67,retroperitoneal enteric loop encircling the pancreatic head,8,duodenum,1.211387038144017e-11,1.211387038144017e-11,0,8255,0,0.0
HCC_10142924_20170911.nii.gz,68,right anterior pararenal compartment,8,duodenum,1.2093360744804771e-11,1.2093360744804771e-11,14,8255,0,4.67680598203572e-06
HCC_10142924_20170911.nii.gz,69,peripancreatic duodenal groove,8,duodenum,0.08562555457979562,0.04472769410145159,761,8255,386,0.0002542178108806559
HCC_10142924_20170911.nii.gz,70,between the pancreatic head and right renal hilum,8,duodenum,1.211387038144017e-11,1.211387038144017e-11,0,8255,0,0.0
HCC_10142924_20170911.nii.gz,71,duodenum curves around the pancreatic head in the right upper abdomen,8,duodenum,0.46049538962700687,0.2991192014175088,2807,8255,2547,0.0009376995993981619
HCC_10142924_20170911.nii.gz,72,pancreas,9,pancreas,0.7820242752543785,0.6420688519219068,9267,10671,7796,0.0030957115025375013
HCC_10142924_20170911.nii.gz,73,pancreatic parenchyma,9,pancreas,0.7877075238442363,0.6497668997698154,9146,10671,7805,0.003055290536549907
HCC_10142924_20170911.nii.gz,74,lobulated transverse retroperitoneal gland,9,pancreas,9.371192952775079e-12,9.371192952775079e-12,0,10671,0,0.0
HCC_10142924_20170911.nii.gz,75,elongated soft-tissue organ across the epigastrium,9,pancreas,1.6302575806950924e-12,1.6302575806950924e-12,50669,10671,0,0.016926363021697706
HCC_10142924_20170911.nii.gz,76,anterior pararenal compartment,9,pancreas,9.371192952775079e-12,9.371192952775079e-12,0,10671,0,0.0
HCC_10142924_20170911.nii.gz,77,retrogastric pancreatic bed,9,pancreas,0.1902732323678341,0.10513920431402861,2468,10671,1250,0.0008244540831188684
HCC_10142924_20170911.nii.gz,78,from the duodenal C-loop toward the splenic hilum,9,pancreas,0.021913253747756437,0.011078004438757139,2563,10671,145,0.0008561895522826822
HCC_10142924_20170911.nii.gz,79,pancreas lies posterior to the stomach and extends transversely toward the spleen,9,pancreas,0.4459172511457054,0.2869327591976902,4870,10671,3465,0.0016268603666081398
HCC_10142924_20170911.nii.gz,80,esophagus,10,esophagus,0.291322314086192,0.1704957678857016,817,1119,282,0.00027292503480879884
HCC_10142924_20170911.nii.gz,81,distal thoracic esophagus,10,esophagus,8.936550490711657e-11,8.936550490711657e-11,0,1119,0,0.0
HCC_10142924_20170911.nii.gz,82,small collapsed tubular foregut lumen,10,esophagus,8.936550490711657e-11,8.936550490711657e-11,0,1119,0,0.0
HCC_10142924_20170911.nii.gz,83,thin-walled structure at the esophageal hiatus,10,esophagus,0.13831478544210532,0.07429547403293804,139,1119,87,4.643400225021179e-05
HCC_10142924_20170911.nii.gz,84,posterior mediastinal compartment,10,esophagus,8.424599830798264e-11,8.424599830798264e-11,68,1119,0,2.2715914769887784e-05
HCC_10142924_20170911.nii.gz,85,gastroesophageal junction region,10,esophagus,8.936550490711657e-11,8.936550490711657e-11,0,1119,0,0.0
HCC_10142924_20170911.nii.gz,86,posterior to the left atrium and anterior to the vertebral column,10,esophagus,8.936550490711657e-11,8.936550490711657e-11,0,1119,0,0.0
HCC_10142924_20170911.nii.gz,87,distal esophagus enters the abdomen through the diaphragmatic hiatus above the stomach,10,esophagus,0.012433392627670212,0.006255585432863665,7,1119,7,2.33840299101786e-06
HCC_10147777_20171222.nii.gz,0,spleen,0,spleen,0.9050279329611095,0.8265306122456175,20356,23678,19926,0.006730586740783798
HCC_10147777_20171222.nii.gz,1,splenic parenchyma,0,spleen,0.9064748201440965,0.8289473684217604,20524,23678,20034,0.006786134911959455
HCC_10147777_20171222.nii.gz,2,homogeneous left upper quadrant solid organ,0,spleen,4.223329673096446e-12,4.223329673096446e-12,0,23678,0,0.0
HCC_10147777_20171222.nii.gz,3,crescentic organ with smooth lateral convexity,0,spleen,4.223329673096446e-12,4.223329673096446e-12,0,23678,0,0.0
HCC_10147777_20171222.nii.gz,4,left hypochondrial region,0,spleen,4.223329673096446e-12,4.223329673096446e-12,0,23678,0,0.0
HCC_10147777_20171222.nii.gz,5,left subphrenic compartment,0,spleen,4.223329673096446e-12,4.223329673096446e-12,0,23678,0,0.0
HCC_10147777_20171222.nii.gz,6,posterolateral to the gastric fundus,0,spleen,1.7256553176038832e-12,1.7256553176038832e-12,34271,23678,0,0.011331496275958024
HCC_10147777_20171222.nii.gz,7,spleen lies beneath the left hemidiaphragm along the left lateral abdominal wall,0,spleen,0.894604854480859,0.8093077467434987,19787,23678,19442,0.006542450375313863
HCC_10147777_20171222.nii.gz,8,right kidney,1,right_kidney,0.9461013870836593,0.8977157531935605,27157,29004,26567,0.008979295741769778
HCC_10147777_20171222.nii.gz,9,right renal parenchyma,1,right_kidney,0.9444812223793733,0.8948028613082862,26887,29004,26394,0.008890021895237472
HCC_10147777_20171222.nii.gz,10,right-sided reniform retroperitoneal organ,1,right_kidney,0.9108730084786902,0.8363331508354902,24661,29004,24441,0.008154008627160014
HCC_10147777_20171222.nii.gz,11,right renal cortex with central renal sinus,1,right_kidney,0.8737951132035534,0.7758757961790874,24528,29004,23388,0.008110032991645953
HCC_10147777_20171222.nii.gz,12,right renal fossa,1,right_kidney,0.9255178492729442,0.8613617719446904,25452,29004,25200,0.008415547933112066
HCC_10147777_20171222.nii.gz,13,right posterior pararenal region,1,right_kidney,3.4478003033945393e-12,3.4478003033945393e-12,0,29004,0,0.0
HCC_10147777_20171222.nii.gz,14,caudal to the right hepatic lobe,1,right_kidney,3.44768143422359e-12,3.44768143422359e-12,1,29004,0,3.306438760455786e-07
HCC_10147777_20171222.nii.gz,15,right kidney is positioned in the right posterior retroperitoneum adjacent to the psoas muscle,1,right_kidney,0.6537827591897689,0.4856443220095328,19532,29004,15866,0.006458136186922241
HCC_10147777_20171222.nii.gz,16,left kidney,2,left_kidney,0.941045192486608,0.8886547242714885,31294,33230,30360,0.010347169456970336
HCC_10147777_20171222.nii.gz,17,left renal parenchyma,2,left_kidney,0.9416058394161491,0.889655172414117,31160,33230,30315,0.010302863177580229
HCC_10147777_20171222.nii.gz,18,left-sided bean-shaped retroperitoneal organ,2,left_kidney,0.8737429038291971,0.7757934727339263,26133,33230,25934,0.008640716412699105
HCC_10147777_20171222.nii.gz,19,left renal cortex surrounding the collecting sinus,2,left_kidney,0.8694957297686425,0.7691220216187992,26837,33230,26114,0.008873489701435193
HCC_10147777_20171222.nii.gz,20,left renal fossa,2,left_kidney,0.9310541671953396,0.8710021954551979,29834,33230,29358,0.009864429397943792
HCC_10147777_20171222.nii.gz,21,left posterior pararenal region,2,left_kidney,3.0093289196418615e-12,3.0093289196418615e-12,0,33230,0,0.0
HCC_10147777_20171222.nii.gz,22,posteroinferior to the spleen,2,left_kidney,0.000994239263675193,0.0004973668841413185,967,33230,17,0.0003197326281360745
HCC_10147777_20171222.nii.gz,23,left kidney is positioned in the left posterior retroperitoneum near the splenic hilum,2,left_kidney,0.803134953298137,0.6710321731860094,22656,33230,22442,0.007491067655688629
HCC_10147777_20171222.nii.gz,24,gallbladder,3,gallbladder,0.8533875762814366,0.7442685589589446,2812,3579,2727,0.000929770579440167
HCC_10147777_20171222.nii.gz,25,cystic biliary reservoir,3,gallbladder,0.8384361752262767,0.7218167072256876,2790,3579,2670,0.0009224964141671643
HCC_10147777_20171222.nii.gz,26,thin-walled pear-shaped fluid structure,3,gallbladder,2.7940765576196122e-11,2.7940765576196122e-11,0,3579,0,0.0
HCC_10147777_20171222.nii.gz,27,hypodense intraluminal bile-containing sac,3,gallbladder,0.780766644253854,0.6403750689564155,2369,3579,2322,0.0007832953423519757
HCC_10147777_20171222.nii.gz,28,gallbladder fossa,3,gallbladder,0.8405336721753409,0.7249315068568511,2717,3579,2646,0.000898359411215837
HCC_10147777_20171222.nii.gz,29,inferior hepatic surface,3,gallbladder,0.004573269759247784,0.00229187556287384,73390,3579,176,0.024265954062985012
HCC_10147777_20171222.nii.gz,30,adjacent to hepatic segment IVb and segment V,3,gallbladder,0.005773475989034243,0.002895095384828081,2310,3579,17,0.0007637873536652865
HCC_10147777_20171222.nii.gz,31,gallbladder lies along the undersurface of the liver near the porta hepatis,3,gallbladder,0.795454545457866,0.6603773584997202,2581,3579,2450,0.0008533918440736384
HCC_10147777_20171222.nii.gz,32,liver,4,liver,0.9471250311505406,0.8995607827827341,185125,204114,184329,0.06121044755293774
HCC_10147777_20171222.nii.gz,33,hepatic parenchyma,4,liver,0.9464972996860477,0.8984289260995818,185100,204114,184195,0.0612021814560366
HCC_10147777_20171222.nii.gz,34,large right-dominant solid visceral organ,4,liver,0.0005093894189039755,0.00025475959561801017,52,204114,52,1.7193481554370086e-05
HCC_10147777_20171222.nii.gz,35,homogeneous hepatic attenuation structure,4,liver,0.9003756315423209,0.8188029088562547,167793,204114,167428,0.05547972789331577
HCC_10147777_20171222.nii.gz,36,right hypochondrial region,4,liver,0.020847069775132426,0.010533329414439708,2150,204114,2150,0.000710884333497994
HCC_10147777_20171222.nii.gz,37,right subdiaphragmatic compartment,4,liver,4.899222983232458e-13,4.899222983232458e-13,0,204114,0,0.0
HCC_10147777_20171222.nii.gz,38,cranial to the gallbladder and right kidney,4,liver,4.899222983232458e-13,4.899222983232458e-13,0,204114,0,0.0
HCC_10147777_20171222.nii.gz,39,liver occupies the right upper abdomen and extends into the epigastrium,4,liver,0.8424354034451942,0.7277653497287014,148846,204114,148673,0.04921501837388019
HCC_10147777_20171222.nii.gz,40,stomach,5,stomach,0.7792968178226973,0.6383999232581438,56839,79797,53240,0.018793467270554642
HCC_10147777_20171222.nii.gz,41,gastric lumen,5,stomach,0.715881473172777,0.5574886260241947,48579,79797,45951,0.016062348854418162
HCC_10147777_20171222.nii.gz,42,hollow foregut organ with variable distension,5,stomach,0.28299409761953337,0.16481836039589626,13894,79797,13257,0.004593966013777269
HCC_10147777_20171222.nii.gz,43,air-fluid containing gastric cavity,5,stomach,0.7058805127365181,0.5454523478581671,48066,79797,45128,0.01589272854600678
HCC_10147777_20171222.nii.gz,44,epigastric region,5,stomach,0.38712275262297696,0.24001997253870927,19541,79797,19228,0.006461111981806651
HCC_10147777_20171222.nii.gz,45,left upper intraperitoneal space,5,stomach,1.253179944106604e-12,1.253179944106604e-12,0,79797,0,0.0
HCC_10147777_20171222.nii.gz,46,medial to the spleen and ventral to the pancreas,5,stomach,0.003997335111133187,0.002002670228180601,2758,79797,165,0.0009119158101337058
HCC_10147777_20171222.nii.gz,47,stomach is seen below the left hemidiaphragm anterior to the pancreatic body,5,stomach,0.06251929241474234,0.032268343200078105,4433,79797,2633,0.00146574430251005
HCC_10147777_20171222.nii.gz,48,aorta,6,aorta,0.9240034868059117,0.8587420827820096,13097,12141,11660,0.004330442844568943
HCC_10147777_20171222.nii.gz,49,abdominal aorta,6,aorta,0.7834641944953956,0.6440124416823949,9001,12141,8282,0.002976125528286253
HCC_10147777_20171222.nii.gz,50,thick-walled pulsatile arterial lumen,6,aorta,0.9241943563202363,0.859071860935441,11815,12141,11070,0.003906557395478511
HCC_10147777_20171222.nii.gz,51,round prevertebral arterial structure,6,aorta,8.23655382581141e-12,8.23655382581141e-12,0,12141,0,0.0
HCC_10147777_20171222.nii.gz,52,left para-aortic compartment,6,aorta,8.23655382581141e-12,8.23655382581141e-12,0,12141,0,0.0
HCC_10147777_20171222.nii.gz,53,anterior vertebral body margin,6,aorta,8.23655382581141e-12,8.23655382581141e-12,0,12141,0,0.0
HCC_10147777_20171222.nii.gz,54,left of the inferior vena cava,6,aorta,7.55800770911074e-12,7.55800770911074e-12,1090,12141,0,0.00036040182488968064
HCC_10147777_20171222.nii.gz,55,abdominal aorta descends anterior to the spine on the left side of midline,6,aorta,8.23655382581141e-12,8.23655382581141e-12,0,12141,0,0.0
HCC_10147777_20171222.nii.gz,56,inferior vena cava,7,inferior_vena_cava,0.8411555203811543,0.7258571233475501,6345,6290,5314,0.002097935393509196
HCC_10147777_20171222.nii.gz,57,IVC,7,inferior_vena_cava,0.8417990250051753,0.7268160217280812,6428,6290,5353,0.0021253788352209794
HCC_10147777_20171222.nii.gz,58,thin-walled right-sided venous channel,7,inferior_vena_cava,0.6442829546532584,0.4752340887572909,4581,6290,3502,0.0015146795961647956
HCC_10147777_20171222.nii.gz,59,oval paracaval vascular lumen,7,inferior_vena_cava,0.38227848102047746,0.23630672927642715,1610,6290,1510,0.0005323366404333816
HCC_10147777_20171222.nii.gz,60,right paracaval compartment,7,inferior_vena_cava,1.5898251192116083e-11,1.5898251192116083e-11,0,6290,0,0.0
HCC_10147777_20171222.nii.gz,61,retrohepatic caval segment,7,inferior_vena_cava,0.4445814326292124,0.2858275206200725,1821,6290,1803,0.0006021024982789987
HCC_10147777_20171222.nii.gz,62,right of the abdominal aorta,7,inferior_vena_cava,1.5898251192116083e-11,1.5898251192116083e-11,0,6290,0,0.0
HCC_10147777_20171222.nii.gz,63,inferior vena cava courses along the right anterolateral aspect of the vertebral column,7,inferior_vena_cava,0.3709615137164247,0.2277180783939994,1479,6290,1441,0.0004890222926714107
HCC_10147777_20171222.nii.gz,64,duodenum,8,duodenum,0.6695998323928375,0.5033070866193878,5030,9289,4794,0.0016631386965092604
HCC_10147777_20171222.nii.gz,65,duodenal C-loop,8,duodenum,0.616803278691329,0.4459259259317891,4375,9289,4214,0.0014465669576994064
HCC_10147777_20171222.nii.gz,66,C-shaped proximal small bowel segment,8,duodenum,0.5136855506085798,0.3456102783795973,3279,9289,3228,0.0010841812695534523
HCC_10147777_20171222.nii.gz,67,retroperitoneal enteric loop encircling the pancreatic head,8,duodenum,1.0756157900282282e-11,1.0756157900282282e-11,8,9289,0,2.645151008364629e-06
HCC_10147777_20171222.nii.gz,68,right anterior pararenal compartment,8,duodenum,1.0749220681385044e-11,1.0749220681385044e-11,14,9289,0,4.6290142646381006e-06
HCC_10147777_20171222.nii.gz,69,peripancreatic duodenal groove,8,duodenum,0.24629376990226196,0.14044186288621055,1706,9289,1354,0.0005640784525337571
HCC_10147777_20171222.nii.gz,70,between the pancreatic head and right renal hilum,8,duodenum,0.015611814356375401,0.007867318743271663,191,9289,74,6.315298032470551e-05
HCC_10147777_20171222.nii.gz,71,duodenum curves around the pancreatic head in the right upper abdomen,8,duodenum,0.520988622993166,0.35225464191668693,3456,9289,3320,0.0011427052356135197
HCC_10147777_20171222.nii.gz,72,pancreas,9,pancreas,0.8095238095244844,0.6800000000019047,14178,14046,11424,0.004687868874574213
HCC_10147777_20171222.nii.gz,73,pancreatic parenchyma,9,pancreas,0.807993422229264,0.6778430902130648,13927,14046,11301,0.004604877261686773
HCC_10147777_20171222.nii.gz,74,lobulated transverse retroperitoneal gland,9,pancreas,0.0036942313227927375,0.001850533814933448,30,14046,26,9.919316281367357e-06
HCC_10147777_20171222.nii.gz,75,elongated soft-tissue organ across the epigastrium,9,pancreas,1.5931177313978124e-12,1.5931177313978124e-12,48724,14046,0,0.01611029221644477
HCC_10147777_20171222.nii.gz,76,anterior pararenal compartment,9,pancreas,7.1194646162101695e-12,7.1194646162101695e-12,0,14046,0,0.0
HCC_10147777_20171222.nii.gz,77,retrogastric pancreatic bed,9,pancreas,0.7053228766907003,0.5447866993198558,9926,14046,8454,0.003281971113628413
HCC_10147777_20171222.nii.gz,78,from the duodenal C-loop toward the splenic hilum,9,pancreas,0.007652212493026216,0.003840801564131139,3988,14046,69,0.0013186077776697674
HCC_10147777_20171222.nii.gz,79,pancreas lies posterior to the stomach and extends transversely toward the spleen,9,pancreas,0.7556856925123112,0.6073109406253155,10885,14046,9420,0.003599058590756123
HCC_10147777_20171222.nii.gz,80,esophagus,10,esophagus,0.628224582715166,0.4579646017998913,1015,1621,828,0.0003356035341862623
HCC_10147777_20171222.nii.gz,81,distal thoracic esophagus,10,esophagus,6.169031461679887e-11,6.169031461679887e-11,0,1621,0,0.0
HCC_10147777_20171222.nii.gz,82,small collapsed tubular foregut lumen,10,esophagus,6.169031461679887e-11,6.169031461679887e-11,0,1621,0,0.0
HCC_10147777_20171222.nii.gz,83,thin-walled structure at the esophageal hiatus,10,esophagus,0.058682634786905226,0.03022825422392176,49,1621,49,1.620154992623335e-05
HCC_10147777_20171222.nii.gz,84,posterior mediastinal compartment,10,esophagus,0.004042445729962483,0.0020253165062265664,358,1621,4,0.00011837050762431714
HCC_10147777_20171222.nii.gz,85,gastroesophageal junction region,10,esophagus,6.169031461679887e-11,6.169031461679887e-11,0,1621,0,0.0
HCC_10147777_20171222.nii.gz,86,posterior to the left atrium and anterior to the vertebral column,10,esophagus,6.169031461679887e-11,6.169031461679887e-11,0,1621,0,0.0
HCC_10147777_20171222.nii.gz,87,distal esophagus enters the abdomen through the diaphragmatic hiatus above the stomach,10,esophagus,0.030229746128764827,0.015346838611703693,33,1621,25,1.0911247909504094e-05
HCC_PA0.nii.gz,0,spleen,0,spleen,0.9299385734806185,0.8690515800625412,232312,256402,227237,0.012129942304557459
HCC_PA0.nii.gz,1,splenic parenchyma,0,spleen,0.9322522978466499,0.8731016662143897,233622,256402,228413,0.012198342664499994
HCC_PA0.nii.gz,2,homogeneous left upper quadrant solid organ,0,spleen,3.900125584042285e-13,3.900125584042285e-13,0,256402,0,0.0
HCC_PA0.nii.gz,3,crescentic organ with smooth lateral convexity,0,spleen,3.900125584042285e-13,3.900125584042285e-13,0,256402,0,0.0
HCC_PA0.nii.gz,4,left hypochondrial region,0,spleen,3.900125584042285e-13,3.900125584042285e-13,0,256402,0,0.0
HCC_PA0.nii.gz,5,left subphrenic compartment,0,spleen,3.900125584042285e-13,3.900125584042285e-13,0,256402,0,0.0
HCC_PA0.nii.gz,6,posterolateral to the gastric fundus,0,spleen,0.0010209685826840134,0.0005107450188269382,27642,256402,145,0.0014432998088027191
HCC_PA0.nii.gz,7,spleen lies beneath the left hemidiaphragm along the left lateral abdominal wall,0,spleen,0.861138073950846,0.7561391370227722,197927,256402,195620,0.010334563391103965
HCC_PA0.nii.gz,8,right kidney,1,right_kidney,5.25486074591409e-11,5.25486074591409e-11,1903,0,0,9.936327096995783e-05
HCC_PA0.nii.gz,9,right renal parenchyma,1,right_kidney,1.9999999600000007e-08,1.9999999600000007e-08,5,0,0,2.6107007611654713e-07
HCC_PA0.nii.gz,10,right-sided reniform retroperitoneal organ,1,right_kidney,1.4947683106883755e-10,1.4947683106883755e-10,669,0,0,3.493117618439401e-05
HCC_PA0.nii.gz,11,right renal cortex with central renal sinus,1,right_kidney,1.0,1.0,0,0,0,0.0
HCC_PA0.nii.gz,12,right renal fossa,1,right_kidney,1.0,1.0,0,0,0,0.0
HCC_PA0.nii.gz,13,right posterior pararenal region,1,right_kidney,1.7636684300240443e-10,1.7636684300240443e-10,567,0,0,2.960534663161644e-05
HCC_PA0.nii.gz,14,caudal to the right hepatic lobe,1,right_kidney,1.7061934823117865e-11,1.7061934823117865e-11,5861,0,0,0.00030602634322381654
HCC_PA0.nii.gz,15,right kidney is positioned in the right posterior retroperitoneum adjacent to the psoas muscle,1,right_kidney,2.0824656392735847e-11,2.0824656392735847e-11,4802,0,0,0.00025073170110233187
HCC_PA0.nii.gz,16,left kidney,2,left_kidney,0.8080127493901514,0.6778702951540825,27242,22329,20027,0.0014224142027133952
HCC_PA0.nii.gz,17,left renal parenchyma,2,left_kidney,0.8132302786918789,0.6852469051840387,27224,22329,20149,0.0014214743504393757
HCC_PA0.nii.gz,18,left-sided bean-shaped retroperitoneal organ,2,left_kidney,0.8283397209227172,0.7069794339837822,24898,22329,19560,0.001300024551029958
HCC_PA0.nii.gz,19,left renal cortex surrounding the collecting sinus,2,left_kidney,0.6350806451622584,0.4652880354525955,15367,22329,11970,0.0008023727719365959
HCC_PA0.nii.gz,20,left renal fossa,2,left_kidney,0.8228950465393754,0.6990838362550023,24406,22329,19229,0.0012743352555400897
HCC_PA0.nii.gz,21,left posterior pararenal region,2,left_kidney,0.004022526150871447,0.0020153164091449892,45,22329,45,2.349630685048924e-06
HCC_PA0.nii.gz,22,posteroinferior to the spleen,2,left_kidney,3.6085450346290104e-12,3.6085450346290104e-12,5383,22329,0,0.00028106804394707464
HCC_PA0.nii.gz,23,left kidney is positioned in the left posterior retroperitoneum near the splenic hilum,2,left_kidney,0.546317017655465,0.3758157894753268,29952,22329,14281,0.001563914183968564
HCC_PA0.nii.gz,24,gallbladder,3,gallbladder,0.8542773299657251,0.7456231357808792,25074,28768,22998,0.0013092142177092605
HCC_PA0.nii.gz,25,cystic biliary reservoir,3,gallbladder,0.7742536935334814,0.6316590059864698,20575,28768,19102,0.0010743033632195913
HCC_PA0.nii.gz,26,thin-walled pear-shaped fluid structure,3,gallbladder,3.47608453836389e-12,3.47608453836389e-12,0,28768,0,0.0
HCC_PA0.nii.gz,27,hypodense intraluminal bile-containing sac,3,gallbladder,0.6529751535718965,0.4847536074071442,14860,28768,14244,0.000775900266218378
HCC_PA0.nii.gz,28,gallbladder fossa,3,gallbladder,0.8145522899496495,0.6871262924921967,22303,28768,20800,0.00116452918152547
HCC_PA0.nii.gz,29,inferior hepatic surface,3,gallbladder,0.006451946861283798,0.0032364140163613736,512154,28768,1745,0.026741616752678814
HCC_PA0.nii.gz,30,adjacent to hepatic segment IVb and segment V,3,gallbladder,0.009933593109571556,0.004991588762017066,7674,28768,181,0.0004006903528236765
HCC_PA0.nii.gz,31,gallbladder lies along the undersurface of the liver near the porta hepatis,3,gallbladder,0.8145407564015845,0.6871098781343932,22316,28768,20805,0.0011652079637233732
HCC_PA0.nii.gz,32,liver,4,liver,0.9588663884832522,0.9209830303013233,1329381,1389928,1303727,0.0694123197715783
HCC_PA0.nii.gz,33,hepatic parenchyma,4,liver,0.9600351236042486,0.923141872763515,1327333,1389928,1304333,0.06930538546840097
HCC_PA0.nii.gz,34,large right-dominant solid visceral organ,4,liver,0.0013904716028886877,0.0006957194905778792,967,1389928,967,5.049095272094021e-05
HCC_PA0.nii.gz,35,homogeneous hepatic attenuation structure,4,liver,0.9074489157733083,0.8305780195308743,1173143,1389928,1162928,0.061254506461118886
HCC_PA0.nii.gz,36,right hypochondrial region,4,liver,0.052380353876083884,0.02689454996020263,42212,1389928,37508,0.0022040580106063375
HCC_PA0.nii.gz,37,right subdiaphragmatic compartment,4,liver,7.194617275138915e-14,7.194617275138915e-14,0,1389928,0,0.0
HCC_PA0.nii.gz,38,cranial to the gallbladder and right kidney,4,liver,7.194617275138915e-14,7.194617275138915e-14,0,1389928,0,0.0
HCC_PA0.nii.gz,39,liver occupies the right upper abdomen and extends into the epigastrium,4,liver,0.6410933270308179,0.47177141726007454,662157,1389928,657789,0.0345738756782209
HCC_PA0.nii.gz,40,stomach,5,stomach,0.5291593630083417,0.3597666189661847,105032,190482,78187,0.005484142446934635
HCC_PA0.nii.gz,41,gastric lumen,5,stomach,0.4941870057306869,0.32818617425381863,82269,190482,67395,0.004295594818406443
HCC_PA0.nii.gz,42,hollow foregut organ with variable distension,5,stomach,0.24444208945218265,0.13923897809574493,26551,190482,26526,0.0013863343181940884
HCC_PA0.nii.gz,43,air-fluid containing gastric cavity,5,stomach,0.5187390594217081,0.35020099781975456,82584,190482,70825,0.0043120422332017854
HCC_PA0.nii.gz,44,epigastric region,5,stomach,0.3113511120950265,0.18437883347180958,35443,190482,35171,0.001850621341559756
HCC_PA0.nii.gz,45,left upper intraperitoneal space,5,stomach,5.249839879880907e-13,5.249839879880907e-13,0,190482,0,0.0
HCC_PA0.nii.gz,46,medial to the spleen and ventral to the pancreas,5,stomach,7.09331257694618e-05,3.546782105976051e-05,6887,190482,7,0.000359597922842932
HCC_PA0.nii.gz,47,stomach is seen below the left hemidiaphragm anterior to the pancreatic body,5,stomach,0.2062346109179065,0.11497301273264736,24768,190482,22196,0.0012932367290509278
HCC_PA0.nii.gz,48,aorta,6,aorta,0.9164784792208058,0.8458332037206492,63328,55348,54382,0.003306609156061739
HCC_PA0.nii.gz,49,abdominal aorta,6,aorta,0.7872002239263172,0.6490768216293289,44685,55348,39373,0.0023331832702535816
HCC_PA0.nii.gz,50,thick-walled pulsatile arterial lumen,6,aorta,0.9282665206089841,0.8661356003701248,59675,55348,53386,0.00311587135845099
HCC_PA0.nii.gz,51,round prevertebral arterial structure,6,aorta,1.8067500180642357e-12,1.8067500180642357e-12,0,55348,0,0.0
HCC_PA0.nii.gz,52,left para-aortic compartment,6,aorta,1.8067500180642357e-12,1.8067500180642357e-12,0,55348,0,0.0
HCC_PA0.nii.gz,53,anterior vertebral body margin,6,aorta,1.8067500180642357e-12,1.8067500180642357e-12,0,55348,0,0.0
HCC_PA0.nii.gz,54,left of the inferior vena cava,6,aorta,1.6063482884333182e-12,1.6063482884333182e-12,6905,55348,0,0.00036053777511695155
HCC_PA0.nii.gz,55,abdominal aorta descends anterior to the spine on the left side of midline,6,aorta,0.03214418761591573,0.016334625441239817,1023,55348,906,5.341493757344554e-05
HCC_PA0.nii.gz,56,inferior vena cava,7,inferior_vena_cava,0.7982688858920154,0.6642658049883716,36206,31265,26930,0.001890460635175141
HCC_PA0.nii.gz,57,IVC,7,inferior_vena_cava,0.7994819192809405,0.6659474206357492,35906,31265,26851,0.001874796430608148
HCC_PA0.nii.gz,58,thin-walled right-sided venous channel,7,inferior_vena_cava,0.7062765609682367,0.5459254579925903,17679,31265,17284,0.0009230915751328873
HCC_PA0.nii.gz,59,oval paracaval vascular lumen,7,inferior_vena_cava,0.537297373161944,0.36733192605588394,11486,31265,11485,0.000599730178854932
HCC_PA0.nii.gz,60,right paracaval compartment,7,inferior_vena_cava,3.198464736916045e-12,3.198464736916045e-12,0,31265,0,0.0
HCC_PA0.nii.gz,61,retrohepatic caval segment,7,inferior_vena_cava,0.4986409804027022,0.3321264094034235,10677,31265,10457,0.0005574890405392747
HCC_PA0.nii.gz,62,right of the abdominal aorta,7,inferior_vena_cava,3.1806615775980257e-12,3.1806615775980257e-12,175,31265,0,9.137452664079149e-06
HCC_PA0.nii.gz,63,inferior vena cava courses along the right anterolateral aspect of the vertebral column,7,inferior_vena_cava,0.7508915902907718,0.601142050165471,20889,31265,19581,0.0010906985639997106
HCC_PA0.nii.gz,64,duodenum,8,duodenum,0.6202747864840397,0.449564000431802,34495,32830,20880,0.0018011224551280586
HCC_PA0.nii.gz,65,duodenal C-loop,8,duodenum,0.6050670169170556,0.43376063528205616,30363,32830,19118,0.001585374144225344
HCC_PA0.nii.gz,66,C-shaped proximal small bowel segment,8,duodenum,0.5116125558053892,0.3437361406144961,24737,32830,14726,0.0012916180945790052
HCC_PA0.nii.gz,67,retroperitoneal enteric loop encircling the pancreatic head,8,duodenum,0.001612051477246138,0.0008066759415832916,3149,32830,29,0.00016442193393820137
HCC_PA0.nii.gz,68,right anterior pararenal compartment,8,duodenum,3.0459945172005906e-12,3.0459945172005906e-12,0,32830,0,0.0
HCC_PA0.nii.gz,69,peripancreatic duodenal groove,8,duodenum,0.011406206320907447,0.005735815107108654,2940,32830,204,0.0001535092047565297
HCC_PA0.nii.gz,70,between the pancreatic head and right renal hilum,8,duodenum,2.77000637100698e-12,2.77000637100698e-12,3271,32830,0,0.00017079204379544512
HCC_PA0.nii.gz,71,duodenum curves around the pancreatic head in the right upper abdomen,8,duodenum,0.40607136670837074,0.254761322576535,13354,32830,9377,0.000697265959292074
HCC_PA0.nii.gz,72,pancreas,9,pancreas,0.8093972971612203,0.6798214847249948,61421,77470,56209,0.003207037029030888
HCC_PA0.nii.gz,73,pancreatic parenchyma,9,pancreas,0.810635163629148,0.6815698083885645,61014,77470,56130,0.003185785924835001
HCC_PA0.nii.gz,74,lobulated transverse retroperitoneal gland,9,pancreas,0.05574029689794865,0.028669162257611115,2221,77470,2221,0.00011596732781097023
HCC_PA0.nii.gz,75,elongated soft-tissue organ across the epigastrium,9,pancreas,6.775434982921313e-13,6.775434982921313e-13,70122,77470,0,0.003661351175488903
HCC_PA0.nii.gz,76,anterior pararenal compartment,9,pancreas,1.2908222537739888e-12,1.2908222537739888e-12,0,77470,0,0.0
HCC_PA0.nii.gz,77,retrogastric pancreatic bed,9,pancreas,0.5128107366178198,0.3448187458348141,27442,77470,26900,0.001432857005758057
HCC_PA0.nii.gz,78,from the duodenal C-loop toward the splenic hilum,9,pancreas,0.03835107835212847,0.019550429197586757,14105,77470,1756,0.0007364786847247794
HCC_PA0.nii.gz,79,pancreas lies posterior to the stomach and extends transversely toward the spleen,9,pancreas,0.5341811277436003,0.3644250581396002,35765,77470,30244,0.0018674342544616614
HCC_PA0.nii.gz,80,esophagus,10,esophagus,0.5594930376071062,0.3884000926175712,10173,13813,6710,0.0005311731768667268
HCC_PA0.nii.gz,81,distal thoracic esophagus,10,esophagus,7.239556939062914e-12,7.239556939062914e-12,0,13813,0,0.0
HCC_PA0.nii.gz,82,small collapsed tubular foregut lumen,10,esophagus,7.239556939062914e-12,7.239556939062914e-12,0,13813,0,0.0
HCC_PA0.nii.gz,83,thin-walled structure at the esophageal hiatus,10,esophagus,0.09152658662715933,0.04795800978539,762,13813,667,3.978707960016178e-05
HCC_PA0.nii.gz,84,posterior mediastinal compartment,10,esophagus,7.239556939062914e-12,7.239556939062914e-12,0,13813,0,0.0
HCC_PA0.nii.gz,85,gastroesophageal junction region,10,esophagus,7.239556939062914e-12,7.239556939062914e-12,0,13813,0,0.0
HCC_PA0.nii.gz,86,posterior to the left atrium and anterior to the vertebral column,10,esophagus,7.239556939062914e-12,7.239556939062914e-12,0,13813,0,0.0
HCC_PA0.nii.gz,87,distal esophagus enters the abdomen through the diaphragmatic hiatus above the stomach,10,esophagus,0.17913455839253623,0.09837880070904109,3057,13813,1511,0.0001596182445376569
HCC_PA4.nii.gz,0,spleen,0,spleen,0.8910160436133171,0.8034526004474146,346792,423982,343386,0.02086206595765288
HCC_PA4.nii.gz,1,splenic parenchyma,0,spleen,0.8926219402079648,0.8060679298410732,345719,423982,343526,0.020797517188440896
HCC_PA4.nii.gz,2,homogeneous left upper quadrant solid organ,0,spleen,2.358106817522064e-13,2.358106817522064e-13,87,423982,0,5.233683990160674e-06
HCC_PA4.nii.gz,3,crescentic organ with smooth lateral convexity,0,spleen,2.358590694887434e-13,2.358590694887434e-13,0,423982,0,0.0
HCC_PA4.nii.gz,4,left hypochondrial region,0,spleen,2.33440871761537e-13,2.33440871761537e-13,4392,423982,0,0.0002642108055722492
HCC_PA4.nii.gz,5,left subphrenic compartment,0,spleen,2.358590694887434e-13,2.358590694887434e-13,0,423982,0,0.0
HCC_PA4.nii.gz,6,posterolateral to the gastric fundus,0,spleen,2.0257349366346008e-13,2.0257349366346008e-13,69666,423982,0,0.004190917573086592
HCC_PA4.nii.gz,7,spleen lies beneath the left hemidiaphragm along the left lateral abdominal wall,0,spleen,0.6628631535980308,0.4957332193647743,212973,423982,211107,0.0128118779360516
HCC_PA4.nii.gz,8,right kidney,1,right_kidney,0.9581397397221291,0.9196432345606801,87906,93746,87024,0.005288186492403037
HCC_PA4.nii.gz,9,right renal parenchyma,1,right_kidney,0.9568007790023697,0.9171793457508621,86998,93746,86468,0.005233563675586188
HCC_PA4.nii.gz,10,right-sided reniform retroperitoneal organ,1,right_kidney,0.8968237638663331,0.812946956698022,76361,93746,76278,0.004593670611179991
HCC_PA4.nii.gz,11,right renal cortex with central renal sinus,1,right_kidney,0.8072988524018138,0.6768659978467575,63539,93746,63488,0.0038223338741473455
HCC_PA4.nii.gz,12,right renal fossa,1,right_kidney,0.9276599147730932,0.8650799569586897,81316,93746,81199,0.004891749969470177
HCC_PA4.nii.gz,13,right posterior pararenal region,1,right_kidney,1.06671217971853e-12,1.06671217971853e-12,0,93746,0,0.0
HCC_PA4.nii.gz,14,caudal to the right hepatic lobe,1,right_kidney,1.0375058359692509e-12,1.0375058359692509e-12,2639,93746,0,0.00015875508103487378
HCC_PA4.nii.gz,15,right kidney is positioned in the right posterior retroperitoneum adjacent to the psoas muscle,1,right_kidney,0.7122749680734711,0.5531265995568663,51900,93746,51870,0.0031221632079234366
HCC_PA4.nii.gz,16,left kidney,2,left_kidney,0.954025631591892,0.9120927437676245,62860,67604,62233,0.003781487076109195
HCC_PA4.nii.gz,17,left renal parenchyma,2,left_kidney,0.9481454057431503,0.9014034933346512,62047,67604,61464,0.003732579201580452
HCC_PA4.nii.gz,18,left-sided bean-shaped retroperitoneal organ,2,left_kidney,0.919873626722614,0.8516351877712183,58372,67604,57941,0.003511501170961596
HCC_PA4.nii.gz,19,left renal cortex surrounding the collecting sinus,2,left_kidney,0.8966207311716833,0.812613356533299,55322,67604,55109,0.0033280214448697565
HCC_PA4.nii.gz,20,left renal fossa,2,left_kidney,0.9254825427803623,0.8613006113229655,58447,67604,58329,0.003516012967504838
HCC_PA4.nii.gz,21,left posterior pararenal region,2,left_kidney,0.00038451868760757725,0.00019229631530650213,13,67604,13,7.820447341619398e-07
HCC_PA4.nii.gz,22,posteroinferior to the spleen,2,left_kidney,1.2243049008910193e-12,1.2243049008910193e-12,14075,67604,0,0.0008467138179484079
HCC_PA4.nii.gz,23,left kidney is positioned in the left posterior retroperitoneum near the splenic hilum,2,left_kidney,0.52501010438912,0.355941492176888,75898,67604,37670,0.0045658177871863775
HCC_PA4.nii.gz,24,gallbladder,3,gallbladder,0.3386756118782789,0.20385880945407595,11825,52567,10904,0.0007113599216511491
HCC_PA4.nii.gz,25,cystic biliary reservoir,3,gallbladder,0.13037010802349855,0.06973043626689324,3903,52567,3681,0.0002347938921103116
HCC_PA4.nii.gz,26,thin-walled pear-shaped fluid structure,3,gallbladder,1.9023341640156328e-12,1.9023341640156328e-12,0,52567,0,0.0
HCC_PA4.nii.gz,27,hypodense intraluminal bile-containing sac,3,gallbladder,1.9023341640156328e-12,1.9023341640156328e-12,0,52567,0,0.0
HCC_PA4.nii.gz,28,gallbladder fossa,3,gallbladder,0.28225130552626804,0.1643146674689155,9477,52567,8756,0.0005701106112040541
HCC_PA4.nii.gz,29,inferior hepatic surface,3,gallbladder,0.0002706608723960967,0.00013534875313150145,339067,52567,53,0.02039735091369896
HCC_PA4.nii.gz,30,adjacent to hepatic segment IVb and segment V,3,gallbladder,1.8299601068663213e-12,1.8299601068663213e-12,2079,52567,0,0.00012506700017866714
HCC_PA4.nii.gz,31,gallbladder lies along the undersurface of the liver near the porta hepatis,3,gallbladder,0.23164529522730715,0.13099481376872985,7404,52567,6946,0.00044540455474884635
HCC_PA4.nii.gz,32,liver,4,liver,0.9398297751068817,0.8864895023831059,1344506,1441573,1309220,0.080881833642241
HCC_PA4.nii.gz,33,hepatic parenchyma,4,liver,0.9375576478902115,0.8824550772363526,1326308,1441573,1297524,0.07978709132898877
HCC_PA4.nii.gz,34,large right-dominant solid visceral organ,4,liver,6.936866880830389e-14,6.936866880830389e-14,0,1441573,0,0.0
HCC_PA4.nii.gz,35,homogeneous hepatic attenuation structure,4,liver,0.7670641016429102,0.6221443488384544,910426,1441573,902067,0.0547687583957014
HCC_PA4.nii.gz,36,right hypochondrial region,4,liver,0.03321455269359952,0.016887735639469596,27241,1441573,24393,0.0016387446617927232
HCC_PA4.nii.gz,37,right subdiaphragmatic compartment,4,liver,6.936857256819316e-14,6.936857256819316e-14,2,1441573,0,1.2031457448645228e-07
HCC_PA4.nii.gz,38,cranial to the gallbladder and right kidney,4,liver,6.936866880830389e-14,6.936866880830389e-14,0,1441573,0,0.0
HCC_PA4.nii.gz,39,liver occupies the right upper abdomen and extends into the epigastrium,4,liver,0.6932166821359194,0.5304756134084982,766034,1441573,765175,0.046082527376077494
HCC_PA4.nii.gz,40,stomach,5,stomach,0.7409056020866188,0.588443252002848,196709,218904,153965,0.01183347981632777
HCC_PA4.nii.gz,41,gastric lumen,5,stomach,0.728129841111625,0.5724875578086764,156139,218904,136540,0.009392898672870086
HCC_PA4.nii.gz,42,hollow foregut organ with variable distension,5,stomach,0.2686037292270282,0.1551370612040448,34607,218904,34047,0.002081863239626327
HCC_PA4.nii.gz,43,air-fluid containing gastric cavity,5,stomach,0.7061275689237403,0.5457474415282944,150998,218904,130599,0.00908363005915266
HCC_PA4.nii.gz,44,epigastric region,5,stomach,0.30582937858797044,0.18051864122952901,40489,218904,39665,0.002435708403190983
HCC_PA4.nii.gz,45,left upper intraperitoneal space,5,stomach,4.533625903322906e-13,4.533625903322906e-13,1670,218904,0,0.00010046266969618765
HCC_PA4.nii.gz,46,medial to the spleen and ventral to the pancreas,5,stomach,4.56821254979143e-13,4.56821254979143e-13,0,218904,0,0.0
HCC_PA4.nii.gz,47,stomach is seen below the left hemidiaphragm anterior to the pancreatic body,5,stomach,0.2345104045387564,0.13283023878587522,37042,218904,30011,0.0022283462340635827
HCC_PA4.nii.gz,48,aorta,6,aorta,0.8845778649370095,0.7930431332952376,53136,46299,43979,0.0031965176149560642
HCC_PA4.nii.gz,49,abdominal aorta,6,aorta,0.19394668892971337,0.10738702326373266,5210,46299,4995,0.0003134194665372082
HCC_PA4.nii.gz,50,thick-walled pulsatile arterial lumen,6,aorta,0.885019318764976,0.7937530521021116,49204,46299,42261,0.002959979161515699
HCC_PA4.nii.gz,51,round prevertebral arterial structure,6,aorta,2.159873863361714e-12,2.159873863361714e-12,0,46299,0,0.0
HCC_PA4.nii.gz,52,left para-aortic compartment,6,aorta,2.159873863361714e-12,2.159873863361714e-12,0,46299,0,0.0
HCC_PA4.nii.gz,53,anterior vertebral body margin,6,aorta,2.159873863361714e-12,2.159873863361714e-12,0,46299,0,0.0
HCC_PA4.nii.gz,54,left of the inferior vena cava,6,aorta,1.846312913109105e-12,1.846312913109105e-12,7863,46299,0,0.00047301674959348715
HCC_PA4.nii.gz,55,abdominal aorta descends anterior to the spine on the left side of midline,6,aorta,0.060165497016737894,0.031015788680034094,1436,46299,1436,8.638586448127273e-05
HCC_PA4.nii.gz,56,inferior vena cava,7,inferior_vena_cava,0.8502149649049131,0.7394555842648214,50602,44995,40639,0.003044079049081729
HCC_PA4.nii.gz,57,IVC,7,inferior_vena_cava,0.8465852025445194,0.733981568827128,50589,44995,40460,0.003043297004347567
HCC_PA4.nii.gz,58,thin-walled right-sided venous channel,7,inferior_vena_cava,0.5910185445795556,0.4194650982145834,18959,44995,18899,0.0011405220088443243
HCC_PA4.nii.gz,59,oval paracaval vascular lumen,7,inferior_vena_cava,0.4296353140216097,0.2735895157723821,12342,44995,12317,0.000742461239155897
HCC_PA4.nii.gz,60,right paracaval compartment,7,inferior_vena_cava,2.2224691632354204e-12,2.2224691632354204e-12,0,44995,0,0.0
HCC_PA4.nii.gz,61,retrohepatic caval segment,7,inferior_vena_cava,0.30191952332597594,0.17780047970334503,8039,44995,8006,0.0004836044321482949
HCC_PA4.nii.gz,62,right of the abdominal aorta,7,inferior_vena_cava,2.193559708690459e-12,2.193559708690459e-12,593,44995,0,3.56732713352331e-05
HCC_PA4.nii.gz,63,inferior vena cava courses along the right anterolateral aspect of the vertebral column,7,inferior_vena_cava,0.6984172455780299,0.5365907340166467,24820,44995,24380,0.0014931038693768728
HCC_PA4.nii.gz,64,duodenum,8,duodenum,0.5697546963004692,0.39836152220032145,23306,29608,15074,0.0014020257364906284
HCC_PA4.nii.gz,65,duodenal C-loop,8,duodenum,0.5748328510137215,0.4033441631206494,20497,29608,14401,0.0012330439166244062
HCC_PA4.nii.gz,66,C-shaped proximal small bowel segment,8,duodenum,0.26286715886954143,0.15132242776593388,8046,29608,4949,0.0004840255331589975
HCC_PA4.nii.gz,67,retroperitoneal enteric loop encircling the pancreatic head,8,duodenum,3.3341112926238315e-12,3.3341112926238315e-12,385,29608,0,2.3160555588642064e-05
HCC_PA4.nii.gz,68,right anterior pararenal compartment,8,duodenum,3.377465549839984e-12,3.377465549839984e-12,0,29608,0,0.0
HCC_PA4.nii.gz,69,peripancreatic duodenal groove,8,duodenum,3.2543608435197394e-12,3.2543608435197394e-12,1120,29608,0,6.737616171241328e-05
HCC_PA4.nii.gz,70,between the pancreatic head and right renal hilum,8,duodenum,3.3719989209489746e-12,3.3719989209489746e-12,48,29608,0,2.8875497876748546e-06
HCC_PA4.nii.gz,71,duodenum curves around the pancreatic head in the right upper abdomen,8,duodenum,0.3258915473064845,0.19466573195081682,7883,29608,6109,0.00047421989533835164
HCC_PA4.nii.gz,72,pancreas,9,pancreas,0.8098311368912988,0.6804338123719714,89785,98474,76229,0.005401222035133059
HCC_PA4.nii.gz,73,pancreatic parenchyma,9,pancreas,0.8174545914149902,0.691266978401522,91413,98474,77612,0.005499158098765031
HCC_PA4.nii.gz,74,lobulated transverse retroperitoneal gland,9,pancreas,0.0012989648883688868,0.0006499045462847293,66,98474,64,3.970380958052925e-06
HCC_PA4.nii.gz,75,elongated soft-tissue organ across the epigastrium,9,pancreas,3.8066669965763573e-13,3.8066669965763573e-13,164223,98474,0,0.009879210182944326
HCC_PA4.nii.gz,76,anterior pararenal compartment,9,pancreas,1.0154964762261962e-12,1.0154964762261962e-12,0,98474,0,0.0
HCC_PA4.nii.gz,77,retrogastric pancreatic bed,9,pancreas,0.23193807850829135,0.1311821015371343,13668,98474,13005,0.0008222298020404148
HCC_PA4.nii.gz,78,from the duodenal C-loop toward the splenic hilum,9,pancreas,0.01116793960412376,0.005615325611189726,3783,98474,571,0.00022757501764112447
HCC_PA4.nii.gz,79,pancreas lies posterior to the stomach and extends transversely toward the spleen,9,pancreas,0.49250888122366526,0.32670765027388105,37487,98474,33481,0.002255116226886818
HCC_PA4.nii.gz,80,esophagus,10,esophagus,0.5910567074708574,0.4195035461022315,9179,18842,8281,0.0005521837396055727
HCC_PA4.nii.gz,81,distal thoracic esophagus,10,esophagus,0.006664903469946231,0.0033435941035805986,63,18842,63,3.7899090963232467e-06
HCC_PA4.nii.gz,82,small collapsed tubular foregut lumen,10,esophagus,5.3072922194814385e-12,5.3072922194814385e-12,0,18842,0,0.0
HCC_PA4.nii.gz,83,thin-walled structure at the esophageal hiatus,10,esophagus,0.0012729394345959853,0.0006368750716450648,12,18842,12,7.218874469187137e-07
HCC_PA4.nii.gz,84,posterior mediastinal compartment,10,esophagus,5.3072922194814385e-12,5.3072922194814385e-12,0,18842,0,0.0
HCC_PA4.nii.gz,85,gastroesophageal junction region,10,esophagus,5.3072922194814385e-12,5.3072922194814385e-12,0,18842,0,0.0
HCC_PA4.nii.gz,86,posterior to the left atrium and anterior to the vertebral column,10,esophagus,5.3072922194814385e-12,5.3072922194814385e-12,0,18842,0,0.0
HCC_PA4.nii.gz,87,distal esophagus enters the abdomen through the diaphragmatic hiatus above the stomach,10,esophagus,0.1515671751648032,0.08199766479629553,1545,18842,1545,9.294300879078438e-05
HEM_PA101.nii.gz,0,spleen,0,spleen,0.9420431467219009,0.8904362628807286,49302,55086,49169,0.005144628099173554
HEM_PA101.nii.gz,1,splenic parenchyma,0,spleen,0.9464469618950048,0.8983382209190501,49782,55086,49626,0.005194715752566992
HEM_PA101.nii.gz,2,homogeneous left upper quadrant solid organ,0,spleen,1.81534328141122e-12,1.81534328141122e-12,0,55086,0,0.0
HEM_PA101.nii.gz,3,crescentic organ with smooth lateral convexity,0,spleen,1.81534328141122e-12,1.81534328141122e-12,0,55086,0,0.0
HEM_PA101.nii.gz,4,left hypochondrial region,0,spleen,1.81534328141122e-12,1.81534328141122e-12,0,55086,0,0.0
HEM_PA101.nii.gz,5,left subphrenic compartment,0,spleen,1.81534328141122e-12,1.81534328141122e-12,0,55086,0,0.0
HEM_PA101.nii.gz,6,posterolateral to the gastric fundus,0,spleen,7.729468599027842e-13,7.729468599027842e-13,74289,55086,0,0.007752003506135738
HEM_PA101.nii.gz,7,spleen lies beneath the left hemidiaphragm along the left lateral abdominal wall,0,spleen,0.9445065390384466,0.8948483093188494,49593,55086,49435,0.005174993739043326
HEM_PA101.nii.gz,8,right kidney,1,right_kidney,0.9662746197027978,0.9347498263272256,57505,56682,55168,0.006000605225811837
HEM_PA101.nii.gz,9,right renal parenchyma,1,right_kidney,0.967839169406256,0.937682520707134,56779,56682,54906,0.005924847650054262
HEM_PA101.nii.gz,10,right-sided reniform retroperitoneal organ,1,right_kidney,0.9339205414677726,0.8760327703468785,51173,56682,50364,0.005339865598130061
HEM_PA101.nii.gz,11,right renal cortex with central renal sinus,1,right_kidney,0.903830309069053,0.8245350300660318,47696,56682,47170,0.00497704315886134
HEM_PA101.nii.gz,12,right renal fossa,1,right_kidney,0.952537242674587,0.9093757615849505,53004,56682,52240,0.005530929125970448
HEM_PA101.nii.gz,13,right posterior pararenal region,1,right_kidney,1.76422850287258e-12,1.76422850287258e-12,0,56682,0,0.0
HEM_PA101.nii.gz,14,caudal to the right hepatic lobe,1,right_kidney,1.7454139249092464e-12,1.7454139249092464e-12,611,56682,0,6.375740879873112e-05
HEM_PA101.nii.gz,15,right kidney is positioned in the right posterior retroperitoneum adjacent to the psoas muscle,1,right_kidney,0.6813980960326114,0.5167580101188927,29664,56682,29418,0.0030954169797145
HEM_PA101.nii.gz,16,left kidney,2,left_kidney,0.970204484597977,0.9421331420532153,70256,70537,68299,0.007331162868352951
HEM_PA101.nii.gz,17,left renal parenchyma,2,left_kidney,0.9701009494824141,0.9419379006077556,69434,70537,67893,0.0072453877619166876
HEM_PA101.nii.gz,18,left-sided bean-shaped retroperitoneal organ,2,left_kidney,0.8836263944035706,0.7915149462277479,56399,70537,56082,0.005885194924451123
HEM_PA101.nii.gz,19,left renal cortex surrounding the collecting sinus,2,left_kidney,0.8961928835310937,0.8119107678868507,58038,70537,57614,0.006056223390934134
HEM_PA101.nii.gz,20,left renal fossa,2,left_kidney,0.9515593895156296,0.9075949367089907,65093,70537,64530,0.006792407546539778
HEM_PA101.nii.gz,21,left posterior pararenal region,2,left_kidney,5.670622067217184e-05,2.835391496657307e-05,2,70537,2,2.086985558059938e-07
HEM_PA101.nii.gz,22,posteroinferior to the spleen,2,left_kidney,1.238006809035917e-12,1.238006809035917e-12,10238,70537,0,0.0010683279071708825
HEM_PA101.nii.gz,23,left kidney is positioned in the left posterior retroperitoneum near the splenic hilum,2,left_kidney,0.6931539550508498,0.5304021523654342,37540,70537,37457,0.003917271892478504
HEM_PA101.nii.gz,24,gallbladder,3,gallbladder,0.8604559888683753,0.7550879829685322,13011,15016,12058,0.001357688454795893
HEM_PA101.nii.gz,25,cystic biliary reservoir,3,gallbladder,0.7784756798170108,0.6372985514539581,11094,15016,10163,0.0011576508890558477
HEM_PA101.nii.gz,26,thin-walled pear-shaped fluid structure,3,gallbladder,6.659563132614147e-12,6.659563132614147e-12,0,15016,0,0.0
HEM_PA101.nii.gz,27,hypodense intraluminal bile-containing sac,3,gallbladder,0.6064748201456543,0.4352090862194423,7224,15016,6744,0.0007538191835712496
HEM_PA101.nii.gz,28,gallbladder fossa,3,gallbladder,0.799695817491256,0.6662442980254293,11284,15016,10516,0.0011774772518574172
HEM_PA101.nii.gz,29,inferior hepatic surface,3,gallbladder,0.00314570325592015,0.0015753293876494324,152832,15016,264,0.015947908840470825
HEM_PA101.nii.gz,30,adjacent to hepatic segment IVb and segment V,3,gallbladder,5.742176284778971e-12,5.742176284778971e-12,2399,15016,0,0.00025033391768928957
HEM_PA101.nii.gz,31,gallbladder lies along the undersurface of the liver near the porta hepatis,3,gallbladder,0.7330648409193191,0.5786127535152991,9814,15016,9101,0.0010240838133400117
HEM_PA101.nii.gz,32,liver,4,liver,0.9617702165608405,0.926355833652702,563417,602768,560801,0.05879215710827281
HEM_PA101.nii.gz,33,hepatic parenchyma,4,liver,0.9589026495121165,0.9210499374172436,560616,602768,557786,0.05849987478086652
HEM_PA101.nii.gz,34,large right-dominant solid visceral organ,4,liver,1.6590130862949494e-13,1.6590130862949494e-13,0,602768,0,0.0
HEM_PA101.nii.gz,35,homogeneous hepatic attenuation structure,4,liver,0.9064713511808654,0.8289415665147404,500541,602768,500059,0.05223109191084398
HEM_PA101.nii.gz,36,right hypochondrial region,4,liver,0.010551764541019604,0.005303864837050854,3197,602768,3197,0.00033360464145588113
HEM_PA101.nii.gz,37,right subdiaphragmatic compartment,4,liver,1.6590130862949494e-13,1.6590130862949494e-13,0,602768,0,0.0
HEM_PA101.nii.gz,38,cranial to the gallbladder and right kidney,4,liver,1.6590130862949494e-13,1.6590130862949494e-13,0,602768,0,0.0
HEM_PA101.nii.gz,39,liver occupies the right upper abdomen and extends into the epigastrium,4,liver,0.6334975324811103,0.46359047827508876,279900,602768,279584,0.029207362885048837
HEM_PA101.nii.gz,40,stomach,5,stomach,0.9012295415683265,0.8202163924708943,90006,106490,88544,0.00939206110693714
HEM_PA101.nii.gz,41,gastric lumen,5,stomach,0.8741027638032952,0.7763610529466644,83538,106490,83052,0.008717129977460556
HEM_PA101.nii.gz,42,hollow foregut organ with variable distension,5,stomach,0.7460238978163836,0.5949267266876379,63400,106490,63371,0.0066157442190500045
HEM_PA101.nii.gz,43,air-fluid containing gastric cavity,5,stomach,0.8775481350767503,0.7818136015452823,84483,106490,83794,0.008815740045078888
HEM_PA101.nii.gz,44,epigastric region,5,stomach,0.7505132867954769,0.6006572769956802,63980,106490,63970,0.006676266800233742
HEM_PA101.nii.gz,45,left upper intraperitoneal space,5,stomach,9.390553103568982e-13,9.390553103568982e-13,0,106490,0,0.0
HEM_PA101.nii.gz,46,medial to the spleen and ventral to the pancreas,5,stomach,9.12616929043201e-13,9.12616929043201e-13,3085,106490,0,0.00032191752233074546
HEM_PA101.nii.gz,47,stomach is seen below the left hemidiaphragm anterior to the pancreatic body,5,stomach,0.05869169096295673,0.030233060194829842,3270,106490,3221,0.0003412221387427999
HEM_PA101.nii.gz,48,aorta,6,aorta,0.9514064952312697,0.9073167923553414,33269,32995,31522,0.0034715961265548044
HEM_PA101.nii.gz,49,abdominal aorta,6,aorta,0.9402906940938285,0.8873100281873498,31953,32995,30535,0.0033342724768344605
HEM_PA101.nii.gz,50,thick-walled pulsatile arterial lumen,6,aorta,0.9507194466745651,0.9060679183099698,31777,32995,30790,0.003315907003923533
HEM_PA101.nii.gz,51,round prevertebral arterial structure,6,aorta,3.030762236693345e-12,3.030762236693345e-12,0,32995,0,0.0
HEM_PA101.nii.gz,52,left para-aortic compartment,6,aorta,3.030762236693345e-12,3.030762236693345e-12,0,32995,0,0.0
HEM_PA101.nii.gz,53,anterior vertebral body margin,6,aorta,3.030762236693345e-12,3.030762236693345e-12,0,32995,0,0.0
HEM_PA101.nii.gz,54,left of the inferior vena cava,6,aorta,3.020144362891425e-12,3.020144362891425e-12,116,32995,0,1.2104516236747641e-05
HEM_PA101.nii.gz,55,abdominal aorta descends anterior to the spine on the left side of midline,6,aorta,3.030762236693345e-12,3.030762236693345e-12,0,32995,0,0.0
HEM_PA101.nii.gz,56,inferior vena cava,7,inferior_vena_cava,0.8144808380859546,0.6870246085034525,11236,11387,9213,0.0011724684865180733
HEM_PA101.nii.gz,57,IVC,7,inferior_vena_cava,0.8190358576288138,0.6935315207671532,11286,11387,9285,0.001177685950413223
HEM_PA101.nii.gz,58,thin-walled right-sided venous channel,7,inferior_vena_cava,0.6946688206802146,0.5321782178257751,6564,11387,6235,0.0006849486601552717
HEM_PA101.nii.gz,59,oval paracaval vascular lumen,7,inferior_vena_cava,0.4712659075721951,0.30827199439792957,3543,11387,3518,0.00036970949161031807
HEM_PA101.nii.gz,60,right paracaval compartment,7,inferior_vena_cava,8.781944322395872e-12,8.781944322395872e-12,0,11387,0,0.0
HEM_PA101.nii.gz,61,retrohepatic caval segment,7,inferior_vena_cava,0.1536724985958746,0.08323144105604163,1016,11387,953,0.00010601886634944486
HEM_PA101.nii.gz,62,right of the abdominal aorta,7,inferior_vena_cava,8.781944322395872e-12,8.781944322395872e-12,0,11387,0,0.0
HEM_PA101.nii.gz,63,inferior vena cava courses along the right anterolateral aspect of the vertebral column,7,inferior_vena_cava,0.2671870309271451,0.15419265419998102,1937,11387,1780,0.00020212455129810502
HEM_PA101.nii.gz,64,duodenum,8,duodenum,0.8160825584964339,0.689306981963885,16406,22742,15974,0.0017119542532765674
HEM_PA101.nii.gz,65,duodenal C-loop,8,duodenum,0.7719777278087269,0.6286349566219269,14614,22742,14419,0.0015249603472743969
HEM_PA101.nii.gz,66,C-shaped proximal small bowel segment,8,duodenum,0.7194738025643145,0.5618579330952592,12834,22742,12798,0.0013392186326070623
HEM_PA101.nii.gz,67,retroperitoneal enteric loop encircling the pancreatic head,8,duodenum,4.39715064636181e-12,4.39715064636181e-12,0,22742,0,0.0
HEM_PA101.nii.gz,68,right anterior pararenal compartment,8,duodenum,4.395797617458368e-12,4.395797617458368e-12,7,22742,0,7.304449453209784e-07
HEM_PA101.nii.gz,69,peripancreatic duodenal groove,8,duodenum,0.025761124126005022,0.013048635828772687,316,22742,297,3.2974371817347025e-05
HEM_PA101.nii.gz,70,between the pancreatic head and right renal hilum,8,duodenum,4.39715064636181e-12,4.39715064636181e-12,0,22742,0,0.0
HEM_PA101.nii.gz,71,duodenum curves around the pancreatic head in the right upper abdomen,8,duodenum,0.6211781800580578,0.4505137437452775,10292,22742,10260,0.0010739627681776442
HEM_PA101.nii.gz,72,pancreas,9,pancreas,0.9145310339810602,0.842521585242016,32214,36501,31421,0.0033615076383671427
HEM_PA101.nii.gz,73,pancreatic parenchyma,9,pancreas,0.9174902188089878,0.8475583636757134,32509,36501,31658,0.0033922906753485267
HEM_PA101.nii.gz,74,lobulated transverse retroperitoneal gland,9,pancreas,0.0007120556526244398,0.0003561546286393355,13,36501,13,1.3565406127389598e-06
HEM_PA101.nii.gz,75,elongated soft-tissue organ across the epigastrium,9,pancreas,7.975499266247707e-13,7.975499266247707e-13,88883,36501,0,0.009274876867852075
HEM_PA101.nii.gz,76,anterior pararenal compartment,9,pancreas,2.7396509684591114e-12,2.7396509684591114e-12,0,36501,0,0.0
HEM_PA101.nii.gz,77,retrogastric pancreatic bed,9,pancreas,0.6561354640088402,0.48824524082395615,18067,36501,17902,0.001885278403873445
HEM_PA101.nii.gz,78,from the duodenal C-loop toward the splenic hilum,9,pancreas,0.0031158395363074924,0.0015603506703316557,12282,36501,76,0.001281617831204608
HEM_PA101.nii.gz,79,pancreas lies posterior to the stomach and extends transversely toward the spleen,9,pancreas,0.7883708317586925,0.6506700667363391,24346,36501,23985,0.0025404875198263626
HEM_PA101.nii.gz,80,esophagus,10,esophagus,0.43147006167265295,0.2750792644353192,2483,7571,2169,0.00025909925703314135
HEM_PA101.nii.gz,81,distal thoracic esophagus,10,esophagus,1.3208294808965681e-11,1.3208294808965681e-11,0,7571,0,0.0
HEM_PA101.nii.gz,82,small collapsed tubular foregut lumen,10,esophagus,1.3208294808965681e-11,1.3208294808965681e-11,0,7571,0,0.0
HEM_PA101.nii.gz,83,thin-walled structure at the esophageal hiatus,10,esophagus,1.3208294808965681e-11,1.3208294808965681e-11,0,7571,0,0.0
HEM_PA101.nii.gz,84,posterior mediastinal compartment,10,esophagus,1.3208294808965681e-11,1.3208294808965681e-11,0,7571,0,0.0
HEM_PA101.nii.gz,85,gastroesophageal junction region,10,esophagus,1.3208294808965681e-11,1.3208294808965681e-11,0,7571,0,0.0
HEM_PA101.nii.gz,86,posterior to the left atrium and anterior to the vertebral column,10,esophagus,1.3208294808965681e-11,1.3208294808965681e-11,0,7571,0,0.0
HEM_PA101.nii.gz,87,distal esophagus enters the abdomen through the diaphragmatic hiatus above the stomach,10,esophagus,1.3208294808965681e-11,1.3208294808965681e-11,0,7571,0,0.0
HEM_PA107.nii.gz,0,spleen,0,spleen,0.9369831659776128,0.881437749609513,50848,57504,50762,0.0058365472910927455
HEM_PA107.nii.gz,1,splenic parenchyma,0,spleen,0.9405414352448408,0.8877566962350274,51244,57504,51141,0.005882001836547291
HEM_PA107.nii.gz,2,homogeneous left upper quadrant solid organ,0,spleen,1.7390094602084393e-12,1.7390094602084393e-12,0,57504,0,0.0
HEM_PA107.nii.gz,3,crescentic organ with smooth lateral convexity,0,spleen,1.7390094602084393e-12,1.7390094602084393e-12,0,57504,0,0.0
HEM_PA107.nii.gz,4,left hypochondrial region,0,spleen,1.7390094602084393e-12,1.7390094602084393e-12,0,57504,0,0.0
HEM_PA107.nii.gz,5,left subphrenic compartment,0,spleen,1.7390094602084393e-12,1.7390094602084393e-12,0,57504,0,0.0
HEM_PA107.nii.gz,6,posterolateral to the gastric fundus,0,spleen,9.762669504339739e-13,9.762669504339739e-13,44927,57504,0,0.005156910009182737
HEM_PA107.nii.gz,7,spleen lies beneath the left hemidiaphragm along the left lateral abdominal wall,0,spleen,0.9320952151246479,0.8728261436093872,50294,57504,50239,0.00577295684113866
HEM_PA107.nii.gz,8,right kidney,1,right_kidney,0.9583970583450275,0.920117465127665,59207,63717,58905,0.006796028466483012
HEM_PA107.nii.gz,9,right renal parenchyma,1,right_kidney,0.9560492457310119,0.9157991809685895,58852,63717,58591,0.006755280073461892
HEM_PA107.nii.gz,10,right-sided reniform retroperitoneal organ,1,right_kidney,0.9202008928572103,0.8521963824291721,54555,63717,54417,0.006262052341597796
HEM_PA107.nii.gz,11,right renal cortex with central renal sinus,1,right_kidney,0.9344636071324721,0.8769889169320484,56018,63717,55944,0.006429981634527089
HEM_PA107.nii.gz,12,right renal fossa,1,right_kidney,0.9343074225599614,0.8767138313043502,56053,63717,55951,0.006433999081726354
HEM_PA107.nii.gz,13,right posterior pararenal region,1,right_kidney,1.569439866909036e-12,1.569439866909036e-12,0,63717,0,0.0
HEM_PA107.nii.gz,14,caudal to the right hepatic lobe,1,right_kidney,1.569439866909036e-12,1.569439866909036e-12,0,63717,0,0.0
HEM_PA107.nii.gz,15,right kidney is positioned in the right posterior retroperitoneum adjacent to the psoas muscle,1,right_kidney,0.62731659115556,0.45700019910943773,31412,63717,29838,0.003605601469237833
HEM_PA107.nii.gz,16,left kidney,2,left_kidney,0.954547193926395,0.9130466611031858,63171,67492,62362,0.00725103305785124
HEM_PA107.nii.gz,17,left renal parenchyma,2,left_kidney,0.9524503972061615,0.9092174677609771,62793,67492,62045,0.007207644628099173
HEM_PA107.nii.gz,18,left-sided bean-shaped retroperitoneal organ,2,left_kidney,0.9127367786045343,0.8394809652746246,56833,67492,56738,0.006523530762167126
HEM_PA107.nii.gz,19,left renal cortex surrounding the collecting sinus,2,left_kidney,0.9116442928728984,0.8376345039614556,56835,67492,56671,0.0065237603305785125
HEM_PA107.nii.gz,20,left renal fossa,2,left_kidney,0.9328065734586101,0.8740745119484031,59321,67492,59146,0.006809113865932048
HEM_PA107.nii.gz,21,left posterior pararenal region,2,left_kidney,0.009408503046689462,0.004726486103531194,319,67492,319,3.661616161616162e-05
HEM_PA107.nii.gz,22,posteroinferior to the spleen,2,left_kidney,1.4193658273463261e-12,1.4193658273463261e-12,2962,67492,0,0.0003399908172635445
HEM_PA107.nii.gz,23,left kidney is positioned in the left posterior retroperitoneum near the splenic hilum,2,left_kidney,0.8026006191952211,0.6702864825736592,45558,67492,45367,0.005229338842975207
HEM_PA107.nii.gz,24,gallbladder,3,gallbladder,0.8323004932349038,0.7127694140613801,7574,8240,6581,0.0008693755739210285
HEM_PA107.nii.gz,25,cystic biliary reservoir,3,gallbladder,0.8046529763464736,0.6731542894457632,7148,8240,6191,0.0008204775022956841
HEM_PA107.nii.gz,26,thin-walled pear-shaped fluid structure,3,gallbladder,1.2135922329949806e-11,1.2135922329949806e-11,0,8240,0,0.0
HEM_PA107.nii.gz,27,hypodense intraluminal bile-containing sac,3,gallbladder,0.8092591289677812,0.6796265658274683,5973,8240,5751,0.0006856060606060606
HEM_PA107.nii.gz,28,gallbladder fossa,3,gallbladder,0.8296556662121353,0.7088987764214805,7123,8240,6373,0.0008176078971533518
HEM_PA107.nii.gz,29,inferior hepatic surface,3,gallbladder,0.002526483755705351,0.0012648396765775742,172248,8240,228,0.019771349862258952
HEM_PA107.nii.gz,30,adjacent to hepatic segment IVb and segment V,3,gallbladder,0.02920801348970972,0.014820444622697885,2442,8240,156,0.0002803030303030303
HEM_PA107.nii.gz,31,gallbladder lies along the undersurface of the liver near the porta hepatis,3,gallbladder,0.8425170297440985,0.7278871926380621,6587,8240,6246,0.0007560835629017447
HEM_PA107.nii.gz,32,liver,4,liver,0.9497678706248983,0.9043409014634026,457840,501108,455389,0.05255280073461892
HEM_PA107.nii.gz,33,hepatic parenchyma,4,liver,0.9504780246234318,0.9056294645783004,458466,501108,456027,0.05262465564738292
HEM_PA107.nii.gz,34,large right-dominant solid visceral organ,4,liver,1.9955777995956969e-13,1.9955777995956969e-13,0,501108,0,0.0
HEM_PA107.nii.gz,35,homogeneous hepatic attenuation structure,4,liver,0.9359560298925605,0.8796215722157302,442806,501108,441731,0.050827134986225896
HEM_PA107.nii.gz,36,right hypochondrial region,4,liver,0.008180186697655415,0.0041068909161471635,2059,501108,2058,0.0002363406795224977
HEM_PA107.nii.gz,37,right subdiaphragmatic compartment,4,liver,1.9955777995956969e-13,1.9955777995956969e-13,0,501108,0,0.0
HEM_PA107.nii.gz,38,cranial to the gallbladder and right kidney,4,liver,1.995545941458266e-13,1.995545941458266e-13,8,501108,0,9.182736455463728e-07
HEM_PA107.nii.gz,39,liver occupies the right upper abdomen and extends into the epigastrium,4,liver,0.701569433276789,0.5403211009175228,271209,501108,270917,0.031130509641873277
HEM_PA107.nii.gz,40,stomach,5,stomach,0.8067944990691492,0.676157207153302,62070,90995,61746,0.00712465564738292
HEM_PA107.nii.gz,41,gastric lumen,5,stomach,0.7489763952627374,0.59869085797171,54569,90995,54512,0.006263659320477503
HEM_PA107.nii.gz,42,hollow foregut organ with variable distension,5,stomach,0.5029900714824478,0.33599648332398924,30574,90995,30574,0.0035094123048668505
HEM_PA107.nii.gz,43,air-fluid containing gastric cavity,5,stomach,0.7663190682558462,0.6211647181517963,56685,90995,56585,0.006506542699724518
HEM_PA107.nii.gz,44,epigastric region,5,stomach,0.5461967375504896,0.37570196164693037,34187,90995,34187,0.0039241276400367306
HEM_PA107.nii.gz,45,left upper intraperitoneal space,5,stomach,1.0989614813988691e-12,1.0989614813988691e-12,0,90995,0,0.0
HEM_PA107.nii.gz,46,medial to the spleen and ventral to the pancreas,5,stomach,1.074587089909547e-12,1.074587089909547e-12,2064,90995,0,0.0002369146005509642
HEM_PA107.nii.gz,47,stomach is seen below the left hemidiaphragm anterior to the pancreatic body,5,stomach,0.03532294804219395,0.017979009836784462,1636,90995,1636,0.00018778696051423323
HEM_PA107.nii.gz,48,aorta,6,aorta,0.8913341287730537,0.8039700255109855,24972,20286,20170,0.002866391184573003
HEM_PA107.nii.gz,49,abdominal aorta,6,aorta,0.8570540559928824,0.7498640338043348,21541,20286,17924,0.0024725665748393023
HEM_PA107.nii.gz,50,thick-walled pulsatile arterial lumen,6,aorta,0.9079754601229085,0.8314606741580047,23724,20286,19980,0.0027231404958677685
HEM_PA107.nii.gz,51,round prevertebral arterial structure,6,aorta,4.929508035073797e-12,4.929508035073797e-12,0,20286,0,0.0
HEM_PA107.nii.gz,52,left para-aortic compartment,6,aorta,4.929508035073797e-12,4.929508035073797e-12,0,20286,0,0.0
HEM_PA107.nii.gz,53,anterior vertebral body margin,6,aorta,4.929508035073797e-12,4.929508035073797e-12,0,20286,0,0.0
HEM_PA107.nii.gz,54,left of the inferior vena cava,6,aorta,4.118276912922665e-12,4.118276912922665e-12,3996,20286,0,0.0004586776859504132
HEM_PA107.nii.gz,55,abdominal aorta descends anterior to the spine on the left side of midline,6,aorta,4.929508035073797e-12,4.929508035073797e-12,0,20286,0,0.0
HEM_PA107.nii.gz,56,inferior vena cava,7,inferior_vena_cava,0.7492757064842115,0.5990734411817492,12596,8459,7888,0.001445821854912764
HEM_PA107.nii.gz,57,IVC,7,inferior_vena_cava,0.7457161791169852,0.5945354366397876,12667,8459,7877,0.001453971533516988
HEM_PA107.nii.gz,58,thin-walled right-sided venous channel,7,inferior_vena_cava,0.7344170129568907,0.5802993722879739,7905,8459,6009,0.0009073691460055096
HEM_PA107.nii.gz,59,oval paracaval vascular lumen,7,inferior_vena_cava,0.5708915583920006,0.399473924983995,3778,8459,3493,0.0004336547291092746
HEM_PA107.nii.gz,60,right paracaval compartment,7,inferior_vena_cava,1.1821728336543069e-11,1.1821728336543069e-11,0,8459,0,0.0
HEM_PA107.nii.gz,61,retrohepatic caval segment,7,inferior_vena_cava,0.6874667881296025,0.5237709658817377,4714,8459,4528,0.0005410927456382002
HEM_PA107.nii.gz,62,right of the abdominal aorta,7,inferior_vena_cava,1.1821728336543069e-11,1.1821728336543069e-11,0,8459,0,0.0
HEM_PA107.nii.gz,63,inferior vena cava courses along the right anterolateral aspect of the vertebral column,7,inferior_vena_cava,0.6391548867636483,0.4696749692899623,4699,8459,4205,0.0005393709825528007
HEM_PA107.nii.gz,64,duodenum,8,duodenum,0.7170244462360685,0.5588761563956338,15372,25575,14680,0.0017644628099173555
HEM_PA107.nii.gz,65,duodenal C-loop,8,duodenum,0.6683981793409921,0.5019504847263453,13312,25575,12996,0.0015280073461891644
HEM_PA107.nii.gz,66,C-shaped proximal small bowel segment,8,duodenum,0.5058132775273055,0.33852079524048356,8829,25575,8701,0.0010134297520661157
HEM_PA107.nii.gz,67,retroperitoneal enteric loop encircling the pancreatic head,8,duodenum,3.9100684261821696e-12,3.9100684261821696e-12,0,25575,0,0.0
HEM_PA107.nii.gz,68,right anterior pararenal compartment,8,duodenum,3.833767827005697e-12,3.833767827005697e-12,509,25575,0,5.842516069788797e-05
HEM_PA107.nii.gz,69,peripancreatic duodenal groove,8,duodenum,0.01705756930018586,0.00860215054151084,220,25575,220,2.5252525252525253e-05
HEM_PA107.nii.gz,70,between the pancreatic head and right renal hilum,8,duodenum,3.723146803664607e-12,3.723146803664607e-12,1284,25575,0,0.00014738292011019284
HEM_PA107.nii.gz,71,duodenum curves around the pancreatic head in the right upper abdomen,8,duodenum,0.34789628338226003,0.21057774998354084,5394,25575,5387,0.0006191460055096419
HEM_PA107.nii.gz,72,pancreas,9,pancreas,0.8207268627874427,0.6959599408223605,30853,43659,30577,0.00354143709825528
HEM_PA107.nii.gz,73,pancreatic parenchyma,9,pancreas,0.8249107369718438,0.7019983612534095,31120,43659,30843,0.0035720844811753904
HEM_PA107.nii.gz,74,lobulated transverse retroperitoneal gland,9,pancreas,2.290478480949425e-12,2.290478480949425e-12,0,43659,0,0.0
HEM_PA107.nii.gz,75,elongated soft-tissue organ across the epigastrium,9,pancreas,9.809788206662994e-13,9.809788206662994e-13,58280,43659,0,0.006689623507805326
HEM_PA107.nii.gz,76,anterior pararenal compartment,9,pancreas,2.290478480949425e-12,2.290478480949425e-12,0,43659,0,0.0
HEM_PA107.nii.gz,77,retrogastric pancreatic bed,9,pancreas,0.6010191082808901,0.42961209251632304,19141,43659,18872,0.00219708448117539
HEM_PA107.nii.gz,78,from the duodenal C-loop toward the splenic hilum,9,pancreas,1.9178029649197055e-12,1.9178029649197055e-12,8484,43659,0,0.0009738292011019284
HEM_PA107.nii.gz,79,pancreas lies posterior to the stomach and extends transversely toward the spleen,9,pancreas,0.6191506498845226,0.4483839238752696,19660,43659,19602,0.002256657483930211
HEM_PA107.nii.gz,80,esophagus,10,esophagus,0.5183666495896401,0.34986162363123013,2477,3376,1517,0.0002843204775022957
HEM_PA107.nii.gz,81,distal thoracic esophagus,10,esophagus,2.962085307969133e-11,2.962085307969133e-11,0,3376,0,0.0
HEM_PA107.nii.gz,82,small collapsed tubular foregut lumen,10,esophagus,2.962085307969133e-11,2.962085307969133e-11,0,3376,0,0.0
HEM_PA107.nii.gz,83,thin-walled structure at the esophageal hiatus,10,esophagus,0.03597331015271328,0.018316100472132463,71,3376,62,8.149678604224059e-06
HEM_PA107.nii.gz,84,posterior mediastinal compartment,10,esophagus,2.962085307969133e-11,2.962085307969133e-11,0,3376,0,0.0
HEM_PA107.nii.gz,85,gastroesophageal junction region,10,esophagus,2.962085307969133e-11,2.962085307969133e-11,0,3376,0,0.0
HEM_PA107.nii.gz,86,posterior to the left atrium and anterior to the vertebral column,10,esophagus,2.962085307969133e-11,2.962085307969133e-11,0,3376,0,0.0
HEM_PA107.nii.gz,87,distal esophagus enters the abdomen through the diaphragmatic hiatus above the stomach,10,esophagus,2.962085307969133e-11,2.962085307969133e-11,0,3376,0,0.0
HEM_PA24.nii.gz,0,spleen,0,spleen,0.9190714913126813,0.8502611263615235,88791,97917,85799,0.006963226672237813
HEM_PA24.nii.gz,1,splenic parenchyma,0,spleen,0.9200875226812253,0.852001937199312,89463,97917,86203,0.007015926701787472
HEM_PA24.nii.gz,2,homogeneous left upper quadrant solid organ,0,spleen,1.0212731190691899e-12,1.0212731190691899e-12,0,97917,0,0.0
HEM_PA24.nii.gz,3,crescentic organ with smooth lateral convexity,0,spleen,1.0212731190691899e-12,1.0212731190691899e-12,0,97917,0,0.0
HEM_PA24.nii.gz,4,left hypochondrial region,0,spleen,1.0212731190691899e-12,1.0212731190691899e-12,0,97917,0,0.0
HEM_PA24.nii.gz,5,left subphrenic compartment,0,spleen,1.0212731190691899e-12,1.0212731190691899e-12,0,97917,0,0.0
HEM_PA24.nii.gz,6,posterolateral to the gastric fundus,0,spleen,5.460333407954908e-13,5.460333407954908e-13,85222,97917,0,0.0066833361879182675
HEM_PA24.nii.gz,7,spleen lies beneath the left hemidiaphragm along the left lateral abdominal wall,0,spleen,0.8927421162858682,0.8062639511686326,84960,97917,81631,0.006662789450206942
HEM_PA24.nii.gz,8,right kidney,1,right_kidney,0.9563697641631602,0.9163875588525141,117432,122310,114641,0.009209330163802985
HEM_PA24.nii.gz,9,right renal parenchyma,1,right_kidney,0.9556462061874814,0.9150598311122463,116948,122310,114323,0.009171373594901147
HEM_PA24.nii.gz,10,right-sided reniform retroperitoneal organ,1,right_kidney,0.8965151930043963,0.8124399967457389,100457,122310,99857,0.007878105459032942
HEM_PA24.nii.gz,11,right renal cortex with central renal sinus,1,right_kidney,0.8654112599944462,0.7627532598202229,94937,122310,94004,0.00744521235916074
HEM_PA24.nii.gz,12,right renal fossa,1,right_kidney,0.9304144744838906,0.8698831952077811,108054,122310,107167,0.008473882429998362
HEM_PA24.nii.gz,13,right posterior pararenal region,1,right_kidney,8.175946365785156e-13,8.175946365785156e-13,0,122310,0,0.0
HEM_PA24.nii.gz,14,caudal to the right hepatic lobe,1,right_kidney,8.144914315494767e-13,8.144914315494767e-13,466,122310,0,3.654496096747216e-05
HEM_PA24.nii.gz,15,right kidney is positioned in the right posterior retroperitoneum adjacent to the psoas muscle,1,right_kidney,0.472515528893473,0.30934227995889,42383,122310,38910,0.0033237877267904992
HEM_PA24.nii.gz,16,left kidney,2,left_kidney,0.9265932599266168,0.8632266086416733,153779,157909,144404,0.012059758696602793
HEM_PA24.nii.gz,17,left renal parenchyma,2,left_kidney,0.9285520589868647,0.8666329211561051,151855,157909,143816,0.011908873492951685
HEM_PA24.nii.gz,18,left-sided bean-shaped retroperitoneal organ,2,left_kidney,0.9127063197789969,0.8394294351030673,134174,157909,133293,0.01052228238808929
HEM_PA24.nii.gz,19,left renal cortex surrounding the collecting sinus,2,left_kidney,0.8464923505659421,0.7338419914088552,123419,157909,119071,0.00967884664730568
HEM_PA24.nii.gz,20,left renal fossa,2,left_kidney,0.9217308864359987,0.8548245283493765,137431,157909,136112,0.010777705001546494
HEM_PA24.nii.gz,21,left posterior pararenal region,2,left_kidney,0.012460745505627814,0.006269433661788581,990,157909,990,7.763843639012326e-05
HEM_PA24.nii.gz,22,posteroinferior to the spleen,2,left_kidney,6.234297363511758e-13,6.234297363511758e-13,2494,157909,0,0.00019558612157269436
HEM_PA24.nii.gz,23,left kidney is positioned in the left posterior retroperitoneum near the splenic hilum,2,left_kidney,0.7176440091700416,0.559629318459183,88985,157909,88591,0.006978440668863756
HEM_PA24.nii.gz,24,gallbladder,3,gallbladder,0.7355877214882219,0.5817625579809447,12639,19417,11790,0.000991184037913907
HEM_PA24.nii.gz,25,cystic biliary reservoir,3,gallbladder,0.6719645910885157,0.5059839418294906,10406,19417,10020,0.0008160662313895178
HEM_PA24.nii.gz,26,thin-walled pear-shaped fluid structure,3,gallbladder,5.150126178064839e-12,5.150126178064839e-12,0,19417,0,0.0
HEM_PA24.nii.gz,27,hypodense intraluminal bile-containing sac,3,gallbladder,0.4807864861721968,0.3164706486604875,6216,19417,6162,0.0004874752733343497
HEM_PA24.nii.gz,28,gallbladder fossa,3,gallbladder,0.688830582218975,0.5253558944246145,10692,19417,10370,0.0008384951130133312
HEM_PA24.nii.gz,29,inferior hepatic surface,3,gallbladder,0.030653771458364485,0.015565455689985389,390451,19417,6282,0.030620207198949513
HEM_PA24.nii.gz,30,adjacent to hepatic segment IVb and segment V,3,gallbladder,0.12325719371431601,0.06567612424300294,7551,19417,1662,0.0005921695284664856
HEM_PA24.nii.gz,31,gallbladder lies along the undersurface of the liver near the porta hepatis,3,gallbladder,0.6568694463443032,0.48905852417562823,9843,19417,9610,0.000771914272109074
HEM_PA24.nii.gz,32,liver,4,liver,0.9474660998392469,0.9001763265720423,1071331,1175561,1064427,0.08401662999622944
HEM_PA24.nii.gz,33,hepatic parenchyma,4,liver,0.9362306228539548,0.8801067627700896,1046838,1175561,1040339,0.08209582371087258
HEM_PA24.nii.gz,34,large right-dominant solid visceral organ,4,liver,8.506576859898508e-14,8.506576859898508e-14,0,1175561,0,0.0
HEM_PA24.nii.gz,35,homogeneous hepatic attenuation structure,4,liver,0.8513144173822396,0.7411204861143782,873750,1175561,872304,0.0685218018140103
HEM_PA24.nii.gz,36,right hypochondrial region,4,liver,0.022884892019879855,0.011574891076191737,13870,1175561,13610,0.001087722336091929
HEM_PA24.nii.gz,37,right subdiaphragmatic compartment,4,liver,8.506576859898508e-14,8.506576859898508e-14,0,1175561,0,0.0
HEM_PA24.nii.gz,38,cranial to the gallbladder and right kidney,4,liver,8.506576859898508e-14,8.506576859898508e-14,0,1175561,0,0.0
HEM_PA24.nii.gz,39,liver occupies the right upper abdomen and extends into the epigastrium,4,liver,0.7598421115501706,0.6126978819608019,724768,1175561,721975,0.05683823663191601
HEM_PA24.nii.gz,40,stomach,5,stomach,0.7536013808059733,0.6046230870292367,161375,245344,153252,0.012655457244905194
HEM_PA24.nii.gz,41,gastric lumen,5,stomach,0.7286204648699992,0.5730943787730587,147368,245344,143069,0.011556991003979479
HEM_PA24.nii.gz,42,hollow foregut organ with variable distension,5,stomach,0.2735262052746117,0.15843055719152319,39923,245344,39014,0.003130867975760496
HEM_PA24.nii.gz,43,air-fluid containing gastric cavity,5,stomach,0.6937071232489244,0.5310502228063811,135690,245344,132163,0.010641171145228107
HEM_PA24.nii.gz,44,epigastric region,5,stomach,0.491436507184068,0.3257645498678637,81567,245344,80328,0.006396701354578974
HEM_PA24.nii.gz,45,left upper intraperitoneal space,5,stomach,4.0759097430529884e-13,4.0759097430529884e-13,0,245344,0,0.0
HEM_PA24.nii.gz,46,medial to the spleen and ventral to the pancreas,5,stomach,0.0002462555262519328,0.00012314292563751365,6427,245344,31,0.0005040224552316385
HEM_PA24.nii.gz,47,stomach is seen below the left hemidiaphragm anterior to the pancreatic body,5,stomach,0.13643672404281668,0.0732128207308054,20215,245344,18116,0.0015853141329559008
HEM_PA24.nii.gz,48,aorta,6,aorta,0.9370499750481963,0.881556002683028,43443,40719,39432,0.0034069157495920455
HEM_PA24.nii.gz,49,abdominal aorta,6,aorta,0.8529384930205376,0.743585664614359,36004,40719,32720,0.002823529559383836
HEM_PA24.nii.gz,50,thick-walled pulsatile arterial lumen,6,aorta,0.9258452551854787,0.8619291211579752,40085,40719,37406,0.003143572447169789
HEM_PA24.nii.gz,51,round prevertebral arterial structure,6,aorta,2.455855988598797e-12,2.455855988598797e-12,0,40719,0,0.0
HEM_PA24.nii.gz,52,left para-aortic compartment,6,aorta,2.455855988598797e-12,2.455855988598797e-12,0,40719,0,0.0
HEM_PA24.nii.gz,53,anterior vertebral body margin,6,aorta,2.455855988598797e-12,2.455855988598797e-12,0,40719,0,0.0
HEM_PA24.nii.gz,54,left of the inferior vena cava,6,aorta,1.8821757952157307e-12,1.8821757952157307e-12,12411,40719,0,0.0009733036707452725
HEM_PA24.nii.gz,55,abdominal aorta descends anterior to the spine on the left side of midline,6,aorta,0.23315618035480637,0.1319619639066273,5945,40719,5440,0.0004662227316558412
HEM_PA24.nii.gz,56,inferior vena cava,7,inferior_vena_cava,0.7016270246612768,0.5403894242939496,32389,22435,19233,0.002540031632565356
HEM_PA24.nii.gz,57,IVC,7,inferior_vena_cava,0.7019716653503207,0.5407984144973363,31986,22435,19101,0.002508427299368164
HEM_PA24.nii.gz,58,thin-walled right-sided venous channel,7,inferior_vena_cava,0.5809268747101161,0.4093706408492272,11917,22435,9978,0.0009345628752132312
HEM_PA24.nii.gz,59,oval paracaval vascular lumen,7,inferior_vena_cava,0.3452628506827724,0.20865117509939304,4976,22435,4732,0.0003902311711891448
HEM_PA24.nii.gz,60,right paracaval compartment,7,inferior_vena_cava,4.4573211499689885e-12,4.4573211499689885e-12,0,22435,0,0.0
HEM_PA24.nii.gz,61,retrohepatic caval segment,7,inferior_vena_cava,0.5518169582786253,0.3810408921959233,10257,22435,9020,0.0008043812545994892
HEM_PA24.nii.gz,62,right of the abdominal aorta,7,inferior_vena_cava,3.9410420114923105e-12,3.9410420114923105e-12,2939,22435,0,0.00023048420661673965
HEM_PA24.nii.gz,63,inferior vena cava courses along the right anterolateral aspect of the vertebral column,7,inferior_vena_cava,0.5740491272332998,0.4025728643240098,12454,22435,10014,0.0009766758452551467
HEM_PA24.nii.gz,64,duodenum,8,duodenum,0.757166561767241,0.609226094563765,30238,39670,26466,0.0023713444844086335
HEM_PA24.nii.gz,65,duodenal C-loop,8,duodenum,0.7508229485073025,0.6010540680447954,28378,39670,25546,0.002225478331190826
HEM_PA24.nii.gz,66,C-shaped proximal small bowel segment,8,duodenum,0.5364636989652145,0.3665530527579368,15659,39670,14841,0.0012280204802352932
HEM_PA24.nii.gz,67,retroperitoneal enteric loop encircling the pancreatic head,8,duodenum,0.0004031648465443654,0.00020162306819849379,16,39670,8,1.2547626083252244e-06
HEM_PA24.nii.gz,68,right anterior pararenal compartment,8,duodenum,2.490411914124395e-12,2.490411914124395e-12,484,39670,0,3.795656890183804e-05
HEM_PA24.nii.gz,69,peripancreatic duodenal groove,8,duodenum,0.11778209843491816,0.06257622900046651,3019,39670,2514,0.00023675801965836578
HEM_PA24.nii.gz,70,between the pancreatic head and right renal hilum,8,duodenum,2.5200342724597548e-12,2.5200342724597548e-12,12,39670,0,9.410719562439183e-07
HEM_PA24.nii.gz,71,duodenum curves around the pancreatic head in the right upper abdomen,8,duodenum,0.501346721147184,0.33453149452431896,14907,39670,13681,0.0011690466376440074
HEM_PA24.nii.gz,72,pancreas,9,pancreas,0.8356883831438257,0.7177531951459598,48134,63824,46781,0.003774796461820397
HEM_PA24.nii.gz,73,pancreatic parenchyma,9,pancreas,0.8392392428078863,0.7230079390677001,48380,63824,47083,0.0037940884369233973
HEM_PA24.nii.gz,74,lobulated transverse retroperitoneal gland,9,pancreas,0.00025065797875634376,0.00012534469948589032,8,63824,8,6.273813041626122e-07
HEM_PA24.nii.gz,75,elongated soft-tissue organ across the epigastrium,9,pancreas,1.886267548181456e-05,9.431426927661226e-06,148235,63824,2,0.011624983452818103
HEM_PA24.nii.gz,76,anterior pararenal compartment,9,pancreas,1.5668087239885202e-12,1.5668087239885202e-12,0,63824,0,0.0
HEM_PA24.nii.gz,77,retrogastric pancreatic bed,9,pancreas,0.4386768323880853,0.28096478774469796,18282,63824,18009,0.0014337231253376095
HEM_PA24.nii.gz,78,from the duodenal C-loop toward the splenic hilum,9,pancreas,0.017494472569419113,0.008824425621294625,18945,63824,724,0.001485717350920086
HEM_PA24.nii.gz,79,pancreas lies posterior to the stomach and extends transversely toward the spleen,9,pancreas,0.6228241880831568,0.4522474056648191,31198,63824,29591,0.002446630240908147
HEM_PA24.nii.gz,80,esophagus,10,esophagus,0.5267366317078093,0.357530529215907,1411,590,527,0.00011065437752168073
HEM_PA24.nii.gz,81,distal thoracic esophagus,10,esophagus,1.6949152539500143e-10,1.6949152539500143e-10,0,590,0,0.0
HEM_PA24.nii.gz,82,small collapsed tubular foregut lumen,10,esophagus,1.6949152539500143e-10,1.6949152539500143e-10,0,590,0,0.0
HEM_PA24.nii.gz,83,thin-walled structure at the esophageal hiatus,10,esophagus,0.2631578948388978,0.15151515165047605,132,590,95,1.0351791518683102e-05
HEM_PA24.nii.gz,84,posterior mediastinal compartment,10,esophagus,1.6949152539500143e-10,1.6949152539500143e-10,0,590,0,0.0
HEM_PA24.nii.gz,85,gastroesophageal junction region,10,esophagus,1.6949152539500143e-10,1.6949152539500143e-10,0,590,0,0.0
HEM_PA24.nii.gz,86,posterior to the left atrium and anterior to the vertebral column,10,esophagus,1.6949152539500143e-10,1.6949152539500143e-10,0,590,0,0.0
HEM_PA24.nii.gz,87,distal esophagus enters the abdomen through the diaphragmatic hiatus above the stomach,10,esophagus,1.6949152539500143e-10,1.6949152539500143e-10,0,590,0,0.0
HEM_PA29.nii.gz,0,spleen,0,spleen,0.9360856383177463,0.8798505519163012,87939,99734,87839,0.00844365710335292
HEM_PA29.nii.gz,1,splenic parenchyma,0,spleen,0.941248197472251,0.8890168547766326,88890,99734,88771,0.008534969466528403
HEM_PA29.nii.gz,2,homogeneous left upper quadrant solid organ,0,spleen,1.0026670944702883e-12,1.0026670944702883e-12,0,99734,0,0.0
HEM_PA29.nii.gz,3,crescentic organ with smooth lateral convexity,0,spleen,1.0026670944702883e-12,1.0026670944702883e-12,0,99734,0,0.0
HEM_PA29.nii.gz,4,left hypochondrial region,0,spleen,1.0026670944702883e-12,1.0026670944702883e-12,0,99734,0,0.0
HEM_PA29.nii.gz,5,left subphrenic compartment,0,spleen,1.0026670944702883e-12,1.0026670944702883e-12,0,99734,0,0.0
HEM_PA29.nii.gz,6,posterolateral to the gastric fundus,0,spleen,3.739478043653268e-13,3.739478043653268e-13,167683,99734,0,0.016100453201213658
HEM_PA29.nii.gz,7,spleen lies beneath the left hemidiaphragm along the left lateral abdominal wall,0,spleen,0.9357222056378013,0.8792086150765047,87858,99734,87767,0.008435879709643969
HEM_PA29.nii.gz,8,right kidney,1,right_kidney,0.9675854558825838,0.937206339639269,69078,72340,68417,0.0066326765756423555
HEM_PA29.nii.gz,9,right renal parenchyma,1,right_kidney,0.9652996845426114,0.9329268292683848,68408,72340,67932,0.0065683450474324995
HEM_PA29.nii.gz,10,right-sided reniform retroperitoneal organ,1,right_kidney,0.9062554254701524,0.8285804991168444,60137,72340,60029,0.00577418673426278
HEM_PA29.nii.gz,11,right renal cortex with central renal sinus,1,right_kidney,0.8784583833147247,0.7832597295062335,56875,72340,56755,0.00546097860736644
HEM_PA29.nii.gz,12,right renal fossa,1,right_kidney,0.9376004226003584,0.8825308693131646,63959,72340,63897,0.006141164496677805
HEM_PA29.nii.gz,13,right posterior pararenal region,1,right_kidney,1.3823610727102815e-12,1.3823610727102815e-12,0,72340,0,0.0
HEM_PA29.nii.gz,14,caudal to the right hepatic lobe,1,right_kidney,1.3496005182447776e-12,1.3496005182447776e-12,1756,72340,0,0.00016860621423359066
HEM_PA29.nii.gz,15,right kidney is positioned in the right posterior retroperitoneum adjacent to the psoas muscle,1,right_kidney,0.7157414475672249,0.5573188095277127,40318,72340,40317,0.0038712217229327495
HEM_PA29.nii.gz,16,left kidney,2,left_kidney,0.9441444261825118,0.8941984581934931,54404,60589,54285,0.005223720090640243
HEM_PA29.nii.gz,17,left renal parenchyma,2,left_kidney,0.9413675945254807,0.8892299061104414,53904,60589,53890,0.00517571148749856
HEM_PA29.nii.gz,18,left-sided bean-shaped retroperitoneal organ,2,left_kidney,0.881203201890961,0.7876347191737978,47722,60589,47722,0.004582133118254791
HEM_PA29.nii.gz,19,left renal cortex surrounding the collecting sinus,2,left_kidney,0.8480494179141382,0.7361855891238038,44636,60589,44618,0.004285824019664324
HEM_PA29.nii.gz,20,left renal fossa,2,left_kidney,0.9146148127581443,0.8426638059088254,51058,60589,51057,0.0049024465184161
HEM_PA29.nii.gz,21,left posterior pararenal region,2,left_kidney,1.6504646057838048e-12,1.6504646057838048e-12,0,60589,0,0.0
HEM_PA29.nii.gz,22,posteroinferior to the spleen,2,left_kidney,1.539551066906519e-12,1.539551066906519e-12,4365,60589,0,0.0004191151054268925
HEM_PA29.nii.gz,23,left kidney is positioned in the left posterior retroperitoneum near the splenic hilum,2,left_kidney,0.8315462645120613,0.7116638333695693,43119,60589,43119,0.004140165917732458
HEM_PA29.nii.gz,24,gallbladder,3,gallbladder,2.8653295128118817e-11,2.8653295128118817e-11,3490,0,0,0.0003351000499289473
HEM_PA29.nii.gz,25,cystic biliary reservoir,3,gallbladder,3.4928396785367506e-11,3.4928396785367506e-11,2863,0,0,0.0002748972615892768
HEM_PA29.nii.gz,26,thin-walled pear-shaped fluid structure,3,gallbladder,1.0,1.0,0,0,0,0.0
HEM_PA29.nii.gz,27,hypodense intraluminal bile-containing sac,3,gallbladder,5.747126433478663e-10,5.747126433478663e-10,174,0,0,1.670699389330568e-05
HEM_PA29.nii.gz,28,gallbladder fossa,3,gallbladder,3.821169277652993e-11,3.821169277652993e-11,2617,0,0,0.00025127702884356876
HEM_PA29.nii.gz,29,inferior hepatic surface,3,gallbladder,3.85210980053627e-13,3.85210980053627e-13,259598,0,0,0.02492587471674924
HEM_PA29.nii.gz,30,adjacent to hepatic segment IVb and segment V,3,gallbladder,4.894762603774118e-11,4.894762603774118e-11,2043,0,0,0.0001961631524369167
HEM_PA29.nii.gz,31,gallbladder lies along the undersurface of the liver near the porta hepatis,3,gallbladder,9.174311925763823e-11,9.174311925763823e-11,1090,0,0,0.00010465875484886892
HEM_PA29.nii.gz,32,liver,4,liver,0.958117378789944,0.9196020350902666,790006,855402,788247,0.07585416906709683
HEM_PA29.nii.gz,33,hepatic parenchyma,4,liver,0.9586222644915019,0.9205327056693963,791184,855402,789227,0.07596727733609863
HEM_PA29.nii.gz,34,large right-dominant solid visceral organ,4,liver,1.1690409889150167e-13,1.1690409889150167e-13,0,855402,0,0.0
HEM_PA29.nii.gz,35,homogeneous hepatic attenuation structure,4,liver,0.9313476434496619,0.8715160152325921,746728,855402,746070,0.0716987364135653
HEM_PA29.nii.gz,36,right hypochondrial region,4,liver,0.022497624711437392,0.011376787705890238,9756,855402,9732,0.0009367438645005185
HEM_PA29.nii.gz,37,right subdiaphragmatic compartment,4,liver,1.1690409889150167e-13,1.1690409889150167e-13,0,855402,0,0.0
HEM_PA29.nii.gz,38,cranial to the gallbladder and right kidney,4,liver,1.1690409889150167e-13,1.1690409889150167e-13,0,855402,0,0.0
HEM_PA29.nii.gz,39,liver occupies the right upper abdomen and extends into the epigastrium,4,liver,0.7330126055210989,0.5785476704151509,495276,855402,495032,0.04755501785920037
HEM_PA29.nii.gz,40,stomach,5,stomach,0.8869078276878775,0.7967963927422325,245813,301705,242799,0.023602277528133042
HEM_PA29.nii.gz,41,gastric lumen,5,stomach,0.8511851002952597,0.740924495768704,225339,301705,224306,0.021636421246687406
HEM_PA29.nii.gz,42,hollow foregut organ with variable distension,5,stomach,0.43986462203551996,0.2819400343383022,85064,301705,85063,0.008167607635288244
HEM_PA29.nii.gz,43,air-fluid containing gastric cavity,5,stomach,0.8425863326802105,0.7279906540514859,221909,301705,220595,0.021307082229135462
HEM_PA29.nii.gz,44,epigastric region,5,stomach,0.3388554880199142,0.20398916865831093,61559,301705,61547,0.005910723201597726
HEM_PA29.nii.gz,45,left upper intraperitoneal space,5,stomach,3.314495948027605e-13,3.314495948027605e-13,0,301705,0,0.0
HEM_PA29.nii.gz,46,medial to the spleen and ventral to the pancreas,5,stomach,3.3073048442083115e-13,3.3073048442083115e-13,656,301705,0,6.298728732188808e-05
HEM_PA29.nii.gz,47,stomach is seen below the left hemidiaphragm anterior to the pancreatic body,5,stomach,0.005051740668824991,0.002532266511437448,765,301705,764,7.345316280677497e-05
HEM_PA29.nii.gz,48,aorta,6,aorta,0.9361459393560503,0.8799571050088735,46697,42710,41849,0.004483715481814341
HEM_PA29.nii.gz,49,abdominal aorta,6,aorta,0.8378909919955932,0.7210089468584219,37119,42710,33444,0.0035640626800322616
HEM_PA29.nii.gz,50,thick-walled pulsatile arterial lumen,6,aorta,0.9412448170593462,0.8890108234891464,45078,42710,41315,0.0043282636248415714
HEM_PA29.nii.gz,51,round prevertebral arterial structure,6,aorta,2.3413720440123123e-12,2.3413720440123123e-12,0,42710,0,0.0
HEM_PA29.nii.gz,52,left para-aortic compartment,6,aorta,2.3413720440123123e-12,2.3413720440123123e-12,0,42710,0,0.0
HEM_PA29.nii.gz,53,anterior vertebral body margin,6,aorta,2.3413720440123123e-12,2.3413720440123123e-12,0,42710,0,0.0
HEM_PA29.nii.gz,54,left of the inferior vena cava,6,aorta,2.3068050749658436e-12,2.3068050749658436e-12,640,42710,0,6.145101202135423e-05
HEM_PA29.nii.gz,55,abdominal aorta descends anterior to the spine on the left side of midline,6,aorta,2.3413720440123123e-12,2.3413720440123123e-12,0,42710,0,0.0
HEM_PA29.nii.gz,56,inferior vena cava,7,inferior_vena_cava,0.6966511325474334,0.5345085647801886,11895,6559,6428,0.0011421246687406384
HEM_PA29.nii.gz,57,IVC,7,inferior_vena_cava,0.6929687077787766,0.5301852464478152,11944,6559,6411,0.0011468295118485232
HEM_PA29.nii.gz,58,thin-walled right-sided venous channel,7,inferior_vena_cava,0.7328477785889814,0.5783423382046402,7171,6559,5031,0.0006885393862580175
HEM_PA29.nii.gz,59,oval paracaval vascular lumen,7,inferior_vena_cava,0.7432432432455564,0.5913978494682237,4541,6559,4125,0.0004360141337327649
HEM_PA29.nii.gz,60,right paracaval compartment,7,inferior_vena_cava,1.5246226558694218e-11,1.5246226558694218e-11,0,6559,0,0.0
HEM_PA29.nii.gz,61,retrohepatic caval segment,7,inferior_vena_cava,0.46738028169614215,0.30495515366409415,2316,6559,2074,0.0002223758497522756
HEM_PA29.nii.gz,62,right of the abdominal aorta,7,inferior_vena_cava,1.3968431344964821e-11,1.3968431344964821e-11,600,6559,0,5.761032377001959e-05
HEM_PA29.nii.gz,63,inferior vena cava courses along the right anterolateral aspect of the vertebral column,7,inferior_vena_cava,0.7099201615150048,0.550291648889596,4338,6559,3868,0.00041652264085724163
HEM_PA29.nii.gz,64,duodenum,8,duodenum,0.7114815925947982,0.5521702976898315,23580,23086,16601,0.00226408572416177
HEM_PA29.nii.gz,65,duodenal C-loop,8,duodenum,0.7342584682173815,0.5801014265402601,20223,23086,15900,0.00194175596266851
HEM_PA29.nii.gz,66,C-shaped proximal small bowel segment,8,duodenum,0.6477335614035122,0.47899847464757245,16668,23086,12875,0.0016004147943311441
HEM_PA29.nii.gz,67,retroperitoneal enteric loop encircling the pancreatic head,8,duodenum,4.331629559021347e-12,4.331629559021347e-12,0,23086,0,0.0
HEM_PA29.nii.gz,68,right anterior pararenal compartment,8,duodenum,4.326007959835932e-12,4.326007959835932e-12,30,23086,0,2.8805161885009794e-06
HEM_PA29.nii.gz,69,peripancreatic duodenal groove,8,duodenum,0.0011176546490086505,0.0005591397892449069,177,23086,13,1.6995045512155777e-05
HEM_PA29.nii.gz,70,between the pancreatic head and right renal hilum,8,duodenum,4.23710859707539e-12,4.23710859707539e-12,515,23086,0,4.944886123593348e-05
HEM_PA29.nii.gz,71,duodenum curves around the pancreatic head in the right upper abdomen,8,duodenum,0.5258500665216861,0.3567140998222025,9235,23086,8498,0.0008867189000268848
HEM_PA29.nii.gz,72,pancreas,9,pancreas,0.8539679065650733,0.7451518255529694,44468,56051,42920,0.004269693129008718
HEM_PA29.nii.gz,73,pancreatic parenchyma,9,pancreas,0.8618493170978759,0.7572365680970476,45208,56051,43635,0.00434074586165841
HEM_PA29.nii.gz,74,lobulated transverse retroperitoneal gland,9,pancreas,0.05988127585355068,0.03086474817749752,1730,56051,1730,0.00016610976687022314
HEM_PA29.nii.gz,75,elongated soft-tissue organ across the epigastrium,9,pancreas,3.537606526175268e-13,3.537606526175268e-13,226626,56051,0,0.021759995391174097
HEM_PA29.nii.gz,76,anterior pararenal compartment,9,pancreas,1.7840894899256316e-12,1.7840894899256316e-12,0,56051,0,0.0
HEM_PA29.nii.gz,77,retrogastric pancreatic bed,9,pancreas,0.37655574947873227,0.2319486790870236,13851,56051,13161,0.0013299343242309022
HEM_PA29.nii.gz,78,from the duodenal C-loop toward the splenic hilum,9,pancreas,0.012552241979156262,0.006315759460799071,14534,56051,443,0.001395514076122441
HEM_PA29.nii.gz,79,pancreas lies posterior to the stomach and extends transversely toward the spleen,9,pancreas,0.5482785861732011,0.3776747941801786,22431,56051,21515,0.0021537619541421825
HEM_PA29.nii.gz,80,esophagus,10,esophagus,0.6497262958731518,0.4811811811863745,5552,9245,4807,0.0005330875292852479
HEM_PA29.nii.gz,81,distal thoracic esophagus,10,esophagus,1.0816657652668288e-11,1.0816657652668288e-11,0,9245,0,0.0
HEM_PA29.nii.gz,82,small collapsed tubular foregut lumen,10,esophagus,1.0816657652668288e-11,1.0816657652668288e-11,0,9245,0,0.0
HEM_PA29.nii.gz,83,thin-walled structure at the esophageal hiatus,10,esophagus,0.015029522286473111,0.007571660367684459,70,9245,70,6.721204439835618e-06
HEM_PA29.nii.gz,84,posterior mediastinal compartment,10,esophagus,1.0816657652668288e-11,1.0816657652668288e-11,0,9245,0,0.0
HEM_PA29.nii.gz,85,gastroesophageal junction region,10,esophagus,1.0816657652668288e-11,1.0816657652668288e-11,0,9245,0,0.0
HEM_PA29.nii.gz,86,posterior to the left atrium and anterior to the vertebral column,10,esophagus,1.0816657652668288e-11,1.0816657652668288e-11,0,9245,0,0.0
HEM_PA29.nii.gz,87,distal esophagus enters the abdomen through the diaphragmatic hiatus above the stomach,10,esophagus,1.0816657652668288e-11,1.0816657652668288e-11,0,9245,0,0.0
HEM_PA34.nii.gz,0,spleen,0,spleen,0.9640294004900202,0.9305567174841013,147282,152713,144602,0.009673141830319056
HEM_PA34.nii.gz,1,splenic parenchyma,0,spleen,0.9646623263110086,0.9317369113729453,148184,152713,145132,0.009732383108485754
HEM_PA34.nii.gz,2,homogeneous left upper quadrant solid organ,0,spleen,6.548230995392305e-13,6.548230995392305e-13,0,152713,0,0.0
HEM_PA34.nii.gz,3,crescentic organ with smooth lateral convexity,0,spleen,6.548230995392305e-13,6.548230995392305e-13,0,152713,0,0.0
HEM_PA34.nii.gz,4,left hypochondrial region,0,spleen,6.548230995392305e-13,6.548230995392305e-13,0,152713,0,0.0
HEM_PA34.nii.gz,5,left subphrenic compartment,0,spleen,6.548230995392305e-13,6.548230995392305e-13,0,152713,0,0.0
HEM_PA34.nii.gz,6,posterolateral to the gastric fundus,0,spleen,4.820926678523822e-13,4.820926678523822e-13,54716,152713,0,0.003593620594422519
HEM_PA34.nii.gz,7,spleen lies beneath the left hemidiaphragm along the left lateral abdominal wall,0,spleen,0.9524421637310347,0.9092024619121092,142906,152713,140780,0.00938573625021099
HEM_PA34.nii.gz,8,right kidney,1,right_kidney,0.940038184552952,0.8868604235111351,114362,117669,109059,0.007511032210310478
HEM_PA34.nii.gz,9,right renal parenchyma,1,right_kidney,0.9379122305894841,0.8830835431897484,113391,117669,108357,0.007447259171397103
HEM_PA34.nii.gz,10,right-sided reniform retroperitoneal organ,1,right_kidney,0.8796504439699339,0.7851571317500731,95859,117669,93915,0.006295797875589375
HEM_PA34.nii.gz,11,right renal cortex with central renal sinus,1,right_kidney,0.7625154105262211,0.6161817423929836,76192,117669,73911,0.005004114707402598
HEM_PA34.nii.gz,12,right renal fossa,1,right_kidney,0.9248240935777686,0.8601607309591669,105461,117669,103178,0.0069264350739892035
HEM_PA34.nii.gz,13,right posterior pararenal region,1,right_kidney,8.498415045586774e-13,8.498415045586774e-13,0,117669,0,0.0
HEM_PA34.nii.gz,14,caudal to the right hepatic lobe,1,right_kidney,8.409933813813812e-13,8.409933813813812e-13,1238,117669,0,8.130898267225452e-05
HEM_PA34.nii.gz,15,right kidney is positioned in the right posterior retroperitoneum adjacent to the psoas muscle,1,right_kidney,0.4452531645573278,0.2863830653374666,34011,117669,33768,0.0022337639819596518
HEM_PA34.nii.gz,16,left kidney,2,left_kidney,0.9560296217171297,0.9157631687688713,143266,148817,139620,0.009409380219324085
HEM_PA34.nii.gz,17,left renal parenchyma,2,left_kidney,0.9557877124469999,0.9153193501359912,142844,148817,139383,0.009381664233308178
HEM_PA34.nii.gz,18,left-sided bean-shaped retroperitoneal organ,2,left_kidney,0.9226305400653922,0.8563733931361337,129316,148817,128307,0.008493176416191652
HEM_PA34.nii.gz,19,left renal cortex surrounding the collecting sinus,2,left_kidney,0.8654495150649625,0.7628126967964822,114311,148817,113862,0.007507682648019457
HEM_PA34.nii.gz,20,left renal fossa,2,left_kidney,0.9404567440843278,0.8876058045139568,134624,148817,133282,0.008841793605225842
HEM_PA34.nii.gz,21,left posterior pararenal region,2,left_kidney,0.0009268836566225657,0.00046365670655875086,69,148817,69,4.531760746676545e-06
HEM_PA34.nii.gz,22,posteroinferior to the spleen,2,left_kidney,0.00019075839241532505,9.538829458442793e-05,8450,148817,15,0.0005549764972379247
HEM_PA34.nii.gz,23,left kidney is positioned in the left posterior retroperitoneum near the splenic hilum,2,left_kidney,0.6653158011958368,0.49848181449376466,80172,148817,76175,0.00526551192148626
HEM_PA34.nii.gz,24,gallbladder,3,gallbladder,0.8462348155106647,0.7334549758371958,15804,19347,14873,0.0010379702440648712
HEM_PA34.nii.gz,25,cystic biliary reservoir,3,gallbladder,0.8269355888098807,0.7049362174169065,14467,19347,13981,0.0009501591698865156
HEM_PA34.nii.gz,26,thin-walled pear-shaped fluid structure,3,gallbladder,5.168760014445812e-12,5.168760014445812e-12,0,19347,0,0.0
HEM_PA34.nii.gz,27,hypodense intraluminal bile-containing sac,3,gallbladder,0.8141815891304053,0.6865988769176578,13992,19347,13572,0.0009189622661956263
HEM_PA34.nii.gz,28,gallbladder fossa,3,gallbladder,0.8298071851379306,0.7091200480807877,14779,19347,14159,0.0009706506097845312
HEM_PA34.nii.gz,29,inferior hepatic surface,3,gallbladder,0.0029788229656592734,0.0014916331384491792,506364,19347,783,0.033256818822175675
HEM_PA34.nii.gz,30,adjacent to hepatic segment IVb and segment V,3,gallbladder,0.03466419065534685,0.017637795277970592,22656,19347,728,0.0014879937895174464
HEM_PA34.nii.gz,31,gallbladder lies along the undersurface of the liver near the porta hepatis,3,gallbladder,0.8278580058689723,0.7062779168521756,15415,19347,14389,0.0010124216218843323
HEM_PA34.nii.gz,32,liver,4,liver,0.9523291732606842,0.9089965559360268,1208060,1287890,1188483,0.0793425925743488
HEM_PA34.nii.gz,33,hepatic parenchyma,4,liver,0.9488695691241422,0.9027134418832281,1205009,1287890,1182718,0.07914220993611532
HEM_PA34.nii.gz,34,large right-dominant solid visceral organ,4,liver,0.00011491004414718775,5.745832338165081e-05,74,1287890,74,4.860149206580642e-06
HEM_PA34.nii.gz,35,homogeneous hepatic attenuation structure,4,liver,0.9209677957617253,0.8535127979909308,1109310,1287890,1103872,0.07285692049124287
HEM_PA34.nii.gz,36,right hypochondrial region,4,liver,0.04311531553988022,0.022032629659958475,28394,1287890,28376,0.0018648523861033886
HEM_PA34.nii.gz,37,right subdiaphragmatic compartment,4,liver,7.764638284324923e-14,7.764638284324923e-14,0,1287890,0,0.0
HEM_PA34.nii.gz,38,cranial to the gallbladder and right kidney,4,liver,7.761733412398922e-14,7.761733412398922e-14,482,1287890,0,3.165664753475499e-05
HEM_PA34.nii.gz,39,liver occupies the right upper abdomen and extends into the epigastrium,4,liver,0.7707339269259276,0.6269870647276076,808722,1287890,807965,0.0531149944141123
HEM_PA34.nii.gz,40,stomach,5,stomach,0.8331394586085481,0.7140008844717426,97054,131616,95257,0.006374282717506455
HEM_PA34.nii.gz,41,gastric lumen,5,stomach,0.7955798587378466,0.6605501116116222,87834,131616,87295,0.005768734397443299
HEM_PA34.nii.gz,42,hollow foregut organ with variable distension,5,stomach,0.5987523553021713,0.42729945528764385,56258,131616,56245,0.0036948955954569426
HEM_PA34.nii.gz,43,air-fluid containing gastric cavity,5,stomach,0.7895228500779423,0.6522410192781737,86764,131616,86208,0.005698459267023822
HEM_PA34.nii.gz,44,epigastric region,5,stomach,0.6278133958823936,0.4575277108803988,60234,131616,60223,0.003956030098772681
HEM_PA34.nii.gz,45,left upper intraperitoneal space,5,stomach,7.597860442493619e-13,7.597860442493619e-13,0,131616,0,0.0
HEM_PA34.nii.gz,46,medial to the spleen and ventral to the pancreas,5,stomach,7.219538960236787e-13,7.219538960236787e-13,6897,131616,0,0.000452979041591712
HEM_PA34.nii.gz,47,stomach is seen below the left hemidiaphragm anterior to the pancreatic body,5,stomach,0.2671267540837575,0.1541525063727742,20529,131616,20321,0.0013482973386742432
HEM_PA34.nii.gz,48,aorta,6,aorta,0.9347189174315953,0.8774387649672478,31689,30090,28873,0.0020812603811801887
HEM_PA34.nii.gz,49,abdominal aorta,6,aorta,0.9050731078233125,0.8266059718602323,27291,30090,25967,0.0017924098918485447
HEM_PA34.nii.gz,50,thick-walled pulsatile arterial lumen,6,aorta,0.9333735505061778,0.8750706969148649,29586,30090,27850,0.0019431401949445253
HEM_PA34.nii.gz,51,round prevertebral arterial structure,6,aorta,3.3233632435914808e-12,3.3233632435914808e-12,0,30090,0,0.0
HEM_PA34.nii.gz,52,left para-aortic compartment,6,aorta,3.3233632435914808e-12,3.3233632435914808e-12,0,30090,0,0.0
HEM_PA34.nii.gz,53,anterior vertebral body margin,6,aorta,3.3233632435914808e-12,3.3233632435914808e-12,0,30090,0,0.0
HEM_PA34.nii.gz,54,left of the inferior vena cava,6,aorta,2.777854940407295e-12,2.777854940407295e-12,5909,30090,0,0.00038808948191466235
HEM_PA34.nii.gz,55,abdominal aorta descends anterior to the spine on the left side of midline,6,aorta,0.0013284623081988426,0.0006646726520416594,20,30090,20,1.3135538396163896e-06
HEM_PA34.nii.gz,56,inferior vena cava,7,inferior_vena_cava,0.7762348685132149,0.6343005275621507,20792,15143,13947,0.0013655705716651987
HEM_PA34.nii.gz,57,IVC,7,inferior_vena_cava,0.7824112998156426,0.6425908023770078,20539,15143,13959,0.0013489541155940513
HEM_PA34.nii.gz,58,thin-walled right-sided venous channel,7,inferior_vena_cava,0.6648031496076189,0.4979064693076729,10257,15143,8443,0.0006736560866472654
HEM_PA34.nii.gz,59,oval paracaval vascular lumen,7,inferior_vena_cava,0.4745528214276384,0.311090956210734,5095,15143,4802,0.0003346278406422753
HEM_PA34.nii.gz,60,right paracaval compartment,7,inferior_vena_cava,6.603711285698978e-12,6.603711285698978e-12,0,15143,0,0.0
HEM_PA34.nii.gz,61,retrohepatic caval segment,7,inferior_vena_cava,0.5676314498525281,0.39628868547608015,7280,15143,6364,0.00047813359762036584
HEM_PA34.nii.gz,62,right of the abdominal aorta,7,inferior_vena_cava,6.603711285698978e-12,6.603711285698978e-12,0,15143,0,0.0
HEM_PA34.nii.gz,63,inferior vena cava courses along the right anterolateral aspect of the vertebral column,7,inferior_vena_cava,0.5985948881531029,0.4271390785543019,8058,15143,6944,0.0005292308419814434
HEM_PA34.nii.gz,64,duodenum,8,duodenum,0.7062891440507432,0.5459404942022326,20541,25443,16239,0.0013490854709780132
HEM_PA34.nii.gz,65,duodenal C-loop,8,duodenum,0.7092567279904335,0.5494948092095778,19184,25443,15826,0.001259960842960041
HEM_PA34.nii.gz,66,C-shaped proximal small bowel segment,8,duodenum,0.5715599805216938,0.40012879275957375,11519,25443,10563,0.0007565413339270596
HEM_PA34.nii.gz,67,retroperitoneal enteric loop encircling the pancreatic head,8,duodenum,3.930045195504303e-12,3.930045195504303e-12,2,25443,0,1.3135538396163898e-07
HEM_PA34.nii.gz,68,right anterior pararenal compartment,8,duodenum,3.86294278980236e-12,3.86294278980236e-12,444,25443,0,2.916089523948385e-05
HEM_PA34.nii.gz,69,peripancreatic duodenal groove,8,duodenum,3.757420906275804e-12,3.757420906275804e-12,1171,25443,0,7.690857730953961e-05
HEM_PA34.nii.gz,70,between the pancreatic head and right renal hilum,8,duodenum,3.831564427741171e-12,3.831564427741171e-12,656,25443,0,4.3084565939417586e-05
HEM_PA34.nii.gz,71,duodenum curves around the pancreatic head in the right upper abdomen,8,duodenum,0.550041290392525,0.37934962337174594,12096,25443,10324,0.0007944373621999925
HEM_PA34.nii.gz,72,pancreas,9,pancreas,0.8600500304240011,0.7544629618649493,66746,81164,63605,0.004383723228951778
HEM_PA34.nii.gz,73,pancreatic parenchyma,9,pancreas,0.8642378299635376,0.7609320443697764,67110,81164,64072,0.004407629908832796
HEM_PA34.nii.gz,74,lobulated transverse retroperitoneal gland,9,pancreas,0.0013789706981022173,0.0006899610677139004,56,81164,56,3.6779507509258913e-06
HEM_PA34.nii.gz,75,elongated soft-tissue organ across the epigastrium,9,pancreas,5.780346820805907e-13,5.780346820805907e-13,91836,81164,0,0.0060315765207505385
HEM_PA34.nii.gz,76,anterior pararenal compartment,9,pancreas,1.2320733330032623e-12,1.2320733330032623e-12,0,81164,0,0.0
HEM_PA34.nii.gz,77,retrogastric pancreatic bed,9,pancreas,0.6184582301906013,0.44765800333086264,38815,81164,37101,0.0025492796142355086
HEM_PA34.nii.gz,78,from the duodenal C-loop toward the splenic hilum,9,pancreas,0.01107176380342705,0.005566698487653977,12588,81164,519,0.0008267507866545557
HEM_PA34.nii.gz,79,pancreas lies posterior to the stomach and extends transversely toward the spleen,9,pancreas,0.7370044939300371,0.5835369091879583,53017,81164,49446,0.0034820341957471066
HEM_PA34.nii.gz,80,esophagus,10,esophagus,0.5869565217627599,0.4153846154319526,923,825,513,6.0620509698296386e-05
HEM_PA34.nii.gz,81,distal thoracic esophagus,10,esophagus,1.2121212119742882e-10,1.2121212119742882e-10,0,825,0,0.0
HEM_PA34.nii.gz,82,small collapsed tubular foregut lumen,10,esophagus,1.2121212119742882e-10,1.2121212119742882e-10,0,825,0,0.0
HEM_PA34.nii.gz,83,thin-walled structure at the esophageal hiatus,10,esophagus,0.009650181060355829,0.004848484969109275,4,825,4,2.6271076792327796e-07
HEM_PA34.nii.gz,84,posterior mediastinal compartment,10,esophagus,1.2121212119742882e-10,1.2121212119742882e-10,0,825,0,0.0
HEM_PA34.nii.gz,85,gastroesophageal junction region,10,esophagus,1.2121212119742882e-10,1.2121212119742882e-10,0,825,0,0.0
HEM_PA34.nii.gz,86,posterior to the left atrium and anterior to the vertebral column,10,esophagus,1.2121212119742882e-10,1.2121212119742882e-10,0,825,0,0.0
HEM_PA34.nii.gz,87,distal esophagus enters the abdomen through the diaphragmatic hiatus above the stomach,10,esophagus,1.2121212119742882e-10,1.2121212119742882e-10,0,825,0,0.0
HEM_PA56.nii.gz,0,spleen,0,spleen,0.9205798006204099,0.8528465570216137,120856,135439,117970,0.012655270682120304
HEM_PA56.nii.gz,1,splenic parenchyma,0,spleen,0.9224833010169292,0.856119725928701,121912,135439,118701,0.012765848277277508
HEM_PA56.nii.gz,2,homogeneous left upper quadrant solid organ,0,spleen,7.38339769194443e-13,7.38339769194443e-13,0,135439,0,0.0
HEM_PA56.nii.gz,3,crescentic organ with smooth lateral convexity,0,spleen,7.38339769194443e-13,7.38339769194443e-13,0,135439,0,0.0
HEM_PA56.nii.gz,4,left hypochondrial region,0,spleen,7.38339769194443e-13,7.38339769194443e-13,0,135439,0,0.0
HEM_PA56.nii.gz,5,left subphrenic compartment,0,spleen,7.38339769194443e-13,7.38339769194443e-13,0,135439,0,0.0
HEM_PA56.nii.gz,6,posterolateral to the gastric fundus,0,spleen,5.627683701662064e-13,5.627683701662064e-13,42254,135439,0,0.004424569797133045
HEM_PA56.nii.gz,7,spleen lies beneath the left hemidiaphragm along the left lateral abdominal wall,0,spleen,0.9207131558905971,0.8530754923177082,120606,135439,117872,0.01262909227417589
HEM_PA56.nii.gz,8,right kidney,1,right_kidney,0.9307147598125529,0.8704083109287566,118985,126594,114282,0.012459351477064312
HEM_PA56.nii.gz,9,right renal parenchyma,1,right_kidney,0.9351864593367539,0.8782631170846105,120484,126594,115532,0.012616317211099017
HEM_PA56.nii.gz,10,right-sided reniform retroperitoneal organ,1,right_kidney,0.8995446893994014,0.8174295500546338,106873,126594,105007,0.011191059968973351
HEM_PA56.nii.gz,11,right renal cortex with central renal sinus,1,right_kidney,0.8167685224704119,0.6902863370199075,93652,126594,89945,0.009806641043240971
HEM_PA56.nii.gz,12,right renal fossa,1,right_kidney,0.9197450092266735,0.8514147280803713,111846,126594,109652,0.01171180085980363
HEM_PA56.nii.gz,13,right posterior pararenal region,1,right_kidney,7.899268527728091e-13,7.899268527728091e-13,0,126594,0,0.0
HEM_PA56.nii.gz,14,caudal to the right hepatic lobe,1,right_kidney,7.84886230740238e-13,7.84886230740238e-13,813,126594,0,8.513218263523373e-05
HEM_PA56.nii.gz,15,right kidney is positioned in the right posterior retroperitoneum adjacent to the psoas muscle,1,right_kidney,0.5489869323330061,0.3783473385363886,66631,126594,53039,0.006977173998976948
HEM_PA56.nii.gz,16,left kidney,2,left_kidney,0.926044503679693,0.8622745605871459,130446,145666,127846,0.013659474410868018
HEM_PA56.nii.gz,17,left renal parenchyma,2,left_kidney,0.9277388265428207,0.8652172152719643,130748,145666,128220,0.01369109792766487
HEM_PA56.nii.gz,18,left-sided bean-shaped retroperitoneal organ,2,left_kidney,0.8906029208418197,0.8027810218480936,118299,145666,117544,0.01238751792566484
HEM_PA56.nii.gz,19,left renal cortex surrounding the collecting sinus,2,left_kidney,0.8045921018447143,0.6730690863649698,100670,145666,99100,0.010541521311056555
HEM_PA56.nii.gz,20,left renal fossa,2,left_kidney,0.9148278954419454,0.8430256284689281,125303,145666,123945,0.013120932202635537
HEM_PA56.nii.gz,21,left posterior pararenal region,2,left_kidney,0.021600559361472257,0.010918199286981253,1645,145666,1591,0.0001722539242742429
HEM_PA56.nii.gz,22,posteroinferior to the spleen,2,left_kidney,0.001530798202526102,0.000765985386092644,18954,145666,126,0.001984742176713678
HEM_PA56.nii.gz,23,left kidney is positioned in the left posterior retroperitoneum near the splenic hilum,2,left_kidney,0.8085023527503616,0.6785597559649209,100854,145666,99656,0.010560788619303645
HEM_PA56.nii.gz,24,gallbladder,3,gallbladder,0.6984078029234033,0.5365795865201316,11394,14545,9058,0.0011931071204746041
HEM_PA56.nii.gz,25,cystic biliary reservoir,3,gallbladder,0.5271934811468297,0.3579516212084537,6563,14545,5564,0.0006872355653567514
HEM_PA56.nii.gz,26,thin-walled pear-shaped fluid structure,3,gallbladder,6.875214850416808e-12,6.875214850416808e-12,0,14545,0,0.0
HEM_PA56.nii.gz,27,hypodense intraluminal bile-containing sac,3,gallbladder,0.4642338689519736,0.3022816166929447,5432,14545,4637,0.0005688044478162234
HEM_PA56.nii.gz,28,gallbladder fossa,3,gallbladder,0.6668528344051269,0.5002094679543946,10522,14545,8358,0.0011017968335644886
HEM_PA56.nii.gz,29,inferior hepatic surface,3,gallbladder,0.002860390784927612,0.0014322437810124333,527339,14545,775,0.05521958186799695
HEM_PA56.nii.gz,30,adjacent to hepatic segment IVb and segment V,3,gallbladder,0.009761791079076446,0.004904835530722117,23153,14545,184,0.0024244347165480523
HEM_PA56.nii.gz,31,gallbladder lies along the undersurface of the liver near the porta hepatis,3,gallbladder,0.5476278382889624,0.377057515097699,7123,14545,5933,0.0007458751991522384
HEM_PA56.nii.gz,32,liver,4,liver,0.9285375182234019,0.8666075891745585,1219274,1396868,1214593,0.12767460867206884
HEM_PA56.nii.gz,33,hepatic parenchyma,4,liver,0.9244028630507913,0.8594322458618151,1210281,1396868,1205028,0.1267329189814924
HEM_PA56.nii.gz,34,large right-dominant solid visceral organ,4,liver,0.00029060799350925687,0.00014532511311017611,203,1396868,203,2.125686725086402e-05
HEM_PA56.nii.gz,35,homogeneous hepatic attenuation structure,4,liver,0.8431204128231858,0.7287883909168995,1022376,1396868,1019857,0.10705670400231208
HEM_PA56.nii.gz,36,right hypochondrial region,4,liver,0.04773972545333686,0.02445356599006283,34728,1396868,34172,0.003636495004374412
HEM_PA56.nii.gz,37,right subdiaphragmatic compartment,4,liver,7.158872563477211e-14,7.158872563477211e-14,0,1396868,0,0.0
HEM_PA56.nii.gz,38,cranial to the gallbladder and right kidney,4,liver,7.158872563477211e-14,7.158872563477211e-14,0,1396868,0,0.0
HEM_PA56.nii.gz,39,liver occupies the right upper abdomen and extends into the epigastrium,4,liver,0.7635752493088135,0.617567101339549,862980,1396868,862782,0.09036576995148093
HEM_PA56.nii.gz,40,stomach,5,stomach,0.7262671080802031,0.5701879198437855,129608,147381,100584,0.013571724387438344
HEM_PA56.nii.gz,41,gastric lumen,5,stomach,0.6606032764224619,0.4932095657649508,89890,147381,78371,0.00941270836049343
HEM_PA56.nii.gz,42,hollow foregut organ with variable distension,5,stomach,0.27709514076043096,0.16083020445088217,24827,147381,23859,0.0025997253361438473
HEM_PA56.nii.gz,43,air-fluid containing gastric cavity,5,stomach,0.6734464618033831,0.5076662512386108,88516,147381,79432,0.009268831830430934
HEM_PA56.nii.gz,44,epigastric region,5,stomach,0.2076433739625069,0.11584936331677334,17363,147381,17104,0.0018181427885554282
HEM_PA56.nii.gz,45,left upper intraperitoneal space,5,stomach,6.78513512596143e-13,6.78513512596143e-13,0,147381,0,0.0
HEM_PA56.nii.gz,46,medial to the spleen and ventral to the pancreas,5,stomach,6.607594835499561e-05,3.30390660516777e-05,3960,147381,5,0.00041466598183951484
HEM_PA56.nii.gz,47,stomach is seen below the left hemidiaphragm anterior to the pancreatic body,5,stomach,0.1527800301897726,0.082708087118634,12941,147381,12247,0.0013550991088346368
HEM_PA56.nii.gz,48,aorta,6,aorta,0.9186957807571979,0.8496182336185764,42753,38399,37277,0.004476821899390095
HEM_PA56.nii.gz,49,abdominal aorta,6,aorta,0.8545052968485346,0.7459705352612895,37212,38399,32305,0.0038966036657101075
HEM_PA56.nii.gz,50,thick-walled pulsatile arterial lumen,6,aorta,0.9207256397827154,0.8530969267142953,39987,38399,36086,0.004187183993893101
HEM_PA56.nii.gz,51,round prevertebral arterial structure,6,aorta,2.6042344852662717e-12,2.6042344852662717e-12,0,38399,0,0.0
HEM_PA56.nii.gz,52,left para-aortic compartment,6,aorta,2.6042344852662717e-12,2.6042344852662717e-12,0,38399,0,0.0
HEM_PA56.nii.gz,53,anterior vertebral body margin,6,aorta,2.6042344852662717e-12,2.6042344852662717e-12,0,38399,0,0.0
HEM_PA56.nii.gz,54,left of the inferior vena cava,6,aorta,1.9157088122568665e-12,1.9157088122568665e-12,13801,38399,0,0.0014451528321634203
HEM_PA56.nii.gz,55,abdominal aorta descends anterior to the spine on the left side of midline,6,aorta,0.06919587217939778,0.03583785179696401,1719,38399,1388,0.0001800027330257894
HEM_PA56.nii.gz,56,inferior vena cava,7,inferior_vena_cava,0.7280153997844531,0.5723460800246756,38148,25749,23259,0.003994615625053993
HEM_PA56.nii.gz,57,IVC,7,inferior_vena_cava,0.7327868852463228,0.5782664941795744,37691,25749,23244,0.003946761495331605
HEM_PA56.nii.gz,58,thin-walled right-sided venous channel,7,inferior_vena_cava,0.6809549122899509,0.5162483971441061,15637,25749,14091,0.0016374070601071953
HEM_PA56.nii.gz,59,oval paracaval vascular lumen,7,inferior_vena_cava,0.34880522056444513,0.21124413964426655,5512,25749,5452,0.0005771815383584358
HEM_PA56.nii.gz,60,right paracaval compartment,7,inferior_vena_cava,3.88364596681858e-12,3.88364596681858e-12,0,25749,0,0.0
HEM_PA56.nii.gz,61,retrohepatic caval segment,7,inferior_vena_cava,0.31582012293977413,0.18752161051447414,5161,25749,4881,0.0005404270536044788
HEM_PA56.nii.gz,62,right of the abdominal aorta,7,inferior_vena_cava,3.68650003685141e-12,3.68650003685141e-12,1377,25749,0,0.0001441906709578313
HEM_PA56.nii.gz,63,inferior vena cava courses along the right anterolateral aspect of the vertebral column,7,inferior_vena_cava,0.5206297941070633,0.3519266455650696,11406,25749,9672,0.001194363684055936
HEM_PA56.nii.gz,64,duodenum,8,duodenum,0.5126822841747616,0.34470260033935796,21421,44616,16928,0.0022430707063091533
HEM_PA56.nii.gz,65,duodenal C-loop,8,duodenum,0.4896913696657714,0.3242326500898466,19020,44616,15581,0.001991653276411003
HEM_PA56.nii.gz,66,C-shaped proximal small bowel segment,8,duodenum,0.4086749184764391,0.25681422559271794,12422,44616,11655,0.0013007527339420337
HEM_PA56.nii.gz,67,retroperitoneal enteric loop encircling the pancreatic head,8,duodenum,2.2399426574629513e-12,2.2399426574629513e-12,28,44616,0,2.9319816897743474e-06
HEM_PA56.nii.gz,68,right anterior pararenal compartment,8,duodenum,2.2409967953695605e-12,2.2409967953695605e-12,7,44616,0,7.329954224435868e-07
HEM_PA56.nii.gz,69,peripancreatic duodenal groove,8,duodenum,0.02193582557482911,0.011089541917104918,698,44616,497,7.309011498080337e-05
HEM_PA56.nii.gz,70,between the pancreatic head and right renal hilum,8,duodenum,2.2413483951895253e-12,2.2413483951895253e-12,0,44616,0,0.0
HEM_PA56.nii.gz,71,duodenum curves around the pancreatic head in the right upper abdomen,8,duodenum,0.41401854687573936,0.261048794777156,13507,44616,12032,0.0014143670244207895
HEM_PA56.nii.gz,72,pancreas,9,pancreas,0.8350863303929775,0.7168654228900554,50026,56078,44303,0.005238404143308982
HEM_PA56.nii.gz,73,pancreatic parenchyma,9,pancreas,0.8371005308968315,0.7198391203520542,49969,56078,44386,0.0052324354662976556
HEM_PA56.nii.gz,74,lobulated transverse retroperitoneal gland,9,pancreas,0.013848306152023503,0.006972431258235008,391,56078,391,4.094303002506321e-05
HEM_PA56.nii.gz,75,elongated soft-tissue organ across the epigastrium,9,pancreas,0.0037968286926864632,0.0019020251785701273,90360,56078,278,0.00946192376742893
HEM_PA56.nii.gz,76,anterior pararenal compartment,9,pancreas,1.7832305003712984e-12,1.7832305003712984e-12,0,56078,0,0.0
HEM_PA56.nii.gz,77,retrogastric pancreatic bed,9,pancreas,0.466731390725663,0.30440288668498994,19113,56078,17547,0.0020013916441663252
HEM_PA56.nii.gz,78,from the duodenal C-loop toward the splenic hilum,9,pancreas,0.0065089977336222,0.0032651252138534903,11828,56078,221,0.0012385528366661064
HEM_PA56.nii.gz,79,pancreas lies posterior to the stomach and extends transversely toward the spleen,9,pancreas,0.6060654032298995,0.43478754644217793,32358,56078,26799,0.003388323697061369
HEM_PA56.nii.gz,80,esophagus,10,esophagus,0.6455539143300115,0.4766183912102894,6910,10015,5463,0.0007235711955835978
HEM_PA56.nii.gz,81,distal thoracic esophagus,10,esophagus,0.17411121240497618,0.09535696456220312,955,10015,955,0.00010000151834766078
HEM_PA56.nii.gz,82,small collapsed tubular foregut lumen,10,esophagus,9.985022466200848e-12,9.985022466200848e-12,0,10015,0,0.0
HEM_PA56.nii.gz,83,thin-walled structure at the esophageal hiatus,10,esophagus,0.35439538099248274,0.21535876656240993,2282,10015,2179,0.0002389565077166093
HEM_PA56.nii.gz,84,posterior mediastinal compartment,10,esophagus,9.980039920060078e-12,9.980039920060078e-12,5,10015,0,5.235681588882763e-07
HEM_PA56.nii.gz,85,gastroesophageal junction region,10,esophagus,9.985022466200848e-12,9.985022466200848e-12,0,10015,0,0.0
HEM_PA56.nii.gz,86,posterior to the left atrium and anterior to the vertebral column,10,esophagus,9.985022466200848e-12,9.985022466200848e-12,0,10015,0,0.0
HEM_PA56.nii.gz,87,distal esophagus enters the abdomen through the diaphragmatic hiatus above the stomach,10,esophagus,0.18667390911473225,0.10294558163651576,1031,10015,1031,0.00010795975436276258
HEM_PA66.nii.gz,0,spleen,0,spleen,0.9122425285583936,0.8386451506966238,59935,63234,56180,0.005711235873898656
HEM_PA66.nii.gz,1,splenic parenchyma,0,spleen,0.9161290322581324,0.8452380952383262,60456,63234,56658,0.00576088222228109
HEM_PA66.nii.gz,2,homogeneous left upper quadrant solid organ,0,spleen,1.5814277129367406e-12,1.5814277129367406e-12,0,63234,0,0.0
HEM_PA66.nii.gz,3,crescentic organ with smooth lateral convexity,0,spleen,1.5814277129367406e-12,1.5814277129367406e-12,0,63234,0,0.0
HEM_PA66.nii.gz,4,left hypochondrial region,0,spleen,1.5814277129367406e-12,1.5814277129367406e-12,0,63234,0,0.0
HEM_PA66.nii.gz,5,left subphrenic compartment,0,spleen,1.5814277129367406e-12,1.5814277129367406e-12,0,63234,0,0.0
HEM_PA66.nii.gz,6,posterolateral to the gastric fundus,0,spleen,1.2411105457147665e-12,1.2411105457147665e-12,17339,63234,0,0.0016522419090269258
HEM_PA66.nii.gz,7,spleen lies beneath the left hemidiaphragm along the left lateral abdominal wall,0,spleen,0.9119787888642271,0.8381994574465673,56703,63234,54690,0.0054032569910348795
HEM_PA66.nii.gz,8,right kidney,1,right_kidney,0.9407754060847334,0.8881736805292154,103963,109293,100313,0.00990668582895013
HEM_PA66.nii.gz,9,right renal parenchyma,1,right_kidney,0.9414757317871778,0.8894229070220435,104567,109293,100672,0.009964241288495216
HEM_PA66.nii.gz,10,right-sided reniform retroperitoneal organ,1,right_kidney,0.8791386436077538,0.7843420050072708,87420,109293,86469,0.00833029515468792
HEM_PA66.nii.gz,11,right renal cortex with central renal sinus,1,right_kidney,0.799760340704944,0.6663338729990409,75970,109293,74083,0.007239218976225593
HEM_PA66.nii.gz,12,right renal fossa,1,right_kidney,0.927829158047251,0.8653743617551259,97120,109293,95758,0.009254612965262993
HEM_PA66.nii.gz,13,right posterior pararenal region,1,right_kidney,9.149716816256164e-13,9.149716816256164e-13,0,109293,0,0.0
HEM_PA66.nii.gz,14,caudal to the right hepatic lobe,1,right_kidney,8.797782958686669e-13,8.797782958686669e-13,4372,109293,0,0.0004166100482303316
HEM_PA66.nii.gz,15,right kidney is positioned in the right posterior retroperitoneum adjacent to the psoas muscle,1,right_kidney,0.6763014871644407,0.5109180682812637,62376,109293,58050,0.005943839974477394
HEM_PA66.nii.gz,16,left kidney,2,left_kidney,0.9261717544082998,0.8624952437324124,102756,117512,102003,0.00979167020035589
HEM_PA66.nii.gz,17,left renal parenchyma,2,left_kidney,0.9270412746228089,0.8640046002673364,102914,117512,102172,0.009806726098713713
HEM_PA66.nii.gz,18,left-sided bean-shaped retroperitoneal organ,2,left_kidney,0.9051700072581537,0.8267676381347249,97420,117512,97275,0.009283200114043665
HEM_PA66.nii.gz,19,left renal cortex surrounding the collecting sinus,2,left_kidney,0.8444936575519745,0.730842944369292,86589,117512,86181,0.008251108752565458
HEM_PA66.nii.gz,20,left renal fossa,2,left_kidney,0.9145947141028279,0.842629684953963,99594,117512,99282,0.009490361652207605
HEM_PA66.nii.gz,21,left posterior pararenal region,2,left_kidney,0.0700619159461725,0.0363026754722613,4266,117512,4266,0.0004065092556611607
HEM_PA66.nii.gz,22,posteroinferior to the spleen,2,left_kidney,8.472278704073071e-13,8.472278704073071e-13,520,117512,0,4.955105788649873e-05
HEM_PA66.nii.gz,23,left kidney is positioned in the left posterior retroperitoneum near the splenic hilum,2,left_kidney,0.8519402150600539,0.742069556164048,89965,117512,88379,0.008572809466843958
HEM_PA66.nii.gz,24,gallbladder,3,gallbladder,0.555875339202731,0.38492199066866045,7040,5121,3380,0.0006708450913864443
HEM_PA66.nii.gz,25,cystic biliary reservoir,3,gallbladder,0.5678010019038884,0.3964539862574302,6457,5121,3287,0.0006152907322560044
HEM_PA66.nii.gz,26,thin-walled pear-shaped fluid structure,3,gallbladder,1.9527436047265623e-11,1.9527436047265623e-11,0,5121,0,0.0
HEM_PA66.nii.gz,27,hypodense intraluminal bile-containing sac,3,gallbladder,0.5054278043713618,0.33817557014467076,3446,5121,2165,0.00032837104899398963
HEM_PA66.nii.gz,28,gallbladder fossa,3,gallbladder,0.5568893528222261,0.3858951175480904,6375,5121,3201,0.0006074769115892873
HEM_PA66.nii.gz,29,inferior hepatic surface,3,gallbladder,0.008770504236546628,0.004404567256298911,364071,5121,1619,0.034692506145760534
HEM_PA66.nii.gz,30,adjacent to hepatic segment IVb and segment V,3,gallbladder,0.0283875851719494,0.01439815704535997,5447,5121,150,0.0005190473313610741
HEM_PA66.nii.gz,31,gallbladder lies along the undersurface of the liver near the porta hepatis,3,gallbladder,0.4910856134202022,0.32545624708323045,6209,5121,2782,0.0005916586892639819
HEM_PA66.nii.gz,32,liver,4,liver,0.9341170043153124,0.8763785594640005,795167,885130,784797,0.07577185778160295
HEM_PA66.nii.gz,33,hepatic parenchyma,4,liver,0.9350927272230141,0.87809779417184,797116,885130,786528,0.07595757895818138
HEM_PA66.nii.gz,34,large right-dominant solid visceral organ,4,liver,1.1297775468009072e-13,1.1297775468009072e-13,0,885130,0,0.0
HEM_PA66.nii.gz,35,homogeneous hepatic attenuation structure,4,liver,0.9074846115362922,0.8306378300194059,739951,885130,737368,0.07051029775802427
HEM_PA66.nii.gz,36,right hypochondrial region,4,liver,0.08760902791664596,0.04581125365871601,40665,885130,40554,0.003874988017220136
HEM_PA66.nii.gz,37,right subdiaphragmatic compartment,4,liver,1.1297775468009072e-13,1.1297775468009072e-13,0,885130,0,0.0
HEM_PA66.nii.gz,38,cranial to the gallbladder and right kidney,4,liver,1.1297775468009072e-13,1.1297775468009072e-13,0,885130,0,0.0
HEM_PA66.nii.gz,39,liver occupies the right upper abdomen and extends into the epigastrium,4,liver,0.8086915725783272,0.6788263676842993,602656,885130,601580,0.057427389118549575
HEM_PA66.nii.gz,40,stomach,5,stomach,0.5850256194184016,0.41345315324958687,46402,86505,38877,0.004421669592402527
HEM_PA66.nii.gz,41,gastric lumen,5,stomach,0.43841513645714225,0.280750119121366,26388,86505,24747,0.0025145256067479393
HEM_PA66.nii.gz,42,hollow foregut organ with variable distension,5,stomach,0.05401333468360597,0.0277562717398771,2436,86505,2402,0.0002321276480990594
HEM_PA66.nii.gz,43,air-fluid containing gastric cavity,5,stomach,0.4514114114118821,0.2914986037860783,30045,86505,26306,0.0028630029503843354
HEM_PA66.nii.gz,44,epigastric region,5,stomach,0.07774000755506927,0.04044198384280858,3513,86505,3499,0.0003347555122216731
HEM_PA66.nii.gz,45,left upper intraperitoneal space,5,stomach,1.1560025432042587e-12,1.1560025432042587e-12,0,86505,0,0.0
HEM_PA66.nii.gz,46,medial to the spleen and ventral to the pancreas,5,stomach,0.018460342650928458,0.009316161088945566,6126,86505,855,0.0005837495781013292
HEM_PA66.nii.gz,47,stomach is seen below the left hemidiaphragm anterior to the pancreatic body,5,stomach,0.013806445940493992,0.006951208714461445,4467,86505,628,0.00042566264534421117
HEM_PA66.nii.gz,48,aorta,6,aorta,0.9337056791562215,0.8756547426957385,37590,37967,35274,0.0035819697422182447
HEM_PA66.nii.gz,49,abdominal aorta,6,aorta,0.9151280683032083,0.8435355746296365,36993,37967,34299,0.0035250813161447066
HEM_PA66.nii.gz,50,thick-walled pulsatile arterial lumen,6,aorta,0.9282854419175701,0.8661685473216779,35463,37967,34082,0.0033792868573632776
HEM_PA66.nii.gz,51,round prevertebral arterial structure,6,aorta,2.6338662522647723e-12,2.6338662522647723e-12,0,37967,0,0.0
HEM_PA66.nii.gz,52,left para-aortic compartment,6,aorta,2.6338662522647723e-12,2.6338662522647723e-12,0,37967,0,0.0
HEM_PA66.nii.gz,53,anterior vertebral body margin,6,aorta,2.6338662522647723e-12,2.6338662522647723e-12,0,37967,0,0.0
HEM_PA66.nii.gz,54,left of the inferior vena cava,6,aorta,2.5565639780070136e-12,2.5565639780070136e-12,1148,37967,0,0.0001093934893340395
HEM_PA66.nii.gz,55,abdominal aorta descends anterior to the spine on the left side of midline,6,aorta,0.040852117400730255,0.020851982520612784,807,37967,792,7.689943022000861e-05
HEM_PA66.nii.gz,56,inferior vena cava,7,inferior_vena_cava,0.7959678582198855,0.6610852240568282,40850,35437,30361,0.0038926167589682175
HEM_PA66.nii.gz,57,IVC,7,inferior_vena_cava,0.8013555581828672,0.6685515155507297,40694,35437,30504,0.003877751441602268
HEM_PA66.nii.gz,58,thin-walled right-sided venous channel,7,inferior_vena_cava,0.2510414435019852,0.14353767421835928,6572,35437,5273,0.0006262491392885955
HEM_PA66.nii.gz,59,oval paracaval vascular lumen,7,inferior_vena_cava,0.30362505616282337,0.17898463854810842,6852,35437,6420,0.0006529304781505563
HEM_PA66.nii.gz,60,right paracaval compartment,7,inferior_vena_cava,2.8219093038270113e-12,2.8219093038270113e-12,0,35437,0,0.0
HEM_PA66.nii.gz,61,retrohepatic caval segment,7,inferior_vena_cava,0.008149730218614688,0.004091537574412112,147,35437,145,1.4007702902529448e-05
HEM_PA66.nii.gz,62,right of the abdominal aorta,7,inferior_vena_cava,2.8219093038270113e-12,2.8219093038270113e-12,0,35437,0,0.0
HEM_PA66.nii.gz,63,inferior vena cava courses along the right anterolateral aspect of the vertebral column,7,inferior_vena_cava,0.01606493143292453,0.008097508678700738,293,35437,287,2.792011530912332e-05
HEM_PA66.nii.gz,64,duodenum,8,duodenum,0.6135468134348403,0.44252977264651183,25452,38504,19620,0.0024253337025522416
HEM_PA66.nii.gz,65,duodenal C-loop,8,duodenum,0.5649530310317187,0.3936826063880633,21855,38504,17050,0.00208257378867198
HEM_PA66.nii.gz,66,C-shaped proximal small bowel segment,8,duodenum,0.6211259301757236,0.45045877920944266,24253,38504,19490,0.0023110803979254878
HEM_PA66.nii.gz,67,retroperitoneal enteric loop encircling the pancreatic head,8,duodenum,2.588594651956748e-12,2.588594651956748e-12,127,38504,0,1.2101892983817958e-05
HEM_PA66.nii.gz,68,right anterior pararenal compartment,8,duodenum,2.5919494051408933e-12,2.5919494051408933e-12,77,38504,0,7.337368187039235e-06
HEM_PA66.nii.gz,69,peripancreatic duodenal groove,8,duodenum,0.20465821389377836,0.11399401243797755,5032,38504,4455,0.0004795017755478108
HEM_PA66.nii.gz,70,between the pancreatic head and right renal hilum,8,duodenum,0.0014085924162355152,0.0007047925921246859,1252,38504,28,0.00011930370091133924
HEM_PA66.nii.gz,71,duodenum curves around the pancreatic head in the right upper abdomen,8,duodenum,0.4573236957427487,0.2964482532609151,14898,38504,12211,0.0014196378084481885
HEM_PA66.nii.gz,72,pancreas,9,pancreas,0.6541263129182183,0.486023554214246,37624,35686,23977,0.003585209619080054
HEM_PA66.nii.gz,73,pancreatic parenchyma,9,pancreas,0.6600456683819912,0.4925881821551912,37012,35686,23992,0.0035268918355674827
HEM_PA66.nii.gz,74,lobulated transverse retroperitoneal gland,9,pancreas,0.0008403125990845066,0.00042033290646073995,15,35686,15,1.4293574390336172e-06
HEM_PA66.nii.gz,75,elongated soft-tissue organ across the epigastrium,9,pancreas,1.5123330762344231e-12,1.5123330762344231e-12,30437,35686,0,0.0029003568247910803
HEM_PA66.nii.gz,76,anterior pararenal compartment,9,pancreas,2.8022193577234708e-12,2.8022193577234708e-12,0,35686,0,0.0
HEM_PA66.nii.gz,77,retrogastric pancreatic bed,9,pancreas,0.5940511261054945,0.4225268337539608,16929,35686,15628,0.0016131728056933403
HEM_PA66.nii.gz,78,from the duodenal C-loop toward the splenic hilum,9,pancreas,0.009507215637647235,0.0047763125363841285,17116,35686,251,0.0016309921284332928
HEM_PA66.nii.gz,79,pancreas lies posterior to the stomach and extends transversely toward the spleen,9,pancreas,0.6402683111550358,0.47087842138905456,19772,35686,17754,0.0018840836856381785
HEM_PA66.nii.gz,80,esophagus,10,esophagus,0.645016970073704,0.47603324604945874,4202,8762,4181,0.00040041066392128397
HEM_PA66.nii.gz,81,distal thoracic esophagus,10,esophagus,0.10878480467182403,0.05752111391169229,504,8762,504,4.8026409951529535e-05
HEM_PA66.nii.gz,82,small collapsed tubular foregut lumen,10,esophagus,1.1412919424658604e-11,1.1412919424658604e-11,0,8762,0,0.0
HEM_PA66.nii.gz,83,thin-walled structure at the esophageal hiatus,10,esophagus,0.241974317824619,0.1376398082727957,1206,8762,1206,0.00011492033809830282
HEM_PA66.nii.gz,84,posterior mediastinal compartment,10,esophagus,1.1412919424658604e-11,1.1412919424658604e-11,0,8762,0,0.0
HEM_PA66.nii.gz,85,gastroesophageal junction region,10,esophagus,1.1412919424658604e-11,1.1412919424658604e-11,0,8762,0,0.0
HEM_PA66.nii.gz,86,posterior to the left atrium and anterior to the vertebral column,10,esophagus,1.1412919424658604e-11,1.1412919424658604e-11,0,8762,0,0.0
HEM_PA66.nii.gz,87,distal esophagus enters the abdomen through the diaphragmatic hiatus above the stomach,10,esophagus,0.06343242348255682,0.03275507876018312,287,8762,287,2.7348372333509876e-05
HEM_PA81.nii.gz,0,spleen,0,spleen,0.9424289736894333,0.8911259388196556,138570,154772,138227,0.013458624708624708
HEM_PA81.nii.gz,1,splenic parenchyma,0,spleen,0.9467814305205962,0.8989410725910536,139862,154772,139477,0.013584110334110335
HEM_PA81.nii.gz,2,homogeneous left upper quadrant solid organ,0,spleen,6.461116997902423e-13,6.461116997902423e-13,0,154772,0,0.0
HEM_PA81.nii.gz,3,crescentic organ with smooth lateral convexity,0,spleen,6.461116997902423e-13,6.461116997902423e-13,0,154772,0,0.0
HEM_PA81.nii.gz,4,left hypochondrial region,0,spleen,6.461116997902423e-13,6.461116997902423e-13,0,154772,0,0.0
HEM_PA81.nii.gz,5,left subphrenic compartment,0,spleen,6.461116997902423e-13,6.461116997902423e-13,0,154772,0,0.0
HEM_PA81.nii.gz,6,posterolateral to the gastric fundus,0,spleen,4.4835007173581045e-13,4.4835007173581045e-13,68268,154772,0,0.006630536130536131
HEM_PA81.nii.gz,7,spleen lies beneath the left hemidiaphragm along the left lateral abdominal wall,0,spleen,0.9437799002332622,0.89354472656005,138913,154772,138587,0.013491938616938617
HEM_PA81.nii.gz,8,right kidney,1,right_kidney,0.9679105086960259,0.9378164556962728,84545,86913,82978,0.008211441336441336
HEM_PA81.nii.gz,9,right renal parenchyma,1,right_kidney,0.9675997380852348,0.9372331389094091,84135,86913,82753,0.008171620046620047
HEM_PA81.nii.gz,10,right-sided reniform retroperitoneal organ,1,right_kidney,0.9264714034926075,0.863015113437001,75432,86913,75204,0.007326340326340326
HEM_PA81.nii.gz,11,right renal cortex with central renal sinus,1,right_kidney,0.9169850856650333,0.8466966368863066,75347,86913,74395,0.007318084693084693
HEM_PA81.nii.gz,12,right renal fossa,1,right_kidney,0.9437524964596005,0.8934955995600781,78321,86913,77970,0.007606934731934732
HEM_PA81.nii.gz,13,right posterior pararenal region,1,right_kidney,1.1505758632182175e-12,1.1505758632182175e-12,0,86913,0,0.0
HEM_PA81.nii.gz,14,caudal to the right hepatic lobe,1,right_kidney,1.1505361498445044e-12,1.1505361498445044e-12,3,86913,0,2.9137529137529136e-07
HEM_PA81.nii.gz,15,right kidney is positioned in the right posterior retroperitoneum adjacent to the psoas muscle,1,right_kidney,0.565775760908276,0.3944820799201327,34948,86913,34473,0.0033943278943278942
HEM_PA81.nii.gz,16,left kidney,2,left_kidney,0.9642306896314047,0.930931897652294,84898,89050,83863,0.008245726495726496
HEM_PA81.nii.gz,17,left renal parenchyma,2,left_kidney,0.9634411579755254,0.9294611351671033,84287,89050,83500,0.008186383061383062
HEM_PA81.nii.gz,18,left-sided bean-shaped retroperitoneal organ,2,left_kidney,0.9314812485399968,0.8717500252263387,77897,89050,77754,0.007565753690753691
HEM_PA81.nii.gz,19,left renal cortex surrounding the collecting sinus,2,left_kidney,0.9005846516655813,0.8191486984696468,73782,89050,73322,0.007166083916083916
HEM_PA81.nii.gz,20,left renal fossa,2,left_kidney,0.9464924395340094,0.8984201680673407,80384,89050,80184,0.007807303807303807
HEM_PA81.nii.gz,21,left posterior pararenal region,2,left_kidney,0.0033632287006688756,0.0016844469410424653,150,89050,150,1.4568764568764569e-05
HEM_PA81.nii.gz,22,posteroinferior to the spleen,2,left_kidney,1.094307412837217e-12,1.094307412837217e-12,2332,89050,0,0.00022649572649572648
HEM_PA81.nii.gz,23,left kidney is positioned in the left posterior retroperitoneum near the splenic hilum,2,left_kidney,0.8485596335610558,0.73695491168645,65737,89050,65673,0.00638471250971251
HEM_PA81.nii.gz,24,gallbladder,3,gallbladder,0.8706151764345237,0.7708755760389782,9209,10005,8364,0.0008944250194250194
HEM_PA81.nii.gz,25,cystic biliary reservoir,3,gallbladder,0.867130638049901,0.7654286250256478,8818,10005,8161,0.0008564491064491065
HEM_PA81.nii.gz,26,thin-walled pear-shaped fluid structure,3,gallbladder,9.995002498650723e-12,9.995002498650723e-12,0,10005,0,0.0
HEM_PA81.nii.gz,27,hypodense intraluminal bile-containing sac,3,gallbladder,0.8757998359317704,0.7790426152969542,8280,10005,8007,0.0008041958041958042
HEM_PA81.nii.gz,28,gallbladder fossa,3,gallbladder,0.8577330508482112,0.7509042010595297,8875,10005,8097,0.000861985236985237
HEM_PA81.nii.gz,29,inferior hepatic surface,3,gallbladder,0.00037479791707445756,0.000187434083629119,347521,10005,67,0.03375301087801088
HEM_PA81.nii.gz,30,adjacent to hepatic segment IVb and segment V,3,gallbladder,9.246417013321807e-12,9.246417013321807e-12,810,10005,0,7.867132867132867e-05
HEM_PA81.nii.gz,31,gallbladder lies along the undersurface of the liver near the porta hepatis,3,gallbladder,0.8642317112135862,0.7609225576620952,8777,10005,8116,0.0008524669774669774
HEM_PA81.nii.gz,32,liver,4,liver,0.952501180638222,0.9093100278800972,834921,914133,832988,0.08109178321678322
HEM_PA81.nii.gz,33,hepatic parenchyma,4,liver,0.9545804886592447,0.9131075882015975,838704,914133,836612,0.08145920745920746
HEM_PA81.nii.gz,34,large right-dominant solid visceral organ,4,liver,1.0939327209496764e-13,1.0939327209496764e-13,0,914133,0,0.0
HEM_PA81.nii.gz,35,homogeneous hepatic attenuation structure,4,liver,0.9353251899084891,0.8785078608444801,804063,914133,803536,0.07809469696969697
HEM_PA81.nii.gz,36,right hypochondrial region,4,liver,0.024819557474331323,0.012565716498641086,11508,914133,11487,0.0011177156177156176
HEM_PA81.nii.gz,37,right subdiaphragmatic compartment,4,liver,1.0939327209496764e-13,1.0939327209496764e-13,0,914133,0,0.0
HEM_PA81.nii.gz,38,cranial to the gallbladder and right kidney,4,liver,1.0939327209496764e-13,1.0939327209496764e-13,0,914133,0,0.0
HEM_PA81.nii.gz,39,liver occupies the right upper abdomen and extends into the epigastrium,4,liver,0.7492226596840185,0.599005622771173,547582,914133,547575,0.05318395493395493
HEM_PA81.nii.gz,40,stomach,5,stomach,0.8892501159306664,0.8005853781167339,91944,108607,89170,0.00893006993006993
HEM_PA81.nii.gz,41,gastric lumen,5,stomach,0.865176856697744,0.7623891544723549,84572,108607,83567,0.008214063714063713
HEM_PA81.nii.gz,42,hollow foregut organ with variable distension,5,stomach,0.7408978191848358,0.5884334333416882,63989,108607,63938,0.00621493783993784
HEM_PA81.nii.gz,43,air-fluid containing gastric cavity,5,stomach,0.8617404323882574,0.7570684727003504,84414,108607,83167,0.00819871794871795
HEM_PA81.nii.gz,44,epigastric region,5,stomach,0.7478227813106235,0.5972180056857954,65009,108607,64917,0.006314005439005439
HEM_PA81.nii.gz,45,left upper intraperitoneal space,5,stomach,9.207509644857875e-13,9.207509644857875e-13,0,108607,0,0.0
HEM_PA81.nii.gz,46,medial to the spleen and ventral to the pancreas,5,stomach,8.882177910015648e-13,8.882177910015648e-13,3978,108607,0,0.00038636363636363635
HEM_PA81.nii.gz,47,stomach is seen below the left hemidiaphragm anterior to the pancreatic body,5,stomach,0.14349691468886766,0.07729419672125541,8399,108607,8395,0.0008157536907536908
HEM_PA81.nii.gz,48,aorta,6,aorta,0.8783066169390711,0.7830184524605496,22543,17944,17780,0.0021894910644910644
HEM_PA81.nii.gz,49,abdominal aorta,6,aorta,0.8458249905302078,0.7328394598662189,19014,17944,15630,0.0018467365967365966
HEM_PA81.nii.gz,50,thick-walled pulsatile arterial lumen,6,aorta,0.8953393711206489,0.8105108009773363,21364,17944,17597,0.002074980574980575
HEM_PA81.nii.gz,51,round prevertebral arterial structure,6,aorta,5.572893446246249e-12,5.572893446246249e-12,0,17944,0,0.0
HEM_PA81.nii.gz,52,left para-aortic compartment,6,aorta,5.572893446246249e-12,5.572893446246249e-12,0,17944,0,0.0
HEM_PA81.nii.gz,53,anterior vertebral body margin,6,aorta,5.572893446246249e-12,5.572893446246249e-12,0,17944,0,0.0
HEM_PA81.nii.gz,54,left of the inferior vena cava,6,aorta,5.330206278954585e-12,5.330206278954585e-12,817,17944,0,7.935120435120435e-05
HEM_PA81.nii.gz,55,abdominal aorta descends anterior to the spine on the left side of midline,6,aorta,5.572893446246249e-12,5.572893446246249e-12,0,17944,0,0.0
HEM_PA81.nii.gz,56,inferior vena cava,7,inferior_vena_cava,0.7143804820530907,0.5556702213074437,16585,10549,9692,0.0016108197358197358
HEM_PA81.nii.gz,57,IVC,7,inferior_vena_cava,0.719775347325895,0.5622258139023192,16515,10549,9740,0.001604020979020979
HEM_PA81.nii.gz,58,thin-walled right-sided venous channel,7,inferior_vena_cava,0.21590249565362818,0.12101496422417497,1512,10549,1302,0.00014685314685314684
HEM_PA81.nii.gz,59,oval paracaval vascular lumen,7,inferior_vena_cava,0.2403524516664734,0.13659124629880756,1708,10549,1473,0.0001658896658896659
HEM_PA81.nii.gz,60,right paracaval compartment,7,inferior_vena_cava,9.47957152327728e-12,9.47957152327728e-12,0,10549,0,0.0
HEM_PA81.nii.gz,61,retrohepatic caval segment,7,inferior_vena_cava,0.4159836065616511,0.2626131953496339,3115,10549,2842,0.00030254467754467756
HEM_PA81.nii.gz,62,right of the abdominal aorta,7,inferior_vena_cava,9.47957152327728e-12,9.47957152327728e-12,0,10549,0,0.0
HEM_PA81.nii.gz,63,inferior vena cava courses along the right anterolateral aspect of the vertebral column,7,inferior_vena_cava,0.3398702903077527,0.2047251418546672,2403,10549,2201,0.0002333916083916084
HEM_PA81.nii.gz,64,duodenum,8,duodenum,0.7423305517207711,0.5902429710268259,13635,19679,12365,0.0013243006993006992
HEM_PA81.nii.gz,65,duodenal C-loop,8,duodenum,0.7043245793373036,0.5435964656784951,12116,19679,11197,0.0011767676767676768
HEM_PA81.nii.gz,66,C-shaped proximal small bowel segment,8,duodenum,0.5658177135514172,0.3945228712555768,8277,19679,7909,0.0008039044289044289
HEM_PA81.nii.gz,67,retroperitoneal enteric loop encircling the pancreatic head,8,duodenum,5.081559022282222e-12,5.081559022282222e-12,0,19679,0,0.0
HEM_PA81.nii.gz,68,right anterior pararenal compartment,8,duodenum,5.081559022282222e-12,5.081559022282222e-12,0,19679,0,0.0
HEM_PA81.nii.gz,69,peripancreatic duodenal groove,8,duodenum,0.02479172940366962,0.012551450790118646,247,19679,247,2.398989898989899e-05
HEM_PA81.nii.gz,70,between the pancreatic head and right renal hilum,8,duodenum,5.081559022282222e-12,5.081559022282222e-12,0,19679,0,0.0
HEM_PA81.nii.gz,71,duodenum curves around the pancreatic head in the right upper abdomen,8,duodenum,0.4875690081877496,0.32237438324779794,6586,19679,6403,0.0006396658896658897
HEM_PA81.nii.gz,72,pancreas,9,pancreas,0.8802538821193824,0.7861191640349052,36845,45713,36336,0.0035785742035742037
HEM_PA81.nii.gz,73,pancreatic parenchyma,9,pancreas,0.8831742964127514,0.7907897298354117,37077,45713,36559,0.003601107226107226
HEM_PA81.nii.gz,74,lobulated transverse retroperitoneal gland,9,pancreas,2.1875615251631098e-12,2.1875615251631098e-12,0,45713,0,0.0
HEM_PA81.nii.gz,75,elongated soft-tissue organ across the epigastrium,9,pancreas,7.49417328026897e-13,7.49417328026897e-13,87724,45713,0,0.00852020202020202
HEM_PA81.nii.gz,76,anterior pararenal compartment,9,pancreas,2.1875615251631098e-12,2.1875615251631098e-12,0,45713,0,0.0
HEM_PA81.nii.gz,77,retrogastric pancreatic bed,9,pancreas,0.5685913249858405,0.3972250098184973,18333,45713,18208,0.0017805944055944056
HEM_PA81.nii.gz,78,from the duodenal C-loop toward the splenic hilum,9,pancreas,0.004161909323774148,0.0020852940652123396,8589,45713,113,0.0008342074592074592
HEM_PA81.nii.gz,79,pancreas lies posterior to the stomach and extends transversely toward the spleen,9,pancreas,0.6908091481306559,0.5276611482160514,24509,45713,24255,0.0023804390054390054
HEM_PA81.nii.gz,80,esophagus,10,esophagus,0.5553443485954768,0.3844129554780483,2590,4249,1899,0.0002515540015540016
HEM_PA81.nii.gz,81,distal thoracic esophagus,10,esophagus,2.3534949399304896e-11,2.3534949399304896e-11,0,4249,0,0.0
HEM_PA81.nii.gz,82,small collapsed tubular foregut lumen,10,esophagus,2.3534949399304896e-11,2.3534949399304896e-11,0,4249,0,0.0
HEM_PA81.nii.gz,83,thin-walled structure at the esophageal hiatus,10,esophagus,0.14251366122092865,0.07672393506526892,326,4249,326,3.1662781662781664e-05
HEM_PA81.nii.gz,84,posterior mediastinal compartment,10,esophagus,2.3534949399304896e-11,2.3534949399304896e-11,0,4249,0,0.0
HEM_PA81.nii.gz,85,gastroesophageal junction region,10,esophagus,2.3534949399304896e-11,2.3534949399304896e-11,0,4249,0,0.0
HEM_PA81.nii.gz,86,posterior to the left atrium and anterior to the vertebral column,10,esophagus,2.3534949399304896e-11,2.3534949399304896e-11,0,4249,0,0.0
HEM_PA81.nii.gz,87,distal esophagus enters the abdomen through the diaphragmatic hiatus above the stomach,10,esophagus,2.3534949399304896e-11,2.3534949399304896e-11,0,4249,0,0.0
HEM_PA89.nii.gz,0,spleen,0,spleen,0.923226002934956,0.8573999794309504,16712,19407,16673,0.0029477889289994206
HEM_PA89.nii.gz,1,splenic parenchyma,0,spleen,0.9261148956123276,0.8623966305415666,16852,19407,16790,0.002972483187619569
HEM_PA89.nii.gz,2,homogeneous left upper quadrant solid organ,0,spleen,5.152779924742862e-12,5.152779924742862e-12,0,19407,0,0.0
HEM_PA89.nii.gz,3,crescentic organ with smooth lateral convexity,0,spleen,5.152779924742862e-12,5.152779924742862e-12,0,19407,0,0.0
HEM_PA89.nii.gz,4,left hypochondrial region,0,spleen,5.152779924742862e-12,5.152779924742862e-12,0,19407,0,0.0
HEM_PA89.nii.gz,5,left subphrenic compartment,0,spleen,5.152779924742862e-12,5.152779924742862e-12,0,19407,0,0.0
HEM_PA89.nii.gz,6,posterolateral to the gastric fundus,0,spleen,2.5407149571824977e-12,2.5407149571824977e-12,19952,19407,0,0.0035192846284942815
HEM_PA89.nii.gz,7,spleen lies beneath the left hemidiaphragm along the left lateral abdominal wall,0,spleen,0.9169520309587769,0.8466402755650267,16512,19407,16468,0.0029125114166849227
HEM_PA89.nii.gz,8,right kidney,1,right_kidney,0.9287866522756693,0.8670417095239886,43151,45793,41305,0.007611299669414432
HEM_PA89.nii.gz,9,right renal parenchyma,1,right_kidney,0.9302795171976469,0.8696472883839114,42359,45793,41003,0.0074716007206490215
HEM_PA89.nii.gz,10,right-sided reniform retroperitoneal organ,1,right_kidney,0.9175613050465551,0.8476796970808552,40089,45793,39401,0.007071200955879473
HEM_PA89.nii.gz,11,right renal cortex with central renal sinus,1,right_kidney,0.8373873229362363,0.7202633684086718,38075,45793,35115,0.006715956406872483
HEM_PA89.nii.gz,12,right renal fossa,1,right_kidney,0.9226171017607031,0.8563502384051661,39859,45793,39512,0.007030631816717802
HEM_PA89.nii.gz,13,right posterior pararenal region,1,right_kidney,2.1837398729015705e-12,2.1837398729015705e-12,0,45793,0,0.0
HEM_PA89.nii.gz,14,caudal to the right hepatic lobe,1,right_kidney,2.1837398729015705e-12,2.1837398729015705e-12,0,45793,0,0.0
HEM_PA89.nii.gz,15,right kidney is positioned in the right posterior retroperitoneum adjacent to the psoas muscle,1,right_kidney,0.6128160440509045,0.44176984705127137,33389,45793,24262,0.005889404293343804
HEM_PA89.nii.gz,16,left kidney,2,left_kidney,0.9291650092992516,0.8677013894468965,43791,49228,43215,0.0077241877088208245
HEM_PA89.nii.gz,17,left renal parenchyma,2,left_kidney,0.9275129808891747,0.864824435505337,43023,49228,42782,0.007588722061533154
HEM_PA89.nii.gz,18,left-sided bean-shaped retroperitoneal organ,2,left_kidney,0.8126040083932511,0.684358052526386,33698,49228,33693,0.0059439080498697025
HEM_PA89.nii.gz,19,left renal cortex surrounding the collecting sinus,2,left_kidney,0.868271007379512,0.7672075320517484,38991,49228,38299,0.006877527413272882
HEM_PA89.nii.gz,20,left renal fossa,2,left_kidney,0.9023343918882363,0.8220485229929508,40517,49228,40490,0.0071466948322324985
HEM_PA89.nii.gz,21,left posterior pararenal region,2,left_kidney,2.031364264235737e-12,2.031364264235737e-12,0,49228,0,0.0
HEM_PA89.nii.gz,22,posteroinferior to the spleen,2,left_kidney,1.945298214212455e-12,1.945298214212455e-12,2178,49228,0,0.000384172109104879
HEM_PA89.nii.gz,23,left kidney is positioned in the left posterior retroperitoneum near the splenic hilum,2,left_kidney,0.6252443451555079,0.45480398131331545,22392,49228,22390,0.0039496702787311525
HEM_PA89.nii.gz,24,gallbladder,3,gallbladder,0.8751154201297511,0.7779601887969221,11522,14470,11373,0.0020323374844382074
HEM_PA89.nii.gz,25,cystic biliary reservoir,3,gallbladder,0.8713609968085553,0.7720457952857296,11533,14470,11329,0.002034277747615505
HEM_PA89.nii.gz,26,thin-walled pear-shaped fluid structure,3,gallbladder,6.910850034506489e-12,6.910850034506489e-12,0,14470,0,0.0
HEM_PA89.nii.gz,27,hypodense intraluminal bile-containing sac,3,gallbladder,0.8174132184382675,0.6912078091723984,10132,14470,10055,0.001787158773852449
HEM_PA89.nii.gz,28,gallbladder fossa,3,gallbladder,0.8687698628018419,0.7679868439100453,11332,14470,11208,0.0019988238477394345
HEM_PA89.nii.gz,29,inferior hepatic surface,3,gallbladder,0.0017553758390743497,0.0008784589326148537,160991,14470,154,0.028396809925116423
HEM_PA89.nii.gz,30,adjacent to hepatic segment IVb and segment V,3,gallbladder,0.00011971747276355968,5.9862322657528514e-05,2236,14470,1,0.0003944025876760833
HEM_PA89.nii.gz,31,gallbladder lies along the undersurface of the liver near the porta hepatis,3,gallbladder,0.8099995954863881,0.6806716976022797,10251,14470,10012,0.001808148893679575
HEM_PA89.nii.gz,32,liver,4,liver,0.9469077391905307,0.8991688329973051,358945,396457,357648,0.06331343328863673
HEM_PA89.nii.gz,33,hepatic parenchyma,4,liver,0.9454149716132474,0.8964805550667698,357944,396457,356611,0.06313686933950266
HEM_PA89.nii.gz,34,large right-dominant solid visceral organ,4,liver,2.5223416410852824e-13,2.5223416410852824e-13,0,396457,0,0.0
HEM_PA89.nii.gz,35,homogeneous hepatic attenuation structure,4,liver,0.884999093307784,0.7937205144821533,314920,396457,314784,0.05554797089040794
HEM_PA89.nii.gz,36,right hypochondrial region,4,liver,0.005925031750473191,0.002971318453450697,1178,396457,1178,0.00020778454753239093
HEM_PA89.nii.gz,37,right subdiaphragmatic compartment,4,liver,2.5223416410852824e-13,2.5223416410852824e-13,0,396457,0,0.0
HEM_PA89.nii.gz,38,cranial to the gallbladder and right kidney,4,liver,2.5223416410852824e-13,2.5223416410852824e-13,0,396457,0,0.0
HEM_PA89.nii.gz,39,liver occupies the right upper abdomen and extends into the epigastrium,4,liver,0.4715225864655716,0.308491693950101,122305,396457,122304,0.021573080718123153
HEM_PA89.nii.gz,40,stomach,5,stomach,0.7682630669265449,0.6237233343405323,35485,55929,35115,0.006259112622399738
HEM_PA89.nii.gz,41,gastric lumen,5,stomach,0.6811109015469621,0.5164277287198948,28903,55929,28890,0.005098129692129623
HEM_PA89.nii.gz,42,hollow foregut organ with variable distension,5,stomach,0.3673463430307134,0.2249995530060881,12584,55929,12584,0.0022196610748281896
HEM_PA89.nii.gz,43,air-fluid containing gastric cavity,5,stomach,0.7143479656899748,0.555630875716582,31275,55929,31147,0.005516520988179564
HEM_PA89.nii.gz,44,epigastric region,5,stomach,0.31152638570324914,0.1845017790427426,10319,55929,10319,0.0018201432478665042
HEM_PA89.nii.gz,45,left upper intraperitoneal space,5,stomach,1.7879811904346796e-12,1.7879811904346796e-12,0,55929,0,0.0
HEM_PA89.nii.gz,46,medial to the spleen and ventral to the pancreas,5,stomach,1.7371063282753363e-12,1.7371063282753363e-12,1638,55929,0,0.0002889228258557354
HEM_PA89.nii.gz,47,stomach is seen below the left hemidiaphragm anterior to the pancreatic body,5,stomach,0.022632079126002902,0.011445557950459342,893,55929,643,0.00015751409248423184
HEM_PA89.nii.gz,48,aorta,6,aorta,0.8492924677966581,0.7380611006962718,17774,13744,13384,0.003135112519389403
HEM_PA89.nii.gz,49,abdominal aorta,6,aorta,0.8585343826607582,0.7521333710101603,17260,13744,13309,0.003044449312741144
HEM_PA89.nii.gz,50,thick-walled pulsatile arterial lumen,6,aorta,0.8865992826870343,0.7962984655042972,16926,13744,13596,0.0029855358671759327
HEM_PA89.nii.gz,51,round prevertebral arterial structure,6,aorta,7.275902211821333e-12,7.275902211821333e-12,0,13744,0,0.0
HEM_PA89.nii.gz,52,left para-aortic compartment,6,aorta,7.275902211821333e-12,7.275902211821333e-12,0,13744,0,0.0
HEM_PA89.nii.gz,53,anterior vertebral body margin,6,aorta,7.275902211821333e-12,7.275902211821333e-12,0,13744,0,0.0
HEM_PA89.nii.gz,54,left of the inferior vena cava,6,aorta,7.275902211821333e-12,7.275902211821333e-12,0,13744,0,0.0
HEM_PA89.nii.gz,55,abdominal aorta descends anterior to the spine on the left side of midline,6,aorta,7.275902211821333e-12,7.275902211821333e-12,0,13744,0,0.0
HEM_PA89.nii.gz,56,inferior vena cava,7,inferior_vena_cava,0.739757645702035,0.5869963369987008,13192,14536,10256,0.0023269047122642626
HEM_PA89.nii.gz,57,IVC,7,inferior_vena_cava,0.7346047459610766,0.5805338242085796,12940,14536,10092,0.0022824550467479953
HEM_PA89.nii.gz,58,thin-walled right-sided venous channel,7,inferior_vena_cava,0.389049886155097,0.24150337295700927,4788,14536,3759,0.0008445436448090728
HEM_PA89.nii.gz,59,oval paracaval vascular lumen,7,inferior_vena_cava,0.27670420865870354,0.16056686847027676,2334,14536,2334,0.00041168856871018713
HEM_PA89.nii.gz,60,right paracaval compartment,7,inferior_vena_cava,6.879471656529447e-12,6.879471656529447e-12,0,14536,0,0.0
HEM_PA89.nii.gz,61,retrohepatic caval segment,7,inferior_vena_cava,0.1783773655663083,0.09792223822877376,1475,14536,1428,0.0002601716533194199
HEM_PA89.nii.gz,62,right of the abdominal aorta,7,inferior_vena_cava,6.879471656529447e-12,6.879471656529447e-12,0,14536,0,0.0
HEM_PA89.nii.gz,63,inferior vena cava courses along the right anterolateral aspect of the vertebral column,7,inferior_vena_cava,0.05006693441064212,0.025676232328534422,404,14536,374,7.126057487528517e-05
HEM_PA89.nii.gz,64,duodenum,8,duodenum,0.57023748185128,0.3988337046298071,9399,11950,6087,0.0016578666912198151
HEM_PA89.nii.gz,65,duodenal C-loop,8,duodenum,0.5000783821941784,0.3334030100380894,7187,11950,4785,0.0012676974050214716
HEM_PA89.nii.gz,66,C-shaped proximal small bowel segment,8,duodenum,0.3598788526672612,0.21942211601694964,4889,11950,3030,0.0008623587885278942
HEM_PA89.nii.gz,67,retroperitoneal enteric loop encircling the pancreatic head,8,duodenum,8.368200836750056e-12,8.368200836750056e-12,0,11950,0,0.0
HEM_PA89.nii.gz,68,right anterior pararenal compartment,8,duodenum,6.85025345933107e-12,6.85025345933107e-12,2648,11950,0,0.0004670742630439484
HEM_PA89.nii.gz,69,peripancreatic duodenal groove,8,duodenum,0.00015888148236289416,7.944705648622032e-05,638,11950,1,0.00011253526428324738
HEM_PA89.nii.gz,70,between the pancreatic head and right renal hilum,8,duodenum,8.208158909889122e-12,8.208158909889122e-12,233,11950,0,4.109830184638972e-05
HEM_PA89.nii.gz,71,duodenum curves around the pancreatic head in the right upper abdomen,8,duodenum,0.3025265087098931,0.17822163955287865,3328,11950,2311,0.0005870178049132402
HEM_PA89.nii.gz,72,pancreas,9,pancreas,0.8211373980897786,0.6965505536946983,16979,23007,16417,0.0029948844079392745
HEM_PA89.nii.gz,73,pancreatic parenchyma,9,pancreas,0.8282217707976312,0.7068076109948972,17359,23007,16716,0.0030619116813368204
HEM_PA89.nii.gz,74,lobulated transverse retroperitoneal gland,9,pancreas,4.34650323812602e-12,4.34650323812602e-12,0,23007,0,0.0
HEM_PA89.nii.gz,75,elongated soft-tissue organ across the epigastrium,9,pancreas,1.819604417996216e-12,1.819604417996216e-12,31950,23007,0,0.005635582592240993
HEM_PA89.nii.gz,76,anterior pararenal compartment,9,pancreas,4.34650323812602e-12,4.34650323812602e-12,0,23007,0,0.0
HEM_PA89.nii.gz,77,retrogastric pancreatic bed,9,pancreas,0.46149780317973804,0.2999656445963241,7264,23007,6985,0.0012812792472625533
HEM_PA89.nii.gz,78,from the duodenal C-loop toward the splenic hilum,9,pancreas,0.004024744730550701,0.002016430175496578,3827,23007,54,0.0006750351981379118
HEM_PA89.nii.gz,79,pancreas lies posterior to the stomach and extends transversely toward the spleen,9,pancreas,0.6815008483306497,0.5168762129798461,12946,23007,12251,0.0022835133721174302
HEM_PA89.nii.gz,80,esophagus,10,esophagus,0.43450351054293873,0.2775499743906318,1730,3255,1083,0.00030515048152040435
HEM_PA89.nii.gz,81,distal thoracic esophagus,10,esophagus,3.072196620489333e-11,3.072196620489333e-11,0,3255,0,0.0
HEM_PA89.nii.gz,82,small collapsed tubular foregut lumen,10,esophagus,3.072196620489333e-11,3.072196620489333e-11,0,3255,0,0.0
HEM_PA89.nii.gz,83,thin-walled structure at the esophageal hiatus,10,esophagus,0.004736530520878138,0.002373887269959232,123,3255,8,2.169567007341603e-05
HEM_PA89.nii.gz,84,posterior mediastinal compartment,10,esophagus,3.030303030211203e-11,3.030303030211203e-11,45,3255,0,7.937440270761963e-06
HEM_PA89.nii.gz,85,gastroesophageal junction region,10,esophagus,3.072196620489333e-11,3.072196620489333e-11,0,3255,0,0.0
HEM_PA89.nii.gz,86,posterior to the left atrium and anterior to the vertebral column,10,esophagus,3.072196620489333e-11,3.072196620489333e-11,0,3255,0,0.0
HEM_PA89.nii.gz,87,distal esophagus enters the abdomen through the diaphragmatic hiatus above the stomach,10,esophagus,3.072196620489333e-11,3.072196620489333e-11,0,3255,0,0.0
HEM_PA97.nii.gz,0,spleen,0,spleen,0.9013264816506715,0.8203769969854042,61508,67706,58232,0.015632370402901805
HEM_PA97.nii.gz,1,splenic parenchyma,0,spleen,0.9124287889680585,0.8389600420761646,61663,67706,59020,0.015671763935652824
HEM_PA97.nii.gz,2,homogeneous left upper quadrant solid organ,0,spleen,1.4769739757163663e-12,1.4769739757163663e-12,0,67706,0,0.0
HEM_PA97.nii.gz,3,crescentic organ with smooth lateral convexity,0,spleen,1.4769739757163663e-12,1.4769739757163663e-12,0,67706,0,0.0
HEM_PA97.nii.gz,4,left hypochondrial region,0,spleen,1.4769739757163663e-12,1.4769739757163663e-12,0,67706,0,0.0
HEM_PA97.nii.gz,5,left subphrenic compartment,0,spleen,1.4769739757163663e-12,1.4769739757163663e-12,0,67706,0,0.0
HEM_PA97.nii.gz,6,posterolateral to the gastric fundus,0,spleen,4.9470053303919925e-05,2.473563910701288e-05,13151,67706,2,0.003342350640055954
HEM_PA97.nii.gz,7,spleen lies beneath the left hemidiaphragm along the left lateral abdominal wall,0,spleen,0.8823223306568123,0.7894246748040379,57203,67706,55105,0.01453824679972023
HEM_PA97.nii.gz,8,right kidney,1,right_kidney,0.9632856818698082,0.9291717737701244,33025,33080,31839,0.008393363994209405
HEM_PA97.nii.gz,9,right renal parenchyma,1,right_kidney,0.9642510906447463,0.9309699309701329,32936,33080,31828,0.008370744481855593
HEM_PA97.nii.gz,10,right-sided reniform retroperitoneal organ,1,right_kidney,0.9580308668334685,0.9194426555824616,32492,33080,31410,0.008257901071910734
HEM_PA97.nii.gz,11,right renal cortex with central renal sinus,1,right_kidney,0.9486211095867975,0.9022637968450464,31791,33080,30769,0.00807974064314644
HEM_PA97.nii.gz,12,right renal fossa,1,right_kidney,0.9613455116573987,0.9255681484528582,32501,33080,31523,0.008260188438328535
HEM_PA97.nii.gz,13,right posterior pararenal region,1,right_kidney,3.0229746070041626e-12,3.0229746070041626e-12,0,33080,0,0.0
HEM_PA97.nii.gz,14,caudal to the right hepatic lobe,1,right_kidney,3.0229746070041626e-12,3.0229746070041626e-12,0,33080,0,0.0
HEM_PA97.nii.gz,15,right kidney is positioned in the right posterior retroperitoneum adjacent to the psoas muscle,1,right_kidney,0.5397920945111685,0.36966797158367504,14153,33080,12748,0.0035970107679044877
HEM_PA97.nii.gz,16,left kidney,2,left_kidney,0.9614118146917932,0.9256910759162945,32129,33772,31679,0.008165643959726085
HEM_PA97.nii.gz,17,left renal parenchyma,2,left_kidney,0.9631066783885119,0.9288387323122184,32202,33772,31770,0.008184197042892695
HEM_PA97.nii.gz,18,left-sided bean-shaped retroperitoneal organ,2,left_kidney,0.9165240479200324,0.8459108355481373,28749,33772,28651,0.0073066107939296345
HEM_PA97.nii.gz,19,left renal cortex surrounding the collecting sinus,2,left_kidney,0.921894355684144,0.8551057686646187,29194,33772,29024,0.007419708355698694
HEM_PA97.nii.gz,20,left renal fossa,2,left_kidney,0.952719187177739,0.909707478179082,30990,33772,30850,0.007876165031962134
HEM_PA97.nii.gz,21,left posterior pararenal region,2,left_kidney,0.07121848139846591,0.036924079121648336,1247,33772,1247,0.00031692732477756633
HEM_PA97.nii.gz,22,posteroinferior to the spleen,2,left_kidney,2.783344466703453e-12,2.783344466703453e-12,2156,33772,0,0.0005479513329754875
HEM_PA97.nii.gz,23,left kidney is positioned in the left posterior retroperitoneum near the splenic hilum,2,left_kidney,0.7427408161381647,0.5907618935480724,20263,33772,20067,0.005149878413767303
HEM_PA97.nii.gz,24,gallbladder,3,gallbladder,0.8484500574067313,0.7367896311110537,5207,5245,4434,0.0013233685486100945
HEM_PA97.nii.gz,25,cystic biliary reservoir,3,gallbladder,0.813370473539461,0.6854460093949456,4807,5245,4088,0.0012217078189300412
HEM_PA97.nii.gz,26,thin-walled pear-shaped fluid structure,3,gallbladder,1.906577693004641e-11,1.906577693004641e-11,0,5245,0,0.0
HEM_PA97.nii.gz,27,hypodense intraluminal bile-containing sac,3,gallbladder,0.6830304460740731,0.5186379928401678,3229,5245,2894,0.0008206562403422307
HEM_PA97.nii.gz,28,gallbladder fossa,3,gallbladder,0.83422038241835,0.7155901251316268,4901,5245,4232,0.0012455980904048536
HEM_PA97.nii.gz,29,inferior hepatic surface,3,gallbladder,0.08021458931286035,0.04178310183381094,96158,5245,4067,0.024438731111436424
HEM_PA97.nii.gz,30,adjacent to hepatic segment IVb and segment V,3,gallbladder,0.5437788018464559,0.37341772152490627,9294,5245,3953,0.0023620870541160395
HEM_PA97.nii.gz,31,gallbladder lies along the undersurface of the liver near the porta hepatis,3,gallbladder,0.8565101042737242,0.7490316333158645,5592,5245,4641,0.001421217000927146
HEM_PA97.nii.gz,32,liver,4,liver,0.9365510621596358,0.8806732780810271,238611,253123,230267,0.060643420924218025
HEM_PA97.nii.gz,33,hepatic parenchyma,4,liver,0.9396952510771001,0.8862501578265147,239873,253123,231633,0.06096416052635859
HEM_PA97.nii.gz,34,large right-dominant solid visceral organ,4,liver,3.950648498949542e-13,3.950648498949542e-13,0,253123,0,0.0
HEM_PA97.nii.gz,35,homogeneous hepatic attenuation structure,4,liver,0.9346750895735308,0.8773615264467897,225255,253123,223564,0.057248969160201044
HEM_PA97.nii.gz,36,right hypochondrial region,4,liver,3.9506328913876396e-13,3.9506328913876396e-13,1,253123,0,2.541518242001334e-07
HEM_PA97.nii.gz,37,right subdiaphragmatic compartment,4,liver,3.950648498949542e-13,3.950648498949542e-13,0,253123,0,0.0
HEM_PA97.nii.gz,38,cranial to the gallbladder and right kidney,4,liver,3.950648498949542e-13,3.950648498949542e-13,0,253123,0,0.0
HEM_PA97.nii.gz,39,liver occupies the right upper abdomen and extends into the epigastrium,4,liver,0.6977687319448855,0.5358255089260159,142885,253123,138161,0.03631448340083606
HEM_PA97.nii.gz,40,stomach,5,stomach,0.7710905451739539,0.6274592014460831,19816,30645,19455,0.0050362725483498435
HEM_PA97.nii.gz,41,gastric lumen,5,stomach,0.7082920661685633,0.5483376292879104,16810,30645,16806,0.004272292164804242
HEM_PA97.nii.gz,42,hollow foregut organ with variable distension,5,stomach,0.6004155915338059,0.428995627489953,13148,30645,13147,0.0033415881845833537
HEM_PA97.nii.gz,43,air-fluid containing gastric cavity,5,stomach,0.7285504031845763,0.5730076953189872,17596,30645,17573,0.004472055498625547
HEM_PA97.nii.gz,44,epigastric region,5,stomach,0.6244585587009348,0.45397291564870623,13912,30645,13912,0.0035357601782722557
HEM_PA97.nii.gz,45,left upper intraperitoneal space,5,stomach,3.263175069331822e-12,3.263175069331822e-12,0,30645,0,0.0
HEM_PA97.nii.gz,46,medial to the spleen and ventral to the pancreas,5,stomach,3.1703760065843304e-12,3.1703760065843304e-12,897,30645,0,0.00022797418630751963
HEM_PA97.nii.gz,47,stomach is seen below the left hemidiaphragm anterior to the pancreatic body,5,stomach,0.05304955527619743,0.027247511832183886,835,30645,835,0.00021221677320711136
HEM_PA97.nii.gz,48,aorta,6,aorta,0.9138160560287445,0.8413087498684715,9300,7977,7894,0.0023636119650612404
HEM_PA97.nii.gz,49,abdominal aorta,6,aorta,0.8388144539190769,0.722377622380858,6801,7977,6198,0.001728486556385107
HEM_PA97.nii.gz,50,thick-walled pulsatile arterial lumen,6,aorta,0.9290809903487256,0.867554858935652,8704,7977,7749,0.002212137477837961
HEM_PA97.nii.gz,51,round prevertebral arterial structure,6,aorta,1.2536041118057715e-11,1.2536041118057715e-11,0,7977,0,0.0
HEM_PA97.nii.gz,52,left para-aortic compartment,6,aorta,1.2536041118057715e-11,1.2536041118057715e-11,0,7977,0,0.0
HEM_PA97.nii.gz,53,anterior vertebral body margin,6,aorta,1.2536041118057715e-11,1.2536041118057715e-11,0,7977,0,0.0
HEM_PA97.nii.gz,54,left of the inferior vena cava,6,aorta,1.1551345731644317e-11,1.1551345731644317e-11,680,7977,0,0.0001728232404560907
HEM_PA97.nii.gz,55,abdominal aorta descends anterior to the spine on the left side of midline,6,aorta,1.2536041118057715e-11,1.2536041118057715e-11,0,7977,0,0.0
HEM_PA97.nii.gz,56,inferior vena cava,7,inferior_vena_cava,0.6467185761997027,0.4778891994167698,5688,3302,2907,0.0014456155760503586
HEM_PA97.nii.gz,57,IVC,7,inferior_vena_cava,0.6646802658759491,0.4977686234209102,5424,3302,2900,0.0013785194944615235
HEM_PA97.nii.gz,58,thin-walled right-sided venous channel,7,inferior_vena_cava,0.5521251002495564,0.38133481031898825,1686,3302,1377,0.0004284999756014249
HEM_PA97.nii.gz,59,oval paracaval vascular lumen,7,inferior_vena_cava,3.028467595305013e-11,3.028467595305013e-11,0,3302,0,0.0
HEM_PA97.nii.gz,60,right paracaval compartment,7,inferior_vena_cava,3.028467595305013e-11,3.028467595305013e-11,0,3302,0,0.0
HEM_PA97.nii.gz,61,retrohepatic caval segment,7,inferior_vena_cava,0.20113105485121388,0.11180973211832124,765,3302,409,0.00019442614551310204
HEM_PA97.nii.gz,62,right of the abdominal aorta,7,inferior_vena_cava,3.028467595305013e-11,3.028467595305013e-11,0,3302,0,0.0
HEM_PA97.nii.gz,63,inferior vena cava courses along the right anterolateral aspect of the vertebral column,7,inferior_vena_cava,0.3581945450311805,0.21817112616235898,841,3302,742,0.00021374168415231218
HEM_PA97.nii.gz,64,duodenum,8,duodenum,0.49044510386059087,0.3248938512397791,5469,11381,4132,0.0013899563265505294
HEM_PA97.nii.gz,65,duodenal C-loop,8,duodenum,0.4255679229354581,0.2702993219838738,3982,11381,3269,0.0010120325639649311
HEM_PA97.nii.gz,66,C-shaped proximal small bowel segment,8,duodenum,0.3810551882378825,0.23537256210005522,3441,11381,2824,0.000874536427072659
HEM_PA97.nii.gz,67,retroperitoneal enteric loop encircling the pancreatic head,8,duodenum,8.786574114675453e-12,8.786574114675453e-12,0,11381,0,0.0
HEM_PA97.nii.gz,68,right anterior pararenal compartment,8,duodenum,8.276775368247998e-12,8.276775368247998e-12,701,11381,0,0.0001781604287642935
HEM_PA97.nii.gz,69,peripancreatic duodenal groove,8,duodenum,0.047018447026623604,0.02407521308299732,274,11381,274,6.963759983083654e-05
HEM_PA97.nii.gz,70,between the pancreatic head and right renal hilum,8,duodenum,8.054772452613331e-12,8.054772452613331e-12,1034,11381,0,0.0002627929862229379
HEM_PA97.nii.gz,71,duodenum curves around the pancreatic head in the right upper abdomen,8,duodenum,0.2789096126307108,0.16205401801298722,2559,11381,1944,0.0006503745181281413
HEM_PA97.nii.gz,72,pancreas,9,pancreas,0.8439971895472813,0.7300996000324285,19258,24863,18619,0.004894455830446168
HEM_PA97.nii.gz,73,pancreatic parenchyma,9,pancreas,0.8443780554050236,0.7306698002360726,19321,24863,18654,0.004910467395370777
HEM_PA97.nii.gz,74,lobulated transverse retroperitoneal gland,9,pancreas,4.0220407834773675e-12,4.0220407834773675e-12,0,24863,0,0.0
HEM_PA97.nii.gz,75,elongated soft-tissue organ across the epigastrium,9,pancreas,2.3061135069014915e-12,2.3061135069014915e-12,18500,24863,0,0.004701808747702468
HEM_PA97.nii.gz,76,anterior pararenal compartment,9,pancreas,3.991219317485567e-12,3.991219317485567e-12,192,24863,0,4.8797150246425606e-05
HEM_PA97.nii.gz,77,retrogastric pancreatic bed,9,pancreas,0.4363827225309939,0.2790853803045609,7526,24863,7067,0.0019127466289302038
HEM_PA97.nii.gz,78,from the duodenal C-loop toward the splenic hilum,9,pancreas,0.0021076401994651575,0.0010549318099575958,1707,24863,28,0.0004338371639096277
HEM_PA97.nii.gz,79,pancreas lies posterior to the stomach and extends transversely toward the spleen,9,pancreas,0.5542306810377372,0.38334655035930476,10025,24863,9668,0.002547872037606337
HEM_PA97.nii.gz,80,esophagus,10,esophagus,0.5374269005983209,0.36745301881777476,1210,2210,919,0.00030752370728216136
HEM_PA97.nii.gz,81,distal thoracic esophagus,10,esophagus,4.5248868776233083e-11,4.5248868776233083e-11,0,2210,0,0.0
HEM_PA97.nii.gz,82,small collapsed tubular foregut lumen,10,esophagus,4.5248868776233083e-11,4.5248868776233083e-11,0,2210,0,0.0
HEM_PA97.nii.gz,83,thin-walled structure at the esophageal hiatus,10,esophagus,0.1334459459825403,0.07149321271169715,158,2210,158,4.0155988223621076e-05
HEM_PA97.nii.gz,84,posterior mediastinal compartment,10,esophagus,2.79329608930745e-11,2.79329608930745e-11,1370,2210,0,0.00034818799915418275
HEM_PA97.nii.gz,85,gastroesophageal junction region,10,esophagus,4.5248868776233083e-11,4.5248868776233083e-11,0,2210,0,0.0
HEM_PA97.nii.gz,86,posterior to the left atrium and anterior to the vertebral column,10,esophagus,4.5248868776233083e-11,4.5248868776233083e-11,0,2210,0,0.0
HEM_PA97.nii.gz,87,distal esophagus enters the abdomen through the diaphragmatic hiatus above the stomach,10,esophagus,4.5248868776233083e-11,4.5248868776233083e-11,0,2210,0,0.0
HEM_PA99.nii.gz,0,spleen,0,spleen,0.9616034287155406,0.9260464212879332,38955,40375,38142,0.005914575043362922
HEM_PA99.nii.gz,1,splenic parenchyma,0,spleen,0.9619964116784036,0.9267756128223015,39328,40375,38337,0.0059712079914100115
HEM_PA99.nii.gz,2,homogeneous left upper quadrant solid organ,0,spleen,2.4767801857523794e-12,2.4767801857523794e-12,0,40375,0,0.0
HEM_PA99.nii.gz,3,crescentic organ with smooth lateral convexity,0,spleen,2.4767801857523794e-12,2.4767801857523794e-12,0,40375,0,0.0
HEM_PA99.nii.gz,4,left hypochondrial region,0,spleen,2.4767801857523794e-12,2.4767801857523794e-12,0,40375,0,0.0
HEM_PA99.nii.gz,5,left subphrenic compartment,0,spleen,2.4767801857523794e-12,2.4767801857523794e-12,0,40375,0,0.0
HEM_PA99.nii.gz,6,posterolateral to the gastric fundus,0,spleen,1.1862959096502961e-12,1.1862959096502961e-12,43921,40375,0,0.006668567590284762
HEM_PA99.nii.gz,7,spleen lies beneath the left hemidiaphragm along the left lateral abdominal wall,0,spleen,0.957945409051126,0.9192852441434405,38356,40375,37710,0.005823628298375773
HEM_PA99.nii.gz,8,right kidney,1,right_kidney,0.934126304117819,0.876394930963031,37801,41563,37068,0.005739362115624742
HEM_PA99.nii.gz,9,right renal parenchyma,1,right_kidney,0.9297396210591415,0.8687041390613647,37130,41563,36582,0.005637483541523946
HEM_PA99.nii.gz,10,right-sided reniform retroperitoneal organ,1,right_kidney,0.9150250611960536,0.8433605500648347,35648,41563,35325,0.005412470058934705
HEM_PA99.nii.gz,11,right renal cortex with central renal sinus,1,right_kidney,0.8805313874077749,0.7865619254559668,33260,41563,32942,0.0050498977266654034
HEM_PA99.nii.gz,12,right renal fossa,1,right_kidney,0.9180438273844506,0.8485037107975856,35649,41563,35442,0.0054126218898946175
HEM_PA99.nii.gz,13,right posterior pararenal region,1,right_kidney,2.4059860933945913e-12,2.4059860933945913e-12,0,41563,0,0.0
HEM_PA99.nii.gz,14,caudal to the right hepatic lobe,1,right_kidney,2.4059860933945913e-12,2.4059860933945913e-12,0,41563,0,0.0
HEM_PA99.nii.gz,15,right kidney is positioned in the right posterior retroperitoneum adjacent to the psoas muscle,1,right_kidney,0.8139161063978112,0.686221363251423,29980,41563,29115,0.004551892178154804
HEM_PA99.nii.gz,16,left kidney,2,left_kidney,0.9536225635043009,0.9113561992487909,39006,39847,37598,0.005922318422318423
HEM_PA99.nii.gz,17,left renal parenchyma,2,left_kidney,0.9546308244644053,0.9131997066733972,38422,39847,37359,0.00583364914172995
HEM_PA99.nii.gz,18,left-sided bean-shaped retroperitoneal organ,2,left_kidney,0.7614610510626142,0.6148058982856485,24545,39847,24516,0.0037266909110343456
HEM_PA99.nii.gz,19,left renal cortex surrounding the collecting sinus,2,left_kidney,0.914446152817816,0.8423775155803572,34948,39847,34198,0.005306188386996468
HEM_PA99.nii.gz,20,left renal fossa,2,left_kidney,0.9315785279822418,0.8719204474832271,35451,39847,35073,0.005382559359832087
HEM_PA99.nii.gz,21,left posterior pararenal region,2,left_kidney,2.5095992169987462e-12,2.5095992169987462e-12,0,39847,0,0.0
HEM_PA99.nii.gz,22,posteroinferior to the spleen,2,left_kidney,2.4200769584414215e-12,2.4200769584414215e-12,1474,39847,0,0.00022379883490994602
HEM_PA99.nii.gz,23,left kidney is positioned in the left posterior retroperitoneum near the splenic hilum,2,left_kidney,0.6074074074080933,0.4361702127673721,17393,39847,17384,0.0026407958857453807
HEM_PA99.nii.gz,24,gallbladder,3,gallbladder,0.8407111569191409,0.7251955903296123,8160,11245,8157,0.0012389406328800268
HEM_PA99.nii.gz,25,cystic biliary reservoir,3,gallbladder,0.839411916431058,0.7232642901615853,8140,11245,8136,0.0012359040136817915
HEM_PA99.nii.gz,26,thin-walled pear-shaped fluid structure,3,gallbladder,8.892841262704376e-12,8.892841262704376e-12,0,11245,0,0.0
HEM_PA99.nii.gz,27,hypodense intraluminal bile-containing sac,3,gallbladder,0.8049946865047556,0.6736327256587493,7575,11245,7575,0.0011501195213316426
HEM_PA99.nii.gz,28,gallbladder fossa,3,gallbladder,0.8364633452333982,0.7188972876859145,8084,11245,8084,0.0012274014799267324
HEM_PA99.nii.gz,29,inferior hepatic surface,3,gallbladder,0.007439033379823074,0.003733403145503848,165122,11245,656,0.025070631762550956
HEM_PA99.nii.gz,30,adjacent to hepatic segment IVb and segment V,3,gallbladder,0.018362335865173683,0.009266242867098016,7489,11245,172,0.0011370620587792305
HEM_PA99.nii.gz,31,gallbladder lies along the undersurface of the liver near the porta hepatis,3,gallbladder,0.8236400689772502,0.7001599147148173,7892,11245,7881,0.001198249935623673
HEM_PA99.nii.gz,32,liver,4,liver,0.9746426236534832,0.9505394374069546,409556,421011,404753,0.06218328061762405
HEM_PA99.nii.gz,33,hepatic parenchyma,4,liver,0.9753040665745794,0.9517985138423208,410057,421011,405272,0.06225934792853985
HEM_PA99.nii.gz,34,large right-dominant solid visceral organ,4,liver,2.3752348513453626e-13,2.3752348513453626e-13,0,421011,0,0.0
HEM_PA99.nii.gz,35,homogeneous hepatic attenuation structure,4,liver,0.9448551306365032,0.895474316438167,379952,421011,378397,0.05768847688039607
HEM_PA99.nii.gz,36,right hypochondrial region,4,liver,2.3752348513453626e-13,2.3752348513453626e-13,0,421011,0,0.0
HEM_PA99.nii.gz,37,right subdiaphragmatic compartment,4,liver,2.3752348513453626e-13,2.3752348513453626e-13,0,421011,0,0.0
HEM_PA99.nii.gz,38,cranial to the gallbladder and right kidney,4,liver,2.3752348513453626e-13,2.3752348513453626e-13,0,421011,0,0.0
HEM_PA99.nii.gz,39,liver occupies the right upper abdomen and extends into the epigastrium,4,liver,0.726645951844124,0.5706550765645639,240673,421011,240405,0.03654161261484494
HEM_PA99.nii.gz,40,stomach,5,stomach,0.9392989896042208,0.8855454839755819,56302,60187,54709,0.008548386704952362
HEM_PA99.nii.gz,41,gastric lumen,5,stomach,0.9185162744696933,0.8493112312156451,52044,60187,51543,0.007901890477648053
HEM_PA99.nii.gz,42,hollow foregut organ with variable distension,5,stomach,0.7618969275698578,0.6153743937286303,37065,60187,37048,0.005627614529129681
HEM_PA99.nii.gz,43,air-fluid containing gastric cavity,5,stomach,0.918584904821674,0.8494285949192643,52286,60187,51658,0.007938633569946701
HEM_PA99.nii.gz,44,epigastric region,5,stomach,0.7021391296850583,0.5409972253151993,32561,60187,32561,0.0049437678856870775
HEM_PA99.nii.gz,45,left upper intraperitoneal space,5,stomach,1.6614883612712687e-12,1.6614883612712687e-12,0,60187,0,0.0
HEM_PA99.nii.gz,46,medial to the spleen and ventral to the pancreas,5,stomach,1.6614331522343593e-12,1.6614331522343593e-12,2,60187,0,3.0366191982353597e-07
HEM_PA99.nii.gz,47,stomach is seen below the left hemidiaphragm anterior to the pancreatic body,5,stomach,0.004608294932525597,0.0023094688238285517,139,60187,139,2.110450342773575e-05
HEM_PA99.nii.gz,48,aorta,6,aorta,0.9408197353207226,0.8882527051293695,19046,19869,18306,0.0028917724624795333
HEM_PA99.nii.gz,49,abdominal aorta,6,aorta,0.9048368709627468,0.8262119559838098,16973,19869,16668,0.002577026882582438
HEM_PA99.nii.gz,50,thick-walled pulsatile arterial lumen,6,aorta,0.9147566592153983,0.8429046508172785,17260,19869,16982,0.0026206023680771157
HEM_PA99.nii.gz,51,round prevertebral arterial structure,6,aorta,5.0329659267953444e-12,5.0329659267953444e-12,0,19869,0,0.0
HEM_PA99.nii.gz,52,left para-aortic compartment,6,aorta,5.0329659267953444e-12,5.0329659267953444e-12,0,19869,0,0.0
HEM_PA99.nii.gz,53,anterior vertebral body margin,6,aorta,5.0329659267953444e-12,5.0329659267953444e-12,0,19869,0,0.0
HEM_PA99.nii.gz,54,left of the inferior vena cava,6,aorta,5.0329659267953444e-12,5.0329659267953444e-12,0,19869,0,0.0
HEM_PA99.nii.gz,55,abdominal aorta descends anterior to the spine on the left side of midline,6,aorta,5.0329659267953444e-12,5.0329659267953444e-12,0,19869,0,0.0
HEM_PA99.nii.gz,56,inferior vena cava,7,inferior_vena_cava,0.5459101984020472,0.37543086940467796,8155,6210,3921,0.0012381814780804679
HEM_PA99.nii.gz,57,IVC,7,inferior_vena_cava,0.5490417136446657,0.37839937840541565,7982,6210,3896,0.001211914722015732
HEM_PA99.nii.gz,58,thin-walled right-sided venous channel,7,inferior_vena_cava,0.312319114139772,0.18505815688659324,1737,6210,1241,0.000263730377366741
HEM_PA99.nii.gz,59,oval paracaval vascular lumen,7,inferior_vena_cava,1.610305958106114e-11,1.610305958106114e-11,0,6210,0,0.0
HEM_PA99.nii.gz,60,right paracaval compartment,7,inferior_vena_cava,1.610305958106114e-11,1.610305958106114e-11,0,6210,0,0.0
HEM_PA99.nii.gz,61,retrohepatic caval segment,7,inferior_vena_cava,0.018178918848378585,0.009172835548613248,61,6210,57,9.261688554617848e-06
HEM_PA99.nii.gz,62,right of the abdominal aorta,7,inferior_vena_cava,1.610305958106114e-11,1.610305958106114e-11,0,6210,0,0.0
HEM_PA99.nii.gz,63,inferior vena cava courses along the right anterolateral aspect of the vertebral column,7,inferior_vena_cava,1.610305958106114e-11,1.610305958106114e-11,0,6210,0,0.0
HEM_PA99.nii.gz,64,duodenum,8,duodenum,0.7809704241681825,0.640649283376953,4592,4909,3710,0.0006972077679148386
HEM_PA99.nii.gz,65,duodenal C-loop,8,duodenum,0.7617871576138101,0.6152311876769677,3999,4909,3393,0.0006071720086871602
HEM_PA99.nii.gz,66,C-shaped proximal small bowel segment,8,duodenum,0.7019647869392451,0.540790249665013,2929,4909,2751,0.00044471288158156843
HEM_PA99.nii.gz,67,retroperitoneal enteric loop encircling the pancreatic head,8,duodenum,2.037074760602219e-11,2.037074760602219e-11,0,4909,0,0.0
HEM_PA99.nii.gz,68,right anterior pararenal compartment,8,duodenum,5.836689429721375e-12,5.836689429721375e-12,12224,4909,0,0.0018559816539614519
HEM_PA99.nii.gz,69,peripancreatic duodenal groove,8,duodenum,0.004471544735681473,0.0022407822570331883,11,4909,11,1.670140559029448e-06
HEM_PA99.nii.gz,70,between the pancreatic head and right renal hilum,8,duodenum,2.037074760602219e-11,2.037074760602219e-11,0,4909,0,0.0
HEM_PA99.nii.gz,71,duodenum curves around the pancreatic head in the right upper abdomen,8,duodenum,0.6093662366852304,0.43819318412102853,2223,4909,2173,0.00033752022388386024
HEM_PA99.nii.gz,72,pancreas,9,pancreas,0.8690192811239318,0.768376742963597,15083,18525,14603,0.0022900663683491965
HEM_PA99.nii.gz,73,pancreatic parenchyma,9,pancreas,0.8483806766785827,0.7366849960736492,14637,18525,14067,0.0022223497602285483
HEM_PA99.nii.gz,74,lobulated transverse retroperitoneal gland,9,pancreas,5.398110661239416e-12,5.398110661239416e-12,0,18525,0,0.0
HEM_PA99.nii.gz,75,elongated soft-tissue organ across the epigastrium,9,pancreas,1.3653368285937503e-12,1.3653368285937503e-12,54717,18525,0,0.008307734633492209
HEM_PA99.nii.gz,76,anterior pararenal compartment,9,pancreas,5.398110661239416e-12,5.398110661239416e-12,0,18525,0,0.0
HEM_PA99.nii.gz,77,retrogastric pancreatic bed,9,pancreas,0.5579932435073274,0.38695605342854933,7228,18525,7185,0.001097434178242259
HEM_PA99.nii.gz,78,from the duodenal C-loop toward the splenic hilum,9,pancreas,4.664179104455857e-12,4.664179104455857e-12,2915,18525,0,0.0004425872481428037
HEM_PA99.nii.gz,79,pancreas lies posterior to the stomach and extends transversely toward the spleen,9,pancreas,0.6876980494342381,0.5240394934560848,9877,18525,9766,0.0014996343910485324
HEM_PA99.nii.gz,80,esophagus,10,esophagus,0.7285248278410923,0.572976054744214,2346,3172,2010,0.0003561954319530077
HEM_PA99.nii.gz,81,distal thoracic esophagus,10,esophagus,0.0062853551537936725,0.003152585151224698,10,3172,10,1.51830959911768e-06
HEM_PA99.nii.gz,82,small collapsed tubular foregut lumen,10,esophagus,3.1525851196988464e-11,3.1525851196988464e-11,0,3172,0,0.0
HEM_PA99.nii.gz,83,thin-walled structure at the esophageal hiatus,10,esophagus,0.13685756243357247,0.07345523332050898,233,3172,233,3.537661365944194e-05
HEM_PA99.nii.gz,84,posterior mediastinal compartment,10,esophagus,2.8208744710064634e-11,2.8208744710064634e-11,373,3172,0,5.6632948047089464e-05
HEM_PA99.nii.gz,85,gastroesophageal junction region,10,esophagus,3.1525851196988464e-11,3.1525851196988464e-11,0,3172,0,0.0
HEM_PA99.nii.gz,86,posterior to the left atrium and anterior to the vertebral column,10,esophagus,3.1525851196988464e-11,3.1525851196988464e-11,0,3172,0,0.0
HEM_PA99.nii.gz,87,distal esophagus enters the abdomen through the diaphragmatic hiatus above the stomach,10,esophagus,3.1525851196988464e-11,3.1525851196988464e-11,0,3172,0,0.0
HEP_PA28.nii.gz,0,spleen,0,spleen,0.9255315459055136,0.8613854993868852,53459,61865,53368,0.0194675138434602
HEP_PA28.nii.gz,1,splenic parenchyma,0,spleen,0.9295750321684244,0.8684168065059564,53932,61865,53821,0.01963976050067333
HEP_PA28.nii.gz,2,homogeneous left upper quadrant solid organ,0,spleen,1.616422856216574e-12,1.616422856216574e-12,0,61865,0,0.0
HEP_PA28.nii.gz,3,crescentic organ with smooth lateral convexity,0,spleen,1.616422856216574e-12,1.616422856216574e-12,0,61865,0,0.0
HEP_PA28.nii.gz,4,left hypochondrial region,0,spleen,1.616422856216574e-12,1.616422856216574e-12,0,61865,0,0.0
HEP_PA28.nii.gz,5,left subphrenic compartment,0,spleen,1.616422856216574e-12,1.616422856216574e-12,0,61865,0,0.0
HEP_PA28.nii.gz,6,posterolateral to the gastric fundus,0,spleen,1.1827181227883967e-12,1.1827181227883967e-12,22686,61865,0,0.008261284705152324
HEP_PA28.nii.gz,7,spleen lies beneath the left hemidiaphragm along the left lateral abdominal wall,0,spleen,0.9149877752754594,0.8432972038705747,52248,61865,52206,0.01902651870205407
HEP_PA28.nii.gz,8,right kidney,1,right_kidney,0.9548494983278232,0.9136000000002343,35396,35168,33689,0.012889730821809558
HEP_PA28.nii.gz,9,right renal parenchyma,1,right_kidney,0.9545067302777951,0.9129726205999756,35260,35168,33612,0.012840205355887813
HEP_PA28.nii.gz,10,right-sided reniform retroperitoneal organ,1,right_kidney,0.9542764152710231,0.9125512986478845,34271,35168,33132,0.012480053254442179
HEP_PA28.nii.gz,11,right renal cortex with central renal sinus,1,right_kidney,0.9292462428418807,0.8678430840237061,33634,35168,31967,0.012248084711852828
HEP_PA28.nii.gz,12,right renal fossa,1,right_kidney,0.9532844410638327,0.9107387703616774,34509,35168,33211,0.012566722819805233
HEP_PA28.nii.gz,13,right posterior pararenal region,1,right_kidney,2.8434940855242165e-12,2.8434940855242165e-12,0,35168,0,0.0
HEP_PA28.nii.gz,14,caudal to the right hepatic lobe,1,right_kidney,2.8434940855242165e-12,2.8434940855242165e-12,0,35168,0,0.0
HEP_PA28.nii.gz,15,right kidney is positioned in the right posterior retroperitoneum adjacent to the psoas muscle,1,right_kidney,0.7310810810815243,0.5761448349318784,25512,35168,22181,0.00929039475437918
HEP_PA28.nii.gz,16,left kidney,2,left_kidney,0.9558596305628477,0.9154512731638036,34885,36954,34334,0.012703646166765354
HEP_PA28.nii.gz,17,left renal parenchyma,2,left_kidney,0.9536991773398974,0.9114961554893435,34643,36954,34141,0.01261551997005166
HEP_PA28.nii.gz,18,left-sided bean-shaped retroperitoneal organ,2,left_kidney,0.8775615219301426,0.7818348524896666,29120,36954,28992,0.010604276232656073
HEP_PA28.nii.gz,19,left renal cortex surrounding the collecting sinus,2,left_kidney,0.9261357101783696,0.8624327291229686,32606,36954,32211,0.011873730454738458
HEP_PA28.nii.gz,20,left renal fossa,2,left_kidney,0.9448812205176932,0.8955211857582956,33639,36954,33351,0.012249905501041127
HEP_PA28.nii.gz,21,left posterior pararenal region,2,left_kidney,0.07053909411546654,0.03655896520258549,1351,36954,1351,0.0004919772386785149
HEP_PA28.nii.gz,22,posteroinferior to the spleen,2,left_kidney,2.447680822414765e-12,2.447680822414765e-12,3901,36954,0,0.001420579724711241
HEP_PA28.nii.gz,23,left kidney is positioned in the left posterior retroperitoneum near the splenic hilum,2,left_kidney,0.6596918873255682,0.49219420600994584,18675,36954,18349,0.006800647618298494
HEP_PA28.nii.gz,24,gallbladder,3,gallbladder,0.8338441684149305,0.7150366579076287,13679,11117,10338,0.004981315061349671
HEP_PA28.nii.gz,25,cystic biliary reservoir,3,gallbladder,0.8574936563810367,0.7505373262662951,13317,11117,10476,0.004849489924116789
HEP_PA28.nii.gz,26,thin-walled pear-shaped fluid structure,3,gallbladder,8.995232526679902e-12,8.995232526679902e-12,0,11117,0,0.0
HEP_PA28.nii.gz,27,hypodense intraluminal bile-containing sac,3,gallbladder,0.8933622477847758,0.8072761353002703,10095,11117,9475,0.003676173371176616
HEP_PA28.nii.gz,28,gallbladder fossa,3,gallbladder,0.8214371738264896,0.696982083250242,13793,11117,10231,0.005022829054842899
HEP_PA28.nii.gz,29,inferior hepatic surface,3,gallbladder,3.46512361827899e-05,1.7325918706778483e-05,104319,11117,2,0.037988581466842336
HEP_PA28.nii.gz,30,adjacent to hepatic segment IVb and segment V,3,gallbladder,0.0008570029444119918,0.0004286851674907913,5219,11117,7,0.0019005397547469795
HEP_PA28.nii.gz,31,gallbladder lies along the undersurface of the liver near the porta hepatis,3,gallbladder,0.8105955678678558,0.681513828241037,11987,11117,9364,0.004365160000029133
HEP_PA28.nii.gz,32,liver,4,liver,0.9511321678409548,0.9068179409059676,266970,290677,265198,0.09721921792006152
HEP_PA28.nii.gz,33,hepatic parenchyma,4,liver,0.9394856580157267,0.8858773717835108,260746,290677,259027,0.09495269953846636
HEP_PA28.nii.gz,34,large right-dominant solid visceral organ,4,liver,3.440244670199761e-13,3.440244670199761e-13,0,290677,0,0.0
HEP_PA28.nii.gz,35,homogeneous hepatic attenuation structure,4,liver,0.8249783174328194,0.7020962503691605,205113,290677,204508,0.07469350655593356
HEP_PA28.nii.gz,36,right hypochondrial region,4,liver,0.005544024564212381,0.0027797176938654314,808,290677,808,0.0002942395328291932
HEP_PA28.nii.gz,37,right subdiaphragmatic compartment,4,liver,3.440244670199761e-13,3.440244670199761e-13,0,290677,0,0.0
HEP_PA28.nii.gz,38,cranial to the gallbladder and right kidney,4,liver,3.440244670199761e-13,3.440244670199761e-13,0,290677,0,0.0
HEP_PA28.nii.gz,39,liver occupies the right upper abdomen and extends into the epigastrium,4,liver,0.623876831914746,0.4533582795375368,131900,290677,131818,0.04803241878733983
HEP_PA28.nii.gz,40,stomach,5,stomach,0.7587650114625962,0.6112984394333645,42285,52809,36077,0.015398414165448559
HEP_PA28.nii.gz,41,gastric lumen,5,stomach,0.7039763027284605,0.5431816595722954,35640,52809,31133,0.012978585334198572
HEP_PA28.nii.gz,42,hollow foregut organ with variable distension,5,stomach,0.6353041500857469,0.4655280149978877,24587,52809,24585,0.008953548754543779
HEP_PA28.nii.gz,43,air-fluid containing gastric cavity,5,stomach,0.7170901952233427,0.5589560486278008,38881,52809,32875,0.014158820886054285
HEP_PA28.nii.gz,44,epigastric region,5,stomach,0.554644697310175,0.3837428044708534,20748,52809,20399,0.007555546815767452
HEP_PA28.nii.gz,45,left upper intraperitoneal space,5,stomach,1.893616618375857e-12,1.893616618375857e-12,0,52809,0,0.0
HEP_PA28.nii.gz,46,medial to the spleen and ventral to the pancreas,5,stomach,1.788013159773659e-12,1.788013159773659e-12,3119,52809,0,0.001135808295661205
HEP_PA28.nii.gz,47,stomach is seen below the left hemidiaphragm anterior to the pancreatic body,5,stomach,0.015243673501886228,0.007680375318739964,459,52809,406,0.0001671484474858907
HEP_PA28.nii.gz,48,aorta,6,aorta,0.9151759333875091,0.8436169159171674,9855,8760,8518,0.0035887754901382414
HEP_PA28.nii.gz,49,abdominal aorta,6,aorta,0.9263728963688752,0.8628441786133563,9304,8760,8367,0.003388124521587641
HEP_PA28.nii.gz,50,thick-walled pulsatile arterial lumen,6,aorta,0.9164360819041703,0.8457609805940167,9310,8760,8280,0.0033903094686136
HEP_PA28.nii.gz,51,round prevertebral arterial structure,6,aorta,1.1415525114024936e-11,1.1415525114024936e-11,0,8760,0,0.0
HEP_PA28.nii.gz,52,left para-aortic compartment,6,aorta,1.1415525114024936e-11,1.1415525114024936e-11,0,8760,0,0.0
HEP_PA28.nii.gz,53,anterior vertebral body margin,6,aorta,1.1415525114024936e-11,1.1415525114024936e-11,0,8760,0,0.0
HEP_PA28.nii.gz,54,left of the inferior vena cava,6,aorta,9.071940487988096e-12,9.071940487988096e-12,2263,8760,0,0.0008240891866243369
HEP_PA28.nii.gz,55,abdominal aorta descends anterior to the spine on the left side of midline,6,aorta,1.1415525114024936e-11,1.1415525114024936e-11,0,8760,0,0.0
HEP_PA28.nii.gz,56,inferior vena cava,7,inferior_vena_cava,0.8652128764285295,0.7624450951705487,9149,10111,8332,0.0033316800567503575
HEP_PA28.nii.gz,57,IVC,7,inferior_vena_cava,0.8671879099550444,0.7655178803060448,8946,10111,8263,0.0032577560157053993
HEP_PA28.nii.gz,58,thin-walled right-sided venous channel,7,inferior_vena_cava,0.7081983869962012,0.5482253465780333,5636,10111,5576,0.0020523935730511547
HEP_PA28.nii.gz,59,oval paracaval vascular lumen,7,inferior_vena_cava,0.5325229722919288,0.36288334484406976,3710,10111,3680,0.0013510255777182015
HEP_PA28.nii.gz,60,right paracaval compartment,7,inferior_vena_cava,9.890218573732664e-12,9.890218573732664e-12,0,10111,0,0.0
HEP_PA28.nii.gz,61,retrohepatic caval segment,7,inferior_vena_cava,0.1913790019746791,0.10581487342656433,1071,10111,1070,0.000390013044133745
HEP_PA28.nii.gz,62,right of the abdominal aorta,7,inferior_vena_cava,9.890218573732664e-12,9.890218573732664e-12,0,10111,0,0.0
HEP_PA28.nii.gz,63,inferior vena cava courses along the right anterolateral aspect of the vertebral column,7,inferior_vena_cava,0.42721617418796876,0.2716305745152612,2749,10111,2747,0.0010010698957270447
HEP_PA28.nii.gz,64,duodenum,8,duodenum,0.26052601874635367,0.14977287476768628,2131,6728,1154,0.0007760203520532312
HEP_PA28.nii.gz,65,duodenal C-loop,8,duodenum,0.22486741309104458,0.1266764042075863,1757,6728,954,0.0006398253207684314
HEP_PA28.nii.gz,66,C-shaped proximal small bowel segment,8,duodenum,0.09719995067105958,0.05108258785101669,1379,6728,394,0.0005021736581329919
HEP_PA28.nii.gz,67,retroperitoneal enteric loop encircling the pancreatic head,8,duodenum,0.0020783848129145134,0.001040273458150687,8,6728,7,2.913262701279141e-06
HEP_PA28.nii.gz,68,right anterior pararenal compartment,8,duodenum,9.794319294713081e-12,9.794319294713081e-12,3482,6728,0,0.001267997590731746
HEP_PA28.nii.gz,69,peripancreatic duodenal groove,8,duodenum,0.01520912548968691,0.007662835263665446,110,6728,52,4.005736214258819e-05
HEP_PA28.nii.gz,70,between the pancreatic head and right renal hilum,8,duodenum,1.3493455673816037e-11,1.3493455673816037e-11,683,6728,0,0.00024871980312170667
HEP_PA28.nii.gz,71,duodenum curves around the pancreatic head in the right upper abdomen,8,duodenum,0.10339840926604725,0.05451772780461917,1570,6728,429,0.0005717278051260313
HEP_PA28.nii.gz,72,pancreas,9,pancreas,0.8060711000492233,0.6751416270125759,15240,21722,14897,0.005549765445936763
HEP_PA28.nii.gz,73,pancreatic parenchyma,9,pancreas,0.8136002576217969,0.6857724496734414,15542,21722,15159,0.0056597411129100505
HEP_PA28.nii.gz,74,lobulated transverse retroperitoneal gland,9,pancreas,4.603627658573779e-12,4.603627658573779e-12,0,21722,0,0.0
HEP_PA28.nii.gz,75,elongated soft-tissue organ across the epigastrium,9,pancreas,1.6791483359611793e-12,1.6791483359611793e-12,37832,21722,0,0.013776819314349056
HEP_PA28.nii.gz,76,anterior pararenal compartment,9,pancreas,4.603627658573779e-12,4.603627658573779e-12,0,21722,0,0.0
HEP_PA28.nii.gz,77,retrogastric pancreatic bed,9,pancreas,0.4724382934320893,0.3092760779503162,7975,21722,7015,0.0029041587553376436
HEP_PA28.nii.gz,78,from the duodenal C-loop toward the splenic hilum,9,pancreas,0.06062736139592027,0.031261326571985944,1040,21722,690,0.0003787241511662883
HEP_PA28.nii.gz,79,pancreas lies posterior to the stomach and extends transversely toward the spleen,9,pancreas,0.6400362592547514,0.47062744401230616,11373,21722,10591,0.0041415670877059585
HEP_PA28.nii.gz,80,esophagus,10,esophagus,0.03694581292648451,0.01882057728747546,15,797,15,5.462367564898389e-06
HEP_PA28.nii.gz,81,distal thoracic esophagus,10,esophagus,1.254705144133663e-10,1.254705144133663e-10,0,797,0,0.0
HEP_PA28.nii.gz,82,small collapsed tubular foregut lumen,10,esophagus,1.254705144133663e-10,1.254705144133663e-10,0,797,0,0.0
HEP_PA28.nii.gz,83,thin-walled structure at the esophageal hiatus,10,esophagus,1.254705144133663e-10,1.254705144133663e-10,0,797,0,0.0
HEP_PA28.nii.gz,84,posterior mediastinal compartment,10,esophagus,4.43852640903513e-11,4.43852640903513e-11,1456,797,0,0.0005302138116328036
HEP_PA28.nii.gz,85,gastroesophageal junction region,10,esophagus,1.254705144133663e-10,1.254705144133663e-10,0,797,0,0.0
HEP_PA28.nii.gz,86,posterior to the left atrium and anterior to the vertebral column,10,esophagus,1.254705144133663e-10,1.254705144133663e-10,0,797,0,0.0
HEP_PA28.nii.gz,87,distal esophagus enters the abdomen through the diaphragmatic hiatus above the stomach,10,esophagus,1.254705144133663e-10,1.254705144133663e-10,0,797,0,0.0
ICC_PA18.nii.gz,0,spleen,0,spleen,0.8621068671779544,0.7576343000154206,346224,454396,345110,0.02328468905796356
ICC_PA18.nii.gz,1,splenic parenchyma,0,spleen,0.8666209020114229,0.7646346253865594,349718,454396,348431,0.023519671911747596
ICC_PA18.nii.gz,2,homogeneous left upper quadrant solid organ,0,spleen,2.2007235979185113e-13,2.2007235979185113e-13,0,454396,0,0.0
ICC_PA18.nii.gz,3,crescentic organ with smooth lateral convexity,0,spleen,2.2007235979185113e-13,2.2007235979185113e-13,0,454396,0,0.0
ICC_PA18.nii.gz,4,left hypochondrial region,0,spleen,2.1927372157933666e-13,2.1927372157933666e-13,1655,454396,0,0.00011130412793720161
ICC_PA18.nii.gz,5,left subphrenic compartment,0,spleen,2.2007235979185113e-13,2.2007235979185113e-13,0,454396,0,0.0
ICC_PA18.nii.gz,6,posterolateral to the gastric fundus,0,spleen,1.930043638286289e-13,1.930043638286289e-13,63727,454396,0,0.004285847831452597
ICC_PA18.nii.gz,7,spleen lies beneath the left hemidiaphragm along the left lateral abdominal wall,0,spleen,0.6811994871111007,0.5165295891635413,235032,454396,234819,0.015806665738571823
ICC_PA18.nii.gz,8,right kidney,1,right_kidney,0.9297069772207534,0.8686471437575336,109651,124597,108891,0.0073743860618985455
ICC_PA18.nii.gz,9,right renal parenchyma,1,right_kidney,0.9255412703928525,0.8614023460271163,108512,124597,107876,0.007297784610707928
ICC_PA18.nii.gz,10,right-sided reniform retroperitoneal organ,1,right_kidney,0.8497478062600015,0.7387491290037893,92498,124597,92238,0.006220791073072674
ICC_PA18.nii.gz,11,right renal cortex with central renal sinus,1,right_kidney,0.8379018644084361,0.7210250483553471,89841,124597,89839,0.006042099189127571
ICC_PA18.nii.gz,12,right renal fossa,1,right_kidney,0.9023750642414236,0.8221160387704419,103060,124597,102716,0.0069311198943854966
ICC_PA18.nii.gz,13,right posterior pararenal region,1,right_kidney,0.00483555897219967,0.002423639311909199,311,124597,302,2.0915760597262658e-05
ICC_PA18.nii.gz,14,caudal to the right hepatic lobe,1,right_kidney,7.445018538090617e-13,7.445018538090617e-13,9721,124597,0,0.0006537688384758531
ICC_PA18.nii.gz,15,right kidney is positioned in the right posterior retroperitoneum adjacent to the psoas muscle,1,right_kidney,0.616466685219043,0.4455741532446911,58670,124597,56489,0.003945748148686174
ICC_PA18.nii.gz,16,left kidney,2,left_kidney,0.919129274052819,0.8503600402790547,91167,103613,89514,0.00613127699797635
ICC_PA18.nii.gz,17,left renal parenchyma,2,left_kidney,0.9148845743192555,0.8431218953001116,89325,103613,88258,0.006007396512380987
ICC_PA18.nii.gz,18,left-sided bean-shaped retroperitoneal organ,2,left_kidney,0.8295987905046543,0.7088157323953258,73651,103613,73529,0.004953269079578752
ICC_PA18.nii.gz,19,left renal cortex surrounding the collecting sinus,2,left_kidney,0.7842101281880958,0.6450211063360693,68244,103613,67386,0.004589630759484221
ICC_PA18.nii.gz,20,left renal fossa,2,left_kidney,0.8815935516547152,0.7882586451098998,81985,103613,81811,0.0055137576609857845
ICC_PA18.nii.gz,21,left posterior pararenal region,2,left_kidney,9.651298582214924e-13,9.651298582214924e-13,0,103613,0,0.0
ICC_PA18.nii.gz,22,posteroinferior to the spleen,2,left_kidney,0.0002647553858807232,0.0001323952195868017,2145,103613,14,0.00014425822019655435
ICC_PA18.nii.gz,23,left kidney is positioned in the left posterior retroperitoneum near the splenic hilum,2,left_kidney,0.600308673177379,0.4288864706624273,44764,103613,44536,0.003010524461015645
ICC_PA18.nii.gz,24,gallbladder,3,gallbladder,0.10778899258983453,0.056964573287903296,513,4738,283,3.4500916998057056e-05
ICC_PA18.nii.gz,25,cystic biliary reservoir,3,gallbladder,2.1105951877984256e-11,2.1105951877984256e-11,0,4738,0,0.0
ICC_PA18.nii.gz,26,thin-walled pear-shaped fluid structure,3,gallbladder,2.1105951877984256e-11,2.1105951877984256e-11,0,4738,0,0.0
ICC_PA18.nii.gz,27,hypodense intraluminal bile-containing sac,3,gallbladder,2.1105951877984256e-11,2.1105951877984256e-11,0,4738,0,0.0
ICC_PA18.nii.gz,28,gallbladder fossa,3,gallbladder,2.1105951877984256e-11,2.1105951877984256e-11,0,4738,0,0.0
ICC_PA18.nii.gz,29,inferior hepatic surface,3,gallbladder,0.007137177780416013,0.0035813693251105267,420360,4738,1517,0.028270575963554118
ICC_PA18.nii.gz,30,adjacent to hepatic segment IVb and segment V,3,gallbladder,1.2708095056389527e-11,1.2708095056389527e-11,3131,4738,0,0.00021056992421231312
ICC_PA18.nii.gz,31,gallbladder lies along the undersurface of the liver near the porta hepatis,3,gallbladder,2.1105951877984256e-11,2.1105951877984256e-11,0,4738,0,0.0
ICC_PA18.nii.gz,32,liver,4,liver,0.9308125390098391,0.8705793632744546,1085824,1126759,1029750,0.07302519239473353
ICC_PA18.nii.gz,33,hepatic parenchyma,4,liver,0.9283444566937236,0.8662713149689847,1078360,1126759,1023555,0.07252321414039922
ICC_PA18.nii.gz,34,large right-dominant solid visceral organ,4,liver,0.003460581618782873,0.0017332899050283397,1953,1126759,1953,0.00013134559629084878
ICC_PA18.nii.gz,35,homogeneous hepatic attenuation structure,4,liver,0.7613454311097181,0.6146551671720977,732095,1126759,707615,0.049235767699205804
ICC_PA18.nii.gz,36,right hypochondrial region,4,liver,0.018968202899554237,0.009574910875940647,10829,1126759,10789,0.0007282854389316956
ICC_PA18.nii.gz,37,right subdiaphragmatic compartment,4,liver,8.875012314078799e-14,8.875012314078799e-14,0,1126759,0,0.0
ICC_PA18.nii.gz,38,cranial to the gallbladder and right kidney,4,liver,8.875012314078799e-14,8.875012314078799e-14,0,1126759,0,0.0
ICC_PA18.nii.gz,39,liver occupies the right upper abdomen and extends into the epigastrium,4,liver,0.749499989531475,0.5993602425086602,688203,1126759,680157,0.046283888071761904
ICC_PA18.nii.gz,40,stomach,5,stomach,0.7132941550663583,0.5543568157983124,141983,194428,119980,0.009548818125019756
ICC_PA18.nii.gz,41,gastric lumen,5,stomach,0.6586463134765147,0.49103105325170193,113206,194428,101311,0.007613471363902625
ICC_PA18.nii.gz,42,hollow foregut organ with variable distension,5,stomach,0.13385860735329286,0.07173015286043735,14225,194428,13965,0.0009566774742638627
ICC_PA18.nii.gz,43,air-fluid containing gastric cavity,5,stomach,0.6679198557764315,0.5014111640902079,117310,194428,104108,0.007889478699887082
ICC_PA18.nii.gz,44,epigastric region,5,stomach,0.38989708794622685,0.2421566255346993,51996,194428,48040,0.003496899961463888
ICC_PA18.nii.gz,45,left upper intraperitoneal space,5,stomach,5.143292118416512e-13,5.143292118416512e-13,0,194428,0,0.0
ICC_PA18.nii.gz,46,medial to the spleen and ventral to the pancreas,5,stomach,5.141256008840316e-13,5.141256008840316e-13,77,194428,0,5.178500212184002e-06
ICC_PA18.nii.gz,47,stomach is seen below the left hemidiaphragm anterior to the pancreatic body,5,stomach,0.1712853800019853,0.09366435753796157,28650,194428,19105,0.001926805598429502
ICC_PA18.nii.gz,48,aorta,6,aorta,0.9418011188745248,0.890003888373927,61328,65049,59511,0.0041245072858807855
ICC_PA18.nii.gz,49,abdominal aorta,6,aorta,0.07375040595336164,0.03828704555355544,2693,65049,2498,0.0001811130009274223
ICC_PA18.nii.gz,50,thick-walled pulsatile arterial lumen,6,aorta,0.9166983520884737,0.8462078441917642,58562,65049,56657,0.003938484797739215
ICC_PA18.nii.gz,51,round prevertebral arterial structure,6,aorta,1.5373026487701004e-12,1.5373026487701004e-12,0,65049,0,0.0
ICC_PA18.nii.gz,52,left para-aortic compartment,6,aorta,1.5373026487701004e-12,1.5373026487701004e-12,0,65049,0,0.0
ICC_PA18.nii.gz,53,anterior vertebral body margin,6,aorta,1.5373026487701004e-12,1.5373026487701004e-12,0,65049,0,0.0
ICC_PA18.nii.gz,54,left of the inferior vena cava,6,aorta,1.4735570192866899e-12,1.4735570192866899e-12,2814,65049,0,0.00018925064411799716
ICC_PA18.nii.gz,55,abdominal aorta descends anterior to the spine on the left side of midline,6,aorta,0.6242220458631383,0.4537229601526319,30715,65049,29889,0.0020656835586653458
ICC_PA18.nii.gz,56,inferior vena cava,7,inferior_vena_cava,0.724581154153611,0.5681123158202387,26346,18778,16348,0.0017718541115610354
ICC_PA18.nii.gz,57,IVC,7,inferior_vena_cava,0.7227558348300657,0.5658713146165588,25782,18778,16103,0.0017339232788380252
ICC_PA18.nii.gz,58,thin-walled right-sided venous channel,7,inferior_vena_cava,0.2937050901454597,0.17213032076269855,4463,18778,3413,0.0003001512525581455
ICC_PA18.nii.gz,59,oval paracaval vascular lumen,7,inferior_vena_cava,0.33081809268307616,0.19819175563570418,4679,18778,3880,0.00031467795445206423
ICC_PA18.nii.gz,60,right paracaval compartment,7,inferior_vena_cava,5.325380764696318e-12,5.325380764696318e-12,0,18778,0,0.0
ICC_PA18.nii.gz,61,retrohepatic caval segment,7,inferior_vena_cava,0.39360591212389107,0.24502450245402027,6120,18778,4900,0.00041158988699436486
ICC_PA18.nii.gz,62,right of the abdominal aorta,7,inferior_vena_cava,4.363763309459051e-12,4.363763309459051e-12,4138,18778,0,0.0002782939464677585
ICC_PA18.nii.gz,63,inferior vena cava courses along the right anterolateral aspect of the vertebral column,7,inferior_vena_cava,0.500245144259852,0.3335512749618591,7737,18778,6632,0.0005203383914502289
ICC_PA18.nii.gz,64,duodenum,8,duodenum,0.7373611988808597,0.5839842702661829,44819,43797,32671,0.0030142233897386336
ICC_PA18.nii.gz,65,duodenal C-loop,8,duodenum,0.7233755952313887,0.5666314951600921,40834,43797,30610,0.0027462191904457345
ICC_PA18.nii.gz,66,C-shaped proximal small bowel segment,8,duodenum,0.6910375158263596,0.5279276710999452,31238,43797,25926,0.0021008570081584915
ICC_PA18.nii.gz,67,retroperitoneal enteric loop encircling the pancreatic head,8,duodenum,2.283261410593686e-12,2.283261410593686e-12,0,43797,0,0.0
ICC_PA18.nii.gz,68,right anterior pararenal compartment,8,duodenum,2.2397921472837147e-12,2.2397921472837147e-12,850,43797,0,5.7165262082550675e-05
ICC_PA18.nii.gz,69,peripancreatic duodenal groove,8,duodenum,0.005707995272545139,0.002862166253009645,5257,43797,140,0.0003535503326681987
ICC_PA18.nii.gz,70,between the pancreatic head and right renal hilum,8,duodenum,2.2831050228258377e-12,2.2831050228258377e-12,3,43797,0,2.0175974852664945e-07
ICC_PA18.nii.gz,71,duodenum curves around the pancreatic head in the right upper abdomen,8,duodenum,0.3696735118098956,0.2267481479870156,12009,43797,10315,0.0008076442733521777
ICC_PA18.nii.gz,72,pancreas,9,pancreas,0.7830222145523216,0.643415372010772,48399,55902,40835,0.0032549900229804354
ICC_PA18.nii.gz,73,pancreatic parenchyma,9,pancreas,0.797646723917258,0.663404624734175,49483,55902,42030,0.0033278925454480646
ICC_PA18.nii.gz,74,lobulated transverse retroperitoneal gland,9,pancreas,1.7888447640481756e-12,1.7888447640481756e-12,0,55902,0,0.0
ICC_PA18.nii.gz,75,elongated soft-tissue organ across the epigastrium,9,pancreas,5.003202049309056e-13,5.003202049309056e-13,143970,55902,0,0.009682450331793907
ICC_PA18.nii.gz,76,anterior pararenal compartment,9,pancreas,1.7888447640481756e-12,1.7888447640481756e-12,0,55902,0,0.0
ICC_PA18.nii.gz,77,retrogastric pancreatic bed,9,pancreas,0.41725101347729643,0.2636242493479681,17114,55902,15233,0.001150972112095026
ICC_PA18.nii.gz,78,from the duodenal C-loop toward the splenic hilum,9,pancreas,0.00963790550678471,0.004842287508785313,18388,55902,358,0.0012366527519693433
ICC_PA18.nii.gz,79,pancreas lies posterior to the stomach and extends transversely toward the spleen,9,pancreas,0.5004303731154018,0.33371599700634935,24261,55902,20058,0.001631631086335014
ICC_PA18.nii.gz,80,esophagus,10,esophagus,0.4108237404723635,0.25851364064434923,11736,8331,4122,0.0007892841362362525
ICC_PA18.nii.gz,81,distal thoracic esophagus,10,esophagus,1.2003360940919415e-11,1.2003360940919415e-11,0,8331,0,0.0
ICC_PA18.nii.gz,82,small collapsed tubular foregut lumen,10,esophagus,1.2003360940919415e-11,1.2003360940919415e-11,0,8331,0,0.0
ICC_PA18.nii.gz,83,thin-walled structure at the esophageal hiatus,10,esophagus,0.006257822288211745,0.0031387319627208753,1257,8331,30,8.453733463266611e-05
ICC_PA18.nii.gz,84,posterior mediastinal compartment,10,esophagus,1.1807769512199693e-11,1.1807769512199693e-11,138,8331,0,9.280948432225874e-06
ICC_PA18.nii.gz,85,gastroesophageal junction region,10,esophagus,1.2003360940919415e-11,1.2003360940919415e-11,0,8331,0,0.0
ICC_PA18.nii.gz,86,posterior to the left atrium and anterior to the vertebral column,10,esophagus,1.2003360940919415e-11,1.2003360940919415e-11,0,8331,0,0.0
ICC_PA18.nii.gz,87,distal esophagus enters the abdomen through the diaphragmatic hiatus above the stomach,10,esophagus,1.153934918057305e-11,1.153934918057305e-11,335,8331,0,2.2529838585475854e-05
MET_PA13.nii.gz,0,spleen,0,spleen,0.9187619152875146,0.8497313665490026,134431,155113,133011,0.01110620369764517
MET_PA13.nii.gz,1,splenic parenchyma,0,spleen,0.9228705659001909,0.8567870644733724,135645,155113,134166,0.011206499993060223
MET_PA13.nii.gz,2,homogeneous left upper quadrant solid organ,0,spleen,6.446912895755708e-13,6.446912895755708e-13,0,155113,0,0.0
MET_PA13.nii.gz,3,crescentic organ with smooth lateral convexity,0,spleen,6.446912895755708e-13,6.446912895755708e-13,0,155113,0,0.0
MET_PA13.nii.gz,4,left hypochondrial region,0,spleen,6.446912895755708e-13,6.446912895755708e-13,0,155113,0,0.0
MET_PA13.nii.gz,5,left subphrenic compartment,0,spleen,6.446912895755708e-13,6.446912895755708e-13,0,155113,0,0.0
MET_PA13.nii.gz,6,posterolateral to the gastric fundus,0,spleen,4.437305313227413e-13,4.437305313227413e-13,70249,155113,0,0.005803718662777748
MET_PA13.nii.gz,7,spleen lies beneath the left hemidiaphragm along the left lateral abdominal wall,0,spleen,0.8992688269134128,0.8169740704188615,128404,155113,127479,0.010608274725267462
MET_PA13.nii.gz,8,right kidney,1,right_kidney,0.9298030637914783,0.8688149183884054,122650,139313,121787,0.010132900026899896
MET_PA13.nii.gz,9,right renal parenchyma,1,right_kidney,0.927197486397453,0.8642760197157909,121667,139313,120990,0.01005168811718573
MET_PA13.nii.gz,10,right-sided reniform retroperitoneal organ,1,right_kidney,0.8519187935130937,0.7420370516472835,103574,139313,103460,0.008556909803392824
MET_PA13.nii.gz,11,right renal cortex with central renal sinus,1,right_kidney,0.7816282395619913,0.6415350921143721,90039,139313,89634,0.00743869698754211
MET_PA13.nii.gz,12,right renal fossa,1,right_kidney,0.8874955127438524,0.7977455578024941,111397,139313,111252,0.009203217809185224
MET_PA13.nii.gz,13,right posterior pararenal region,1,right_kidney,7.178081011817147e-13,7.178081011817147e-13,0,139313,0,0.0
MET_PA13.nii.gz,14,caudal to the right hepatic lobe,1,right_kidney,7.154867098338528e-13,7.154867098338528e-13,452,139313,0,3.734260751862008e-05
MET_PA13.nii.gz,15,right kidney is positioned in the right posterior retroperitoneum adjacent to the psoas muscle,1,right_kidney,0.601766914672363,0.4303766811036654,61489,139313,60418,0.005079999101133695
MET_PA13.nii.gz,16,left kidney,2,left_kidney,0.9204533956979095,0.8526296058269855,166010,179913,159203,0.013715146624261328
MET_PA13.nii.gz,17,left renal parenchyma,2,left_kidney,0.9229043690415157,0.8568453371408483,166021,179913,159632,0.013716055404532797
MET_PA13.nii.gz,18,left-sided bean-shaped retroperitoneal organ,2,left_kidney,0.874513682410864,0.777009607974798,140608,179913,140150,0.011616525128270204
MET_PA13.nii.gz,19,left renal cortex surrounding the collecting sinus,2,left_kidney,0.7692823994821069,0.6250681709260641,115084,179913,113468,0.009507824432904587
MET_PA13.nii.gz,20,left renal fossa,2,left_kidney,0.9061152312384122,0.8283461449639689,152601,179913,150648,0.01260734347333837
MET_PA13.nii.gz,21,left posterior pararenal region,2,left_kidney,0.00015561866812643149,7.78153891046907e-05,14,179913,14,1.1566294364174362e-06
MET_PA13.nii.gz,22,posteroinferior to the spleen,2,left_kidney,5.522299043534756e-13,5.522299043534756e-13,1171,179913,0,9.674379071748698e-05
MET_PA13.nii.gz,23,left kidney is positioned in the left posterior retroperitoneum near the splenic hilum,2,left_kidney,0.724199879761034,0.5676436835775963,102857,179913,102391,0.008497673852970587
MET_PA13.nii.gz,24,gallbladder,3,gallbladder,0.6381908825774203,0.4686346084876065,22524,47079,22210,0.0018608515304190238
MET_PA13.nii.gz,25,cystic biliary reservoir,3,gallbladder,0.3543084493781553,0.21529456674043498,10227,47079,10152,0.0008449178033029371
MET_PA13.nii.gz,26,thin-walled pear-shaped fluid structure,3,gallbladder,2.124089296709522e-12,2.124089296709522e-12,0,47079,0,0.0
MET_PA13.nii.gz,27,hypodense intraluminal bile-containing sac,3,gallbladder,2.124089296709522e-12,2.124089296709522e-12,0,47079,0,0.0
MET_PA13.nii.gz,28,gallbladder fossa,3,gallbladder,0.5238735499210095,0.3548974750056031,16883,47079,16754,0.0013948124839311125
MET_PA13.nii.gz,29,inferior hepatic surface,3,gallbladder,0.17187380252932308,0.09401637740732022,266081,47079,26912,0.021982651219384846
MET_PA13.nii.gz,30,adjacent to hepatic segment IVb and segment V,3,gallbladder,0.15138617278432573,0.0818917237106785,5079,47079,3948,0.00041960863625458274
MET_PA13.nii.gz,31,gallbladder lies along the undersurface of the liver near the porta hepatis,3,gallbladder,0.5021117144588897,0.33521305914917277,15903,47079,15812,0.0013138484233818919
MET_PA13.nii.gz,32,liver,4,liver,0.9428497182882353,0.8918786047727815,844162,849058,798226,0.06974161559321541
MET_PA13.nii.gz,33,hepatic parenchyma,4,liver,0.9468989777032248,0.8991530324774336,835580,849058,797591,0.06903260174869152
MET_PA13.nii.gz,34,large right-dominant solid visceral organ,4,liver,1.1777758409907006e-13,1.1777758409907006e-13,0,849058,0,0.0
MET_PA13.nii.gz,35,homogeneous hepatic attenuation structure,4,liver,0.9212122434368795,0.8539327943169774,737686,849058,730864,0.060944953030930914
MET_PA13.nii.gz,36,right hypochondrial region,4,liver,0.0008427386181439691,0.0004215469360720043,553,849058,358,4.5686862738488725e-05
MET_PA13.nii.gz,37,right subdiaphragmatic compartment,4,liver,1.1777758409907006e-13,1.1777758409907006e-13,0,849058,0,0.0
MET_PA13.nii.gz,38,cranial to the gallbladder and right kidney,4,liver,1.1777758409907006e-13,1.1777758409907006e-13,0,849058,0,0.0
MET_PA13.nii.gz,39,liver occupies the right upper abdomen and extends into the epigastrium,4,liver,0.7909629025027669,0.6542089602875905,594193,849058,570779,0.0490900796223704
MET_PA13.nii.gz,40,stomach,5,stomach,0.7691953716363436,0.6249532654578225,117559,182331,115337,0.009712299993985526
MET_PA13.nii.gz,41,gastric lumen,5,stomach,0.744708078391848,0.593254895991,110710,182331,109115,0.009146460350412455
MET_PA13.nii.gz,42,hollow foregut organ with variable distension,5,stomach,0.507509571022092,0.3400420941861023,62157,182331,62040,0.00513518684852847
MET_PA13.nii.gz,43,air-fluid containing gastric cavity,5,stomach,0.7292337579596602,0.5738535804893213,104902,182331,104730,0.008666624367075848
MET_PA13.nii.gz,44,epigastric region,5,stomach,0.5434727908139617,0.37312917148861563,68044,182331,68036,0.005621549526542002
MET_PA13.nii.gz,45,left upper intraperitoneal space,5,stomach,5.484530880648115e-13,5.484530880648115e-13,0,182331,0,0.0
MET_PA13.nii.gz,46,medial to the spleen and ventral to the pancreas,5,stomach,5.484530880648115e-13,5.484530880648115e-13,0,182331,0,0.0
MET_PA13.nii.gz,47,stomach is seen below the left hemidiaphragm anterior to the pancreatic body,5,stomach,0.26399863242703236,0.1520728251478976,28261,182331,27798,0.002334821750185226
MET_PA13.nii.gz,48,aorta,6,aorta,0.8567318308038756,0.7493708421940549,41433,48238,38412,0.0034230448170774024
MET_PA13.nii.gz,49,abdominal aorta,6,aorta,0.8504628042511136,0.739830609567498,39272,48238,37212,0.0032445108019275395
MET_PA13.nii.gz,50,thick-walled pulsatile arterial lumen,6,aorta,0.7849445441288287,0.6460154064049777,47063,48238,37403,0.0038881750832938425
MET_PA13.nii.gz,51,round prevertebral arterial structure,6,aorta,2.073054438405255e-12,2.073054438405255e-12,0,48238,0,0.0
MET_PA13.nii.gz,52,left para-aortic compartment,6,aorta,2.073054438405255e-12,2.073054438405255e-12,0,48238,0,0.0
MET_PA13.nii.gz,53,anterior vertebral body margin,6,aorta,2.073054438405255e-12,2.073054438405255e-12,0,48238,0,0.0
MET_PA13.nii.gz,54,left of the inferior vena cava,6,aorta,1.6084928422042648e-12,1.6084928422042648e-12,13932,48238,0,0.00115101152201198
MET_PA13.nii.gz,55,abdominal aorta descends anterior to the spine on the left side of midline,6,aorta,0.18098865050491877,0.09949836242465175,4804,48238,4800,0.0003968891294678117
MET_PA13.nii.gz,56,inferior vena cava,7,inferior_vena_cava,0.7990497108793176,0.6653478650351713,35954,30973,26739,0.002970389625496607
MET_PA13.nii.gz,57,IVC,7,inferior_vena_cava,0.7982276960051093,0.6642087634672327,35607,30973,26573,0.002941721738751118
MET_PA13.nii.gz,58,thin-walled right-sided venous channel,7,inferior_vena_cava,0.69744045574898,0.5354384441219162,18528,30973,17262,0.0015307164427101612
MET_PA13.nii.gz,59,oval paracaval vascular lumen,7,inferior_vena_cava,0.4511338151022897,0.2912671343095075,9157,30973,9052,0.0007565182678053188
MET_PA13.nii.gz,60,right paracaval compartment,7,inferior_vena_cava,3.2286184741444848e-12,3.2286184741444848e-12,0,30973,0,0.0
MET_PA13.nii.gz,61,retrohepatic caval segment,7,inferior_vena_cava,0.6289305459579542,0.4587153073135535,15331,30973,14561,0.001266591849265408
MET_PA13.nii.gz,62,right of the abdominal aorta,7,inferior_vena_cava,2.5240414952358107e-12,2.5240414952358107e-12,8646,30973,0,0.0007143012933760824
MET_PA13.nii.gz,63,inferior vena cava courses along the right anterolateral aspect of the vertebral column,7,inferior_vena_cava,0.7146240025476795,0.5559649503063567,19280,30973,17956,0.0015928439667234407
MET_PA13.nii.gz,64,duodenum,8,duodenum,0.5711166948149048,0.39969442763008534,22766,25788,13865,0.0018808446963913823
MET_PA13.nii.gz,65,duodenal C-loop,8,duodenum,0.5562696912422679,0.38530027933139754,21822,25788,13242,0.0018028548258215208
MET_PA13.nii.gz,66,C-shaped proximal small bowel segment,8,duodenum,0.5442410759441191,0.37385384829336676,13768,25788,10764,0.001137462434328233
MET_PA13.nii.gz,67,retroperitoneal enteric loop encircling the pancreatic head,8,duodenum,3.090043878613528e-12,3.090043878613528e-12,6574,25788,0,0.0005431201367863018
MET_PA13.nii.gz,68,right anterior pararenal compartment,8,duodenum,3.764776748724626e-12,3.764776748724626e-12,774,25788,0,6.394508455622111e-05
MET_PA13.nii.gz,69,peripancreatic duodenal groove,8,duodenum,0.13012966181282537,0.06959287986892951,4136,25788,1947,0.00034170138207303686
MET_PA13.nii.gz,70,between the pancreatic head and right renal hilum,8,duodenum,3.698772007679765e-12,3.698772007679765e-12,1248,25788,0,0.00010310525261778288
MET_PA13.nii.gz,71,duodenum curves around the pancreatic head in the right upper abdomen,8,duodenum,0.49985449607260685,0.3332040090548555,15448,25788,10306,0.0012762579666983252
MET_PA13.nii.gz,72,pancreas,9,pancreas,0.718071054612051,0.5601488734581104,53606,71312,44850,0.004428734112042363
MET_PA13.nii.gz,73,pancreatic parenchyma,9,pancreas,0.6795522682956819,0.5146377641309532,45097,71312,39553,0.0037257512638655082
MET_PA13.nii.gz,74,lobulated transverse retroperitoneal gland,9,pancreas,0.05309710354746922,0.02727259980225294,1950,71312,1945,0.00016110195721528574
MET_PA13.nii.gz,75,elongated soft-tissue organ across the epigastrium,9,pancreas,5.516906560150547e-13,5.516906560150547e-13,109949,71312,0,0.009083589278904335
MET_PA13.nii.gz,76,anterior pararenal compartment,9,pancreas,0.000334448161928185,0.00016725205023113222,448,71312,12,3.701214196535796e-05
MET_PA13.nii.gz,77,retrogastric pancreatic bed,9,pancreas,0.03536999601326324,0.018003387886186665,1405,71312,1286,0.00011607602558332127
MET_PA13.nii.gz,78,from the duodenal C-loop toward the splenic hilum,9,pancreas,0.08762715245098106,0.04582116534667661,18934,71312,3954,0.001564258696366267
MET_PA13.nii.gz,79,pancreas lies posterior to the stomach and extends transversely toward the spleen,9,pancreas,0.38137281884804164,0.235614984901875,19523,71312,17321,0.0016129197490841148
MET_PA13.nii.gz,80,esophagus,10,esophagus,0.7236353761227153,0.5669503546160716,4588,6459,3997,0.00037904398959165696
MET_PA13.nii.gz,81,distal thoracic esophagus,10,esophagus,0.003708854906448635,0.001857872751171112,12,6459,12,9.913966597863737e-07
MET_PA13.nii.gz,82,small collapsed tubular foregut lumen,10,esophagus,1.5482272797406994e-11,1.5482272797406994e-11,0,6459,0,0.0
MET_PA13.nii.gz,83,thin-walled structure at the esophageal hiatus,10,esophagus,0.191009662523582,0.10558910049379797,682,6459,682,5.634437683119225e-05
MET_PA13.nii.gz,84,posterior mediastinal compartment,10,esophagus,1.5482272797406994e-11,1.5482272797406994e-11,0,6459,0,0.0
MET_PA13.nii.gz,85,gastroesophageal junction region,10,esophagus,1.5482272797406994e-11,1.5482272797406994e-11,0,6459,0,0.0
MET_PA13.nii.gz,86,posterior to the left atrium and anterior to the vertebral column,10,esophagus,1.5482272797406994e-11,1.5482272797406994e-11,0,6459,0,0.0
MET_PA13.nii.gz,87,distal esophagus enters the abdomen through the diaphragmatic hiatus above the stomach,10,esophagus,0.0687696217810021,0.03560922744951836,230,6459,230,1.9001769312572166e-05
MET_PA19.nii.gz,0,spleen,0,spleen,0.9319407887810609,0.8725553592834264,113221,124234,110647,0.0070877991645210015
MET_PA19.nii.gz,1,splenic parenchyma,0,spleen,0.9359192601918382,0.8795566212020914,114855,124234,111884,0.007190089939508215
MET_PA19.nii.gz,2,homogeneous left upper quadrant solid organ,0,spleen,8.049326271384605e-13,8.049326271384605e-13,0,124234,0,0.0
MET_PA19.nii.gz,3,crescentic organ with smooth lateral convexity,0,spleen,8.049326271384605e-13,8.049326271384605e-13,0,124234,0,0.0
MET_PA19.nii.gz,4,left hypochondrial region,0,spleen,8.043628641746397e-13,8.043628641746397e-13,88,124234,0,5.5089279062881285e-06
MET_PA19.nii.gz,5,left subphrenic compartment,0,spleen,8.049326271384605e-13,8.049326271384605e-13,0,124234,0,0.0
MET_PA19.nii.gz,6,posterolateral to the gastric fundus,0,spleen,4.78210345602388e-13,4.78210345602388e-13,84879,124234,0,0.005313548769975342
MET_PA19.nii.gz,7,spleen lies beneath the left hemidiaphragm along the left lateral abdominal wall,0,spleen,0.896148186315867,0.8118373999178677,104775,124234,102613,0.006559067288424303
MET_PA19.nii.gz,8,right kidney,1,right_kidney,0.9222050138707318,0.8556404749875194,81579,94692,81279,0.005106963973489536
MET_PA19.nii.gz,9,right renal parenchyma,1,right_kidney,0.9195619722643666,0.8511010799866572,80822,94692,80698,0.005059574673204763
MET_PA19.nii.gz,10,right-sided reniform retroperitoneal organ,1,right_kidney,0.8591737648037666,0.7531153634945369,71314,94692,71314,0.0044643600535117225
MET_PA19.nii.gz,11,right renal cortex with central renal sinus,1,right_kidney,0.7448721942040089,0.5934632240354892,56201,94692,56198,0.003518264287060217
MET_PA19.nii.gz,12,right renal fossa,1,right_kidney,0.8858166500962544,0.7950366967635091,75289,94692,75286,0.004713200831096896
MET_PA19.nii.gz,13,right posterior pararenal region,1,right_kidney,0.0012242744073865707,0.0006125121456927591,58,94692,58,3.630884301871721e-06
MET_PA19.nii.gz,14,caudal to the right hepatic lobe,1,right_kidney,1.0487566989323146e-12,1.0487566989323146e-12,659,94692,0,4.1254357843680416e-05
MET_PA19.nii.gz,15,right kidney is positioned in the right posterior retroperitoneum adjacent to the psoas muscle,1,right_kidney,0.7280880171310335,0.5724358500727552,54279,94692,54232,0.003397944293470606
MET_PA19.nii.gz,16,left kidney,2,left_kidney,0.9224202174294657,0.8560110651195948,87439,95057,84169,0.0054738084908855416
MET_PA19.nii.gz,17,left renal parenchyma,2,left_kidney,0.9221685868617117,0.8555777606970478,86001,95057,83483,0.005383787600780515
MET_PA19.nii.gz,18,left-sided bean-shaped retroperitoneal organ,2,left_kidney,0.8897306592922023,0.8013647019426058,77067,95057,76572,0.004824506215385309
MET_PA19.nii.gz,19,left renal cortex surrounding the collecting sinus,2,left_kidney,0.863386710435583,0.7596134220519252,77364,95057,74433,0.004843098847069031
MET_PA19.nii.gz,20,left renal fossa,2,left_kidney,0.9113549710220146,0.8371461282266475,81456,95057,80433,0.005099263994711429
MET_PA19.nii.gz,21,left posterior pararenal region,2,left_kidney,1.0520003787190297e-12,1.0520003787190297e-12,0,95057,0,0.0
MET_PA19.nii.gz,22,posteroinferior to the spleen,2,left_kidney,6.269985683526376e-05,3.1350911788954705e-05,637,95057,3,3.987712586710838e-05
MET_PA19.nii.gz,23,left kidney is positioned in the left posterior retroperitoneum near the splenic hilum,2,left_kidney,0.7544521562215877,0.6057191299317615,60261,95057,58590,0.0037724261881912375
MET_PA19.nii.gz,24,gallbladder,3,gallbladder,0.8205128205142498,0.695652173917153,6447,6111,5152,0.00040359157058908593
MET_PA19.nii.gz,25,cystic biliary reservoir,3,gallbladder,0.8128620602819842,0.684724186708844,5800,6111,4841,0.0003630884301871721
MET_PA19.nii.gz,26,thin-walled pear-shaped fluid structure,3,gallbladder,1.6363933889439306e-11,1.6363933889439306e-11,0,6111,0,0.0
MET_PA19.nii.gz,27,hypodense intraluminal bile-containing sac,3,gallbladder,0.7555302383010013,0.6071101617392873,4422,6111,3979,0.00027682362729097843
MET_PA19.nii.gz,28,gallbladder fossa,3,gallbladder,0.8211252207566972,0.6965330289670918,5780,6111,4882,0.00036183640111756113
MET_PA19.nii.gz,29,inferior hepatic surface,3,gallbladder,0.0004675673836031692,0.00023383835955887892,301866,6111,72,0.018897250356358773
MET_PA19.nii.gz,30,adjacent to hepatic segment IVb and segment V,3,gallbladder,1.45602795571555e-11,1.45602795571555e-11,757,6111,0,4.738930028477401e-05
MET_PA19.nii.gz,31,gallbladder lies along the undersurface of the liver near the porta hepatis,3,gallbladder,0.8080690685720732,0.6779495751542283,5935,6111,4867,0.0003715396264070459
MET_PA19.nii.gz,32,liver,4,liver,0.9434215474540425,0.8929025054228169,887852,973528,878033,0.05558082567561053
MET_PA19.nii.gz,33,hepatic parenchyma,4,liver,0.9413658542359289,0.8892268004037432,885133,973528,874840,0.05541061232359693
MET_PA19.nii.gz,34,large right-dominant solid visceral organ,4,liver,1.0271918219094851e-13,1.0271918219094851e-13,0,973528,0,0.0
MET_PA19.nii.gz,35,homogeneous hepatic attenuation structure,4,liver,0.85809320680502,0.7514564340265866,735918,973528,733432,0.046069536442497123
MET_PA19.nii.gz,36,right hypochondrial region,4,liver,0.0004066852483141657,0.00020338398084079724,198,973528,198,1.2395087789148288e-05
MET_PA19.nii.gz,37,right subdiaphragmatic compartment,4,liver,1.0271918219094851e-13,1.0271918219094851e-13,0,973528,0,0.0
MET_PA19.nii.gz,38,cranial to the gallbladder and right kidney,4,liver,0.0001966366933286704,9.832801416332095e-05,2892,973528,96,0.00018104340346574167
MET_PA19.nii.gz,39,liver occupies the right upper abdomen and extends into the epigastrium,4,liver,0.7182810808108503,0.5604045240006938,546590,973528,545936,0.034217328457932135
MET_PA19.nii.gz,40,stomach,5,stomach,0.7839939254305549,0.6447286258074314,164719,219835,150744,0.010311648815862207
MET_PA19.nii.gz,41,gastric lumen,5,stomach,0.7420134064392669,0.5898420620994939,140738,219835,133775,0.00881040335994521
MET_PA19.nii.gz,42,hollow foregut organ with variable distension,5,stomach,0.2986921659904688,0.17556620854842345,41819,219835,39077,0.002617930183102991
MET_PA19.nii.gz,43,air-fluid containing gastric cavity,5,stomach,0.7373802446948953,0.5840081636587626,141840,219835,133346,0.008879390161680774
MET_PA19.nii.gz,44,epigastric region,5,stomach,0.3276173791959754,0.19589857914139835,47312,219835,43761,0.0029617999670716356
MET_PA19.nii.gz,45,left upper intraperitoneal space,5,stomach,4.548866195098802e-13,4.548866195098802e-13,0,219835,0,0.0
MET_PA19.nii.gz,46,medial to the spleen and ventral to the pancreas,5,stomach,4.5443184658360207e-13,4.5443184658360207e-13,220,219835,0,1.3772319765720321e-05
MET_PA19.nii.gz,47,stomach is seen below the left hemidiaphragm anterior to the pancreatic body,5,stomach,0.16198310009054212,0.08812927677591025,20758,219835,19486,0.0012994809713491927
MET_PA19.nii.gz,48,aorta,6,aorta,0.932826544272381,0.8741095829041797,65302,60194,58533,0.004088000115186674
MET_PA19.nii.gz,49,abdominal aorta,6,aorta,0.7823993530005714,0.642574685656581,46143,60194,41599,0.002888618867952876
MET_PA19.nii.gz,50,thick-walled pulsatile arterial lumen,6,aorta,0.9294959072194275,0.8682787048531723,61728,60194,56663,0.0038642625204472
MET_PA19.nii.gz,51,round prevertebral arterial structure,6,aorta,1.6612951456928243e-12,1.6612951456928243e-12,0,60194,0,0.0
MET_PA19.nii.gz,52,left para-aortic compartment,6,aorta,1.6612951456928243e-12,1.6612951456928243e-12,0,60194,0,0.0
MET_PA19.nii.gz,53,anterior vertebral body margin,6,aorta,1.6612951456928243e-12,1.6612951456928243e-12,0,60194,0,0.0
MET_PA19.nii.gz,54,left of the inferior vena cava,6,aorta,1.6612951456928243e-12,1.6612951456928243e-12,0,60194,0,0.0
MET_PA19.nii.gz,55,abdominal aorta descends anterior to the spine on the left side of midline,6,aorta,0.00444223437924011,0.002226061533985271,136,60194,134,8.513797673354379e-06
MET_PA19.nii.gz,56,inferior vena cava,7,inferior_vena_cava,0.5647813411091406,0.39351588527101033,12368,21932,9686,0.0007742547766474042
MET_PA19.nii.gz,57,IVC,7,inferior_vena_cava,0.5599033531747307,0.38879567868646403,12006,21932,9501,0.0007515930504874462
MET_PA19.nii.gz,58,thin-walled right-sided venous channel,7,inferior_vena_cava,4.4363604099000204e-12,4.4363604099000204e-12,609,21932,0,3.812428516965307e-05
MET_PA19.nii.gz,59,oval paracaval vascular lumen,7,inferior_vena_cava,4.5595476928480775e-12,4.5595476928480775e-12,0,21932,0,0.0
MET_PA19.nii.gz,60,right paracaval compartment,7,inferior_vena_cava,4.5595476928480775e-12,4.5595476928480775e-12,0,21932,0,0.0
MET_PA19.nii.gz,61,retrohepatic caval segment,7,inferior_vena_cava,0.004004368406425171,0.002006200989412702,44,21932,44,2.7544639531440643e-06
MET_PA19.nii.gz,62,right of the abdominal aorta,7,inferior_vena_cava,3.6291054254994404e-12,3.6291054254994404e-12,5623,21932,0,0.0003520079729211153
MET_PA19.nii.gz,63,inferior vena cava courses along the right anterolateral aspect of the vertebral column,7,inferior_vena_cava,4.5595476928480775e-12,4.5595476928480775e-12,0,21932,0,0.0
MET_PA19.nii.gz,64,duodenum,8,duodenum,0.8058861080650714,0.6748821142678065,29945,31148,24617,0.0018746005244749773
MET_PA19.nii.gz,65,duodenal C-loop,8,duodenum,0.8014899891358382,0.6687386687396221,26839,31148,23238,0.0016801604099643986
MET_PA19.nii.gz,66,C-shaped proximal small bowel segment,8,duodenum,0.7536890324038718,0.6047359383014348,22118,31148,20073,0.0013846189480827367
MET_PA19.nii.gz,67,retroperitoneal enteric loop encircling the pancreatic head,8,duodenum,0.0002529324385840433,0.00012648221660039056,481,31148,4,3.0111299124143065e-05
MET_PA19.nii.gz,68,right anterior pararenal compartment,8,duodenum,2.8292544914335003e-12,2.8292544914335003e-12,4197,31148,0,0.0002627383002578554
MET_PA19.nii.gz,69,peripancreatic duodenal groove,8,duodenum,0.031751011831230976,0.016131603280466315,725,31148,506,4.538605377339651e-05
MET_PA19.nii.gz,70,between the pancreatic head and right renal hilum,8,duodenum,3.185322036047699e-12,3.185322036047699e-12,246,31148,0,1.539995755621454e-05
MET_PA19.nii.gz,71,duodenum curves around the pancreatic head in the right upper abdomen,8,duodenum,0.6224524029195202,0.4518554598330182,16544,31148,14843,0.0010356784463821682
MET_PA19.nii.gz,72,pancreas,9,pancreas,0.7062535053283562,0.5458979083131762,55329,58783,40296,0.00346367581962518
MET_PA19.nii.gz,73,pancreatic parenchyma,9,pancreas,0.7291512520394295,0.5737514029186676,53394,58783,40897,0.0033425420071403217
MET_PA19.nii.gz,74,lobulated transverse retroperitoneal gland,9,pancreas,0.00826740305452036,0.004150859944194493,244,58783,244,1.5274754649253447e-05
MET_PA19.nii.gz,75,elongated soft-tissue organ across the epigastrium,9,pancreas,4.985715923875603e-13,4.985715923875603e-13,141790,58783,0,0.008876260089006747
MET_PA19.nii.gz,76,anterior pararenal compartment,9,pancreas,1.70117210757923e-12,1.70117210757923e-12,0,58783,0,0.0
MET_PA19.nii.gz,77,retrogastric pancreatic bed,9,pancreas,0.3302313782569457,0.19777074138169615,16116,58783,12367,0.001008885024292494
MET_PA19.nii.gz,78,from the duodenal C-loop toward the splenic hilum,9,pancreas,0.010471612317772544,0.005263364113775826,18187,58783,403,0.0011385326344507066
MET_PA19.nii.gz,79,pancreas lies posterior to the stomach and extends transversely toward the spleen,9,pancreas,0.42267326986807796,0.26796811452860264,19159,58783,16472,0.0011993812472337983
MET_PA19.nii.gz,80,esophagus,10,esophagus,0.3916547080318837,0.2435140700172476,3272,5787,1774,0.0002048319557883495
MET_PA19.nii.gz,81,distal thoracic esophagus,10,esophagus,1.728011059240919e-11,1.728011059240919e-11,0,5787,0,0.0
MET_PA19.nii.gz,82,small collapsed tubular foregut lumen,10,esophagus,1.728011059240919e-11,1.728011059240919e-11,0,5787,0,0.0
MET_PA19.nii.gz,83,thin-walled structure at the esophageal hiatus,10,esophagus,0.04261796044237074,0.02177293936371569,126,5787,126,7.887783138548911e-06
MET_PA19.nii.gz,84,posterior mediastinal compartment,10,esophagus,1.726221301541063e-11,1.726221301541063e-11,6,5787,0,3.756087208832815e-07
MET_PA19.nii.gz,85,gastroesophageal junction region,10,esophagus,1.728011059240919e-11,1.728011059240919e-11,0,5787,0,0.0
MET_PA19.nii.gz,86,posterior to the left atrium and anterior to the vertebral column,10,esophagus,1.728011059240919e-11,1.728011059240919e-11,0,5787,0,0.0
MET_PA19.nii.gz,87,distal esophagus enters the abdomen through the diaphragmatic hiatus above the stomach,10,esophagus,1.728011059240919e-11,1.728011059240919e-11,0,5787,0,0.0
MET_PA25.nii.gz,0,spleen,0,spleen,0.9477904055320727,0.9007619874549515,183902,197005,180510,0.01159748767977408
MET_PA25.nii.gz,1,splenic parenchyma,0,spleen,0.9521478979683439,0.908666305218332,186719,197005,182681,0.011775137312697723
MET_PA25.nii.gz,2,homogeneous left upper quadrant solid organ,0,spleen,5.076013299152267e-13,5.076013299152267e-13,0,197005,0,0.0
MET_PA25.nii.gz,3,crescentic organ with smooth lateral convexity,0,spleen,5.076013299152267e-13,5.076013299152267e-13,0,197005,0,0.0
MET_PA25.nii.gz,4,left hypochondrial region,0,spleen,5.076013299152267e-13,5.076013299152267e-13,0,197005,0,0.0
MET_PA25.nii.gz,5,left subphrenic compartment,0,spleen,5.076013299152267e-13,5.076013299152267e-13,0,197005,0,0.0
MET_PA25.nii.gz,6,posterolateral to the gastric fundus,0,spleen,3.6514607668784565e-13,3.6514607668784565e-13,76858,197005,0,0.004846927755500627
MET_PA25.nii.gz,7,spleen lies beneath the left hemidiaphragm along the left lateral abdominal wall,0,spleen,0.8253073346191224,0.702572986911105,141063,197005,139505,0.008895914153037875
MET_PA25.nii.gz,8,right kidney,1,right_kidney,0.9331509007608545,0.8746793725808177,116339,124846,112531,0.007336734343167757
MET_PA25.nii.gz,9,right renal parenchyma,1,right_kidney,0.9289757074881339,0.8673712762475897,114734,124846,111282,0.007235517566155885
MET_PA25.nii.gz,10,right-sided reniform retroperitoneal organ,1,right_kidney,0.8743488824537272,0.7767494464534968,98232,124846,97524,0.0061948451336014156
MET_PA25.nii.gz,11,right renal cortex with central renal sinus,1,right_kidney,0.7923548730992154,0.6561156547145794,84333,124846,82872,0.005318326763702339
MET_PA25.nii.gz,12,right renal fossa,1,right_kidney,0.9041881812966563,0.8251308900524937,106973,124846,104804,0.006746082421988194
MET_PA25.nii.gz,13,right posterior pararenal region,1,right_kidney,0.0060531044128520235,0.0030357400325176334,379,124846,379,2.3901033325545e-05
MET_PA25.nii.gz,14,caudal to the right hepatic lobe,1,right_kidney,7.915462856684279e-13,7.915462856684279e-13,1489,124846,0,9.390142116553168e-05
MET_PA25.nii.gz,15,right kidney is positioned in the right posterior retroperitoneum adjacent to the psoas muscle,1,right_kidney,0.7184174193911372,0.5605705244917192,71441,124846,70508,0.004505313250158999
MET_PA25.nii.gz,16,left kidney,2,left_kidney,1.884232740424547e-12,1.884232740424547e-12,53062,10,0,0.0033462707924012372
MET_PA25.nii.gz,17,left renal parenchyma,2,left_kidney,3.605422735788135e-05,1.802743956298241e-05,55462,10,1,0.0034976229823255327
MET_PA25.nii.gz,18,left-sided bean-shaped retroperitoneal organ,2,left_kidney,1.1556685542452828e-11,1.1556685542452828e-11,8643,10,0,0.0005450570739648692
MET_PA25.nii.gz,19,left renal cortex surrounding the collecting sinus,2,left_kidney,1.9561815336080558e-11,1.9561815336080558e-11,5102,10,0,0.0003217495304140649
MET_PA25.nii.gz,20,left renal fossa,2,left_kidney,5.7740054275317625e-12,5.7740054275317625e-12,17309,10,0,0.001091564606416513
MET_PA25.nii.gz,21,left posterior pararenal region,2,left_kidney,9.999999900000002e-09,9.999999900000002e-09,0,10,0,0.0
MET_PA25.nii.gz,22,posteroinferior to the spleen,2,left_kidney,9.826078412009176e-12,9.826078412009176e-12,10167,10,0,0.000641165714566797
MET_PA25.nii.gz,23,left kidney is positioned in the left posterior retroperitoneum near the splenic hilum,2,left_kidney,9.288155743786883e-13,9.288155743786883e-13,107654,10,0,0.006789028605879213
MET_PA25.nii.gz,24,gallbladder,3,gallbladder,0.6663912604440173,0.4996902319852709,10816,10970,7259,0.0006820938692588251
MET_PA25.nii.gz,25,cystic biliary reservoir,3,gallbladder,0.6736673667383055,0.507917357868286,9028,10970,6736,0.0005693364877652251
MET_PA25.nii.gz,26,thin-walled pear-shaped fluid structure,3,gallbladder,9.11577028250578e-12,9.11577028250578e-12,0,10970,0,0.0
MET_PA25.nii.gz,27,hypodense intraluminal bile-containing sac,3,gallbladder,0.6309004972093125,0.46081420373510745,5321,10970,5139,0.0003355604177446569
MET_PA25.nii.gz,28,gallbladder fossa,3,gallbladder,0.676482787226895,0.5111250391765032,8318,10970,6524,0.0005245614649126209
MET_PA25.nii.gz,29,inferior hepatic surface,3,gallbladder,0.03012125767809662,0.015290919705487797,322947,10970,5029,0.02036613986645061
MET_PA25.nii.gz,30,adjacent to hepatic segment IVb and segment V,3,gallbladder,0.08947277042022413,0.04683145523417647,6309,10970,773,0.00039786706926349185
MET_PA25.nii.gz,31,gallbladder lies along the undersurface of the liver near the porta hepatis,3,gallbladder,0.7188227019438467,0.5610641891928964,7513,10970,6643,0.00047379541787551343
MET_PA25.nii.gz,32,liver,4,liver,0.9518645954338087,0.9081504081314545,889566,921658,862020,0.05609906757591495
MET_PA25.nii.gz,33,hepatic parenchyma,4,liver,0.944708325828283,0.8952106312880528,877130,921658,849665,0.055314810978457224
MET_PA25.nii.gz,34,large right-dominant solid visceral organ,4,liver,0.0008177563759509327,0.0004090454377870741,377,921658,377,2.3774906500608088e-05
MET_PA25.nii.gz,35,homogeneous hepatic attenuation structure,4,liver,0.9004854670145462,0.8189845972926946,770527,921658,761894,0.04859206201908236
MET_PA25.nii.gz,36,right hypochondrial region,4,liver,0.017619989678412867,0.008888300722756514,8422,921658,8194,0.0005311200598093404
MET_PA25.nii.gz,37,right subdiaphragmatic compartment,4,liver,1.0850011609511244e-13,1.0850011609511244e-13,0,921658,0,0.0
MET_PA25.nii.gz,38,cranial to the gallbladder and right kidney,4,liver,1.0850011609511244e-13,1.0850011609511244e-13,0,921658,0,0.0
MET_PA25.nii.gz,39,liver occupies the right upper abdomen and extends into the epigastrium,4,liver,0.7809375185192645,0.6406049980069288,597032,921658,593001,0.0376508752728675
MET_PA25.nii.gz,40,stomach,5,stomach,0.6837890944818286,0.5195133178240631,139365,227055,125277,0.008788832478666436
MET_PA25.nii.gz,41,gastric lumen,5,stomach,0.6302524750271977,0.4601230982621212,109810,227055,106155,0.006924993323161205
MET_PA25.nii.gz,42,hollow foregut organ with variable distension,5,stomach,0.277961865450068,0.1614144657272837,37010,227055,36700,0.0023339768954575737
MET_PA25.nii.gz,43,air-fluid containing gastric cavity,5,stomach,0.6017707614275333,0.4303806163015779,106135,227055,100252,0.006693235282339627
MET_PA25.nii.gz,44,epigastric region,5,stomach,0.38932179850111165,0.24171296174436266,55914,227055,55083,0.003526127644761275
MET_PA25.nii.gz,45,left upper intraperitoneal space,5,stomach,4.4042192420319284e-13,4.4042192420319284e-13,0,227055,0,0.0
MET_PA25.nii.gz,46,medial to the spleen and ventral to the pancreas,5,stomach,4.208506232795959e-13,4.208506232795959e-13,10559,227055,0,0.0006658865722544319
MET_PA25.nii.gz,47,stomach is seen below the left hemidiaphragm anterior to the pancreatic body,5,stomach,0.07916245604144098,0.041212468118822045,20335,227055,9792,0.0012823944925460624
MET_PA25.nii.gz,48,aorta,6,aorta,0.948794340285012,0.9025772754518322,55805,55296,52706,0.0035192537328022134
MET_PA25.nii.gz,49,abdominal aorta,6,aorta,0.7421929330731064,0.5900689800438979,35295,55296,33618,0.002225823143074171
MET_PA25.nii.gz,50,thick-walled pulsatile arterial lumen,6,aorta,0.9290047180409562,0.8674218586115177,51528,55296,49620,0.003249531517674625
MET_PA25.nii.gz,51,round prevertebral arterial structure,6,aorta,1.8084490740708034e-12,1.8084490740708034e-12,0,55296,0,0.0
MET_PA25.nii.gz,52,left para-aortic compartment,6,aorta,1.8084490740708034e-12,1.8084490740708034e-12,0,55296,0,0.0
MET_PA25.nii.gz,53,anterior vertebral body margin,6,aorta,1.8084490740708034e-12,1.8084490740708034e-12,0,55296,0,0.0
MET_PA25.nii.gz,54,left of the inferior vena cava,6,aorta,1.5378463998992127e-12,1.5378463998992127e-12,9730,55296,0,0.0006136070033180814
MET_PA25.nii.gz,55,abdominal aorta descends anterior to the spine on the left side of midline,6,aorta,0.1991372879719795,0.110578827938064,6370,55296,6140,0.0004017139374240677
MET_PA25.nii.gz,56,inferior vena cava,7,inferior_vena_cava,0.8495814099056225,0.7384976366180213,25838,25286,21717,0.0016294324513599784
MET_PA25.nii.gz,57,IVC,7,inferior_vena_cava,0.8492441621084069,0.7379881414852518,25717,25286,21657,0.001621801778451295
MET_PA25.nii.gz,58,thin-walled right-sided venous channel,7,inferior_vena_cava,0.7827737358222632,0.6430798930812182,18972,25286,17322,0.001196439061351556
MET_PA25.nii.gz,59,oval paracaval vascular lumen,7,inferior_vena_cava,0.40813267122830776,0.2563861094790803,6733,25286,6534,0.0004246059561501174
MET_PA25.nii.gz,60,right paracaval compartment,7,inferior_vena_cava,3.954757573345113e-12,3.954757573345113e-12,0,25286,0,0.0
MET_PA25.nii.gz,61,retrohepatic caval segment,7,inferior_vena_cava,0.36631955535882477,0.22422962615663916,6020,25286,5734,0.00037964174306010797
MET_PA25.nii.gz,62,right of the abdominal aorta,7,inferior_vena_cava,3.1124529241398346e-12,3.1124529241398346e-12,6843,25286,0,0.0004315429315216476
MET_PA25.nii.gz,63,inferior vena cava courses along the right anterolateral aspect of the vertebral column,7,inferior_vena_cava,0.7218689930511069,0.5647848218434183,15292,25286,14646,0.0009643657034676364
MET_PA25.nii.gz,64,duodenum,8,duodenum,0.7801756522192541,0.6395803245271439,34961,42237,30114,0.0022047599633097065
MET_PA25.nii.gz,65,duodenal C-loop,8,duodenum,0.7518932171073932,0.6024269937587795,31183,42237,27602,0.001966506391003878
MET_PA25.nii.gz,66,C-shaped proximal small bowel segment,8,duodenum,0.6904540283384447,0.5272468804306988,25446,42237,23366,0.0016047115936723433
MET_PA25.nii.gz,67,retroperitoneal enteric loop encircling the pancreatic head,8,duodenum,2.3674242424186377e-12,2.3674242424186377e-12,3,42237,0,1.891902374053694e-07
MET_PA25.nii.gz,68,right anterior pararenal compartment,8,duodenum,2.366247840793246e-12,2.366247840793246e-12,24,42237,0,1.5135218992429552e-06
MET_PA25.nii.gz,69,peripancreatic duodenal groove,8,duodenum,0.07536627498011267,0.039158762523182435,4654,42237,1767,0.00029349712162819643
MET_PA25.nii.gz,70,between the pancreatic head and right renal hilum,8,duodenum,2.2816984963554844e-12,2.2816984963554844e-12,1590,42237,0,0.00010027082582484579
MET_PA25.nii.gz,71,duodenum curves around the pancreatic head in the right upper abdomen,8,duodenum,0.6160659406477186,0.44515555960587355,21214,42237,19545,0.0013378272321058356
MET_PA25.nii.gz,72,pancreas,9,pancreas,0.857959122029892,0.7512507989687782,72839,86073,68170,0.004593475900789901
MET_PA25.nii.gz,73,pancreatic parenchyma,9,pancreas,0.8631824276066866,0.7592972246106305,73541,86073,68888,0.004637746416342757
MET_PA25.nii.gz,74,lobulated transverse retroperitoneal gland,9,pancreas,0.03971896102230807,0.02026187073876795,1744,86073,1744,0.00010998259134498808
MET_PA25.nii.gz,75,elongated soft-tissue organ across the epigastrium,9,pancreas,4.790740456842715e-13,4.790740456842715e-13,122663,86073,0,0.007735547363618276
MET_PA25.nii.gz,76,anterior pararenal compartment,9,pancreas,1.1618045147709946e-12,1.1618045147709946e-12,0,86073,0,0.0
MET_PA25.nii.gz,77,retrogastric pancreatic bed,9,pancreas,0.5577258883252323,0.3866989525854413,37052,86073,34335,0.0023366255587812493
MET_PA25.nii.gz,78,from the duodenal C-loop toward the splenic hilum,9,pancreas,0.023379228595766043,0.011827877625741017,23597,86073,1282,0.0014881073440181673
MET_PA25.nii.gz,79,pancreas lies posterior to the stomach and extends transversely toward the spleen,9,pancreas,0.6639813820267455,0.49698512662524347,47991,86073,44508,0.0030264762277736946
MET_PA25.nii.gz,80,esophagus,10,esophagus,0.38148962616520227,0.2357041587992001,2622,7837,1995,0.00016535226749229287
MET_PA25.nii.gz,81,distal thoracic esophagus,10,esophagus,1.2759984687855556e-11,1.2759984687855556e-11,0,7837,0,0.0
MET_PA25.nii.gz,82,small collapsed tubular foregut lumen,10,esophagus,1.2759984687855556e-11,1.2759984687855556e-11,0,7837,0,0.0
MET_PA25.nii.gz,83,thin-walled structure at the esophageal hiatus,10,esophagus,0.015359435993763573,0.007739152511954591,106,7837,61,6.684721721656385e-06
MET_PA25.nii.gz,84,posterior mediastinal compartment,10,esophagus,1.2639029322388283e-11,1.2639029322388283e-11,75,7837,0,4.729755935134235e-06
MET_PA25.nii.gz,85,gastroesophageal junction region,10,esophagus,1.2759984687855556e-11,1.2759984687855556e-11,0,7837,0,0.0
MET_PA25.nii.gz,86,posterior to the left atrium and anterior to the vertebral column,10,esophagus,1.2759984687855556e-11,1.2759984687855556e-11,0,7837,0,0.0
MET_PA25.nii.gz,87,distal esophagus enters the abdomen through the diaphragmatic hiatus above the stomach,10,esophagus,1.2759984687855556e-11,1.2759984687855556e-11,0,7837,0,0.0
